method_a,method_b
0179abf0599a146eb3659ba7eed47b5b,cba29bb1efab5a4f5cf8093764843b57
023ecff50e698d19f0ce1cdc63680041,cdc86efc1bae62cce857051e26da1152
029627d0fc5f90a61ee606f19e5de04c,09856b8d0765e997dd958d97bf7a4a14
029627d0fc5f90a61ee606f19e5de04c,112c8a6ad2a620f93656f3ff239b3131
029627d0fc5f90a61ee606f19e5de04c,1b01f5d4dce2967b2d444aebbff7462b
029627d0fc5f90a61ee606f19e5de04c,1e7f3f51b8fed8eefd7df374acbf09d6
029627d0fc5f90a61ee606f19e5de04c,1f537ba165a96dd161e065c9d26d4131
029627d0fc5f90a61ee606f19e5de04c,603990ae118957fce43a360bccb67e64
029627d0fc5f90a61ee606f19e5de04c,78a8a0495388a1f149a6ec381355c2b1
029627d0fc5f90a61ee606f19e5de04c,acee7c30b4c1330b786b237cfd2412f5
029627d0fc5f90a61ee606f19e5de04c,eef87ad93302388d516651b8b1892978
02bf3cb57f95e99299497c07cbe625af,5661cd375a4137a1cf71e0ee8a89ccb9
02dcefe838d837cc66a63b036725d62b,864eb8d28ec6b54da25d617dd748dacb
032d11a57fb0984cd0821d6fda599143,271ab44a7ef7b48af30b796dacc5a590
032d11a57fb0984cd0821d6fda599143,7b0cd68a2aee1bac64b76f6163eeb4d0
032d11a57fb0984cd0821d6fda599143,90e63290e57eb309a50b48e2eded3b2f
035235d67e32768c062118b4628a28de,f5ff47ffbf49764e7cb33957171ac52a
0357d96aefe0def264cbc081c7b30550,2b0d5edc866a68e6a63d1db53ecfbcaf
0357d96aefe0def264cbc081c7b30550,45181fe0c735e6c7cb16c54deb39a01e
0357d96aefe0def264cbc081c7b30550,824a8d639de954fc20b43d69ae1a5364
0357d96aefe0def264cbc081c7b30550,8f85dce030bab26b18fef69f32cec65d
036431f26420d9b82675e0fa6a84bc74,d32d1ce2ce225ae690950c89f97f930f
037ac1fc816f80d3bcc60848887354ce,92a25b9075275f68085c113d96518f5f
03ad08e521e4659edfdf06c930f57cb0,e0d8113e09db8805fa89dd2700671288
03ad08e521e4659edfdf06c930f57cb0,ffe9ca553eb55086233f48a64d45259d
04341c5119192e9f49d4443f5d1780de,0f1f08c9698c3104a1a28ac53ce9c9c0
04341c5119192e9f49d4443f5d1780de,32db3b900d54c1d26251e97e8e3178c0
04341c5119192e9f49d4443f5d1780de,77033b33056cd8ffc8a8396c5d3715a0
04341c5119192e9f49d4443f5d1780de,8240bd93c87fbbb7a53f2ee9e900d2db
04341c5119192e9f49d4443f5d1780de,93cebd5c988dc653d7f685c46ff0dab3
04341c5119192e9f49d4443f5d1780de,a25a44cf6a8794d2ead5b2a2ea62d5b9
04341c5119192e9f49d4443f5d1780de,eb11cc36e14d7e09ce34475968afeda9
04b9fb1b2c75a22fce5bb3a4da52bdbd,f6eb7b0c664dc6e862304cf9c33c8d48
05535ff23c4ec9e38f52aee02c8e333e,e8016f1f53b367bbd0cf7e28ba804791
05ebafaed14d587b3336d338e0a416d5,5a8154f4618cd9906a8d278161ef3278
05ebafaed14d587b3336d338e0a416d5,a302749217fc022a464f97be044d28ad
06017846059d50cc1c1736653f4a71c6,17eeff2138c7a641d84b10621ceb0e56
06017846059d50cc1c1736653f4a71c6,4469136618157e6db3da7813477a5b9d
067cbad5569f512ba9c9a1051bd6c54e,62093f960fbd788595d5073058b768d2
067cbad5569f512ba9c9a1051bd6c54e,70de9f0c108317853a9c6af48be9259f
067cbad5569f512ba9c9a1051bd6c54e,779ce58bfea1bb050f05a34a23d3e955
067cbad5569f512ba9c9a1051bd6c54e,ac6a2b4cf0688ae32b2cd6c3bafd891e
067cbad5569f512ba9c9a1051bd6c54e,fec23d57a2771f24bd3fce951ab87ded
06b60bb32156264f046d21684ae423fc,95c2d90f50767af0c2f67783d88febac
06b8a5df25bb93e1c8ec149a7d7600a7,1245fce0159df70f1841b87450b9feda
06c66129391f04d6c09c44d24e6c9bed,231edf04897455289a507f619143e6f9
0771bc6e0bcc6361fd5be71c77ee4826,d82bb25760795e157f06951043de2049
078eb280422614936d8ec8656da2c328,b442296f0580613346d54fef4f49a3a8
082108d8c4574110c58b2f80e2771883,b2e91914ed4d55ef13710decce71e925
082108d8c4574110c58b2f80e2771883,b84ed48518b0b44767f27f76f9a67f1e
08789b48836a02946340f45bb4b65cf3,e6ccabb8747c0f3aa2f221bf1ef01d59
08deab6f8f27e70038c65dcc164ad17b,a76e92686407d3e137b0272abd6fa10b
08e84288b4c9a9aea42f242114e9f792,554d6b1ef5ea53c060b96bc788efd105
0963fa96be79d341b894cd55bc58f480,15c63f16843076beaf688df7a992ac71
0963fa96be79d341b894cd55bc58f480,3819b32c9b3db64718b45acddd692572
0963fa96be79d341b894cd55bc58f480,556d6b91b0b50e2d12c92b0dc76ec28d
0963fa96be79d341b894cd55bc58f480,8c60150a38d6d5c2adcb7d79f0baeb3d
0963fa96be79d341b894cd55bc58f480,fb291e288b423d4c8bb8f3c7c03dfb9c
09856b8d0765e997dd958d97bf7a4a14,768a990c9f9a66dcb6498dd5e27969b1
09856b8d0765e997dd958d97bf7a4a14,eef87ad93302388d516651b8b1892978
09b3927cfc5b2a47014f2883c8dabe46,ccc1a08fc6662942015685e30c0e4ee2
09cc2bdc6447f4ac9f0361bdb3d2e561,5cedbd5c2bef9d0742d3b40d769d35fc
09f2996af1794f50f7c9c11fbb2818d7,0beb21df3540c18835ae6f55c4938dfc
09f2996af1794f50f7c9c11fbb2818d7,19eda20b5cfde4885f49f81d84201122
09f2996af1794f50f7c9c11fbb2818d7,1e95ee3176e96e557b3f005179005cfb
09f2996af1794f50f7c9c11fbb2818d7,37d9319639d0925793c130451dfb33f1
09f2996af1794f50f7c9c11fbb2818d7,537ef07008ec748fc63e9b43c2278d52
09f2996af1794f50f7c9c11fbb2818d7,9f82d23520476171e4c24d46749c5c3a
09f2996af1794f50f7c9c11fbb2818d7,a17755645cd1eed08536979c0c72c792
09f2996af1794f50f7c9c11fbb2818d7,f40315c29489cccaaf4ebdbe6cf741bc
09f2996af1794f50f7c9c11fbb2818d7,fcd803077fd2090becc30ebc1bc8697e
0a0a891b32a281d62583963107b79253,262bbda5597a68298edcceee2603d489
0a0a891b32a281d62583963107b79253,75eb2350104020b3fd5fe8313650779f
0a0a891b32a281d62583963107b79253,98dc47c7e98577fff4f4ec0c1d19eba6
0a45f3955e5088c574863c682910983a,f0cbeaefe5a7f34bf359642ee0b9c282
0a92283bd4436c05a495edd2173cf374,123ef2129a326c4f50093cd2cdccedad
0a92283bd4436c05a495edd2173cf374,541a8841493eb4ff0c85bb1207a098dc
0a92283bd4436c05a495edd2173cf374,8a2f77c7ff8317d52cbfa0765bec1ed2
0a92283bd4436c05a495edd2173cf374,8f3583538a1f4765400361ee838d3936
0ad0d541bf0d2bfe83ec0ad02bc11730,c8f28733ec3e8d9179591f52a0d7c8cf
0bdadd0b1a21a3b23fb9f82cba0fd5c7,1fe24a0f2da89ff5f36ed710bb981c31
0beb21df3540c18835ae6f55c4938dfc,19eda20b5cfde4885f49f81d84201122
0beb21df3540c18835ae6f55c4938dfc,37d9319639d0925793c130451dfb33f1
0beb21df3540c18835ae6f55c4938dfc,537ef07008ec748fc63e9b43c2278d52
0beb21df3540c18835ae6f55c4938dfc,9f82d23520476171e4c24d46749c5c3a
0beb21df3540c18835ae6f55c4938dfc,a17755645cd1eed08536979c0c72c792
0beb21df3540c18835ae6f55c4938dfc,dd19ffd2cfc8603ce61be8920223c1a7
0beb21df3540c18835ae6f55c4938dfc,f40315c29489cccaaf4ebdbe6cf741bc
0c0b69e639a14b03ab74c886cd3c0518,f0cbeaefe5a7f34bf359642ee0b9c282
0c77a9768a8595723670e24df9be9fc9,c8132b31dc24ae678053bc1aa8974ba6
0cf916ed4f75ba844e95211d08cac88e,7d7dd04daf7713d9c17204677f90c70d
0d4370f63f5983e77eb27d3a995e0d4b,aac21e2762dcc59b6b59530d4ffb2305
0dd7758341d84f26a28855443c55456f,39cacf07a28c74c3ec8d689a862caf77
0e397ab833ac03e782ef8a3f1b47e0b5,789d8522f093f00feb35aa0d295dab4b
0e979d68d538d9f2538dc6157bccd659,860ac493d128342da660a4e4d4926cd2
0f12274621a35850ee766ce076892b90,565c1cd1ceb699bba7931fccdc65c808
0f122c70e28d316033f7709015e54ed0,aac21e2762dcc59b6b59530d4ffb2305
0f1f08c9698c3104a1a28ac53ce9c9c0,32db3b900d54c1d26251e97e8e3178c0
0f1f08c9698c3104a1a28ac53ce9c9c0,77033b33056cd8ffc8a8396c5d3715a0
0f3301fb2ea2920d04c8e275afba72c3,5744ba9d78a68d6d6a342427fe9d6e68
0f3301fb2ea2920d04c8e275afba72c3,edb180982059f2efdfbffa7886a0741e
0ff7da8baff1c9256c60393f6d105979,9f584bbe41c8e09bc71924ac0ffe168f
106dbc6f2d318c966ebecc05629ff420,af5f28725d0c9cf55db03e8a5158d2c5
106fac5ac55f32cceae79d507b76c6e3,6df29376b295fab2a4928d73a52ec9f5
107bd80b824a3fac747f7ea6067cd880,6e1eca7d93963dd7f4aeb40454fcc952
11221df639021eec7e8787ab7a82a2cc,19a7aa5ba61fc255b2e2312b4d6df18f
112c8a6ad2a620f93656f3ff239b3131,44f67d906a65672c292e6b772b0e03d7
112c8a6ad2a620f93656f3ff239b3131,768a990c9f9a66dcb6498dd5e27969b1
112c8a6ad2a620f93656f3ff239b3131,eef87ad93302388d516651b8b1892978
1143aac8771ae48eb10ea6948a477621,c820d430ae82fccbdf264f8ba4027c5f
115d9e2c3b6da2da105e7b74267ea97c,af9235ab0e9ae26c7b88ca305247ce38
117f1164a417c91447add42f662d29a1,4f4ea5c0e4c2482a68a7c4fb7f651b5d
117f1164a417c91447add42f662d29a1,9b07498e274a8ed6a850470899085f7d
117f1164a417c91447add42f662d29a1,f4a714d2164362c0a6260a406abaf1a1
118601faa4d6f312b1769fd7a39976a9,29cd351318c74bb0e355504190196bab
118695fa6ff523d2454924e329dd3f01,e01743362c382787c95e6f12a349d433
11960c6f43faba4babdf2d6912c85d95,3b2637ac3005a469e266391417d4ff40
11960c6f43faba4babdf2d6912c85d95,488ed69d069eea00274dcfec3d2a4641
11960c6f43faba4babdf2d6912c85d95,a8be63249075a2cee2e4604c7e310061
11b1b8732d774124fd6ed5fa844a8769,29cce75d0700f53d0f4559e63c65d588
11b64e832eb8699143f8a5c2422af9d7,208e52dac58ce0b25bb3c3e53bd491c0
11b64e832eb8699143f8a5c2422af9d7,9102ebc3d558f312505c2cf8f36f4270
123ef2129a326c4f50093cd2cdccedad,477a26d2f43377135754ec66a1a5339a
123ef2129a326c4f50093cd2cdccedad,8a2f77c7ff8317d52cbfa0765bec1ed2
1257dd585ffe7d8db1c49e4304d1c263,1d7787af72a5e607917068b59ca76b5a
1267054922ce2355026bbcadb1c1a9bb,3e10519c1192e7f34132734b671755ed
1267054922ce2355026bbcadb1c1a9bb,49613da06fcefdde505a985039aa6b52
127bbdab874b4291e3806748cd11a623,1e2f06bcb8e34b7eecb0f046784d2885
129e221307a1e773ffc431a0b5a9828e,32e6f53b950aa161862196fe9d30e5bb
12a3266367f9ca5e153d0f1a71bd1361,323a5ac26a2db532babd50be42fb71ab
12f43a2dd2cccb08ddde415ea64cb33f,570ec6e4f7962f5758e962ea2e4fcb3e
12f43a2dd2cccb08ddde415ea64cb33f,5a6d0e971b8fbdd1368e26b99bfab85d
12f43a2dd2cccb08ddde415ea64cb33f,6deaa78e34652412281d59336c7a0e73
130340eb5b6d23a66c1181164b1bf8ab,d058521836c87d91e45c9cc1f1653a08
1315e7b30880f21e4cb3e9d6f30256bc,41347aed5862cca77dafb8f08ba5a9f1
1315e7b30880f21e4cb3e9d6f30256bc,56708c667e868f3bdff73e225d7b448f
1315e7b30880f21e4cb3e9d6f30256bc,e65cb32d92d25837eb2aea54808fe324
13c475b330394e6b7842f1c846fe69ae,92d87bc87ca41b57346cc6d3e94d851c
13ee5ea7e62db5f46089b6892e3f2208,169206ba9a31fd6811f84b7e7af79bbe
13ee5ea7e62db5f46089b6892e3f2208,17f6cd2c128bfd0b8391b11b3c7ea417
1406599c0649b2ed3b293ffb3919c977,b30c8d437f1ea5b445f76e02006e1974
14617f6eefd9f97e22aed0731a9d78b3,7c0f06384724e4a703b8d20d79f020b3
146372c30752b9d3ac64c8d01ab30297,ee3a79b287c760f76ae722ed4e66ec17
14c8647f14ff6c886f678a0cf8cac557,32308cf51629ed7a030530acccbad563
14cc152fffcdbae7ecc8a7824b01291c,2e1bceb18d0c99b1360082e7688d4c89
15b830874b9d1d8cf8b6a51e8f928920,8c18a46eedadee5fc3fc070e32ffdbec
15b830874b9d1d8cf8b6a51e8f928920,e5b20938817524daa4319daba3897f57
15c63f16843076beaf688df7a992ac71,3819b32c9b3db64718b45acddd692572
15c63f16843076beaf688df7a992ac71,565c1cd1ceb699bba7931fccdc65c808
15c63f16843076beaf688df7a992ac71,881fe1d6876285e6ee0dfe5bbb26f472
15db675be7a2d2f8aff609a0c07c4d9d,942b8958c639daa788cf825fa6422df1
169206ba9a31fd6811f84b7e7af79bbe,17f6cd2c128bfd0b8391b11b3c7ea417
169206ba9a31fd6811f84b7e7af79bbe,1dffe98bd8ec345e7ae79f93d0984a3c
16d6aaaceb8af6835299079b08265676,7eb263dc7d3eebb6db355084c746ce5f
16d6aaaceb8af6835299079b08265676,fdaae74b8165aedc1e1113586b2eb400
172945a6f23937c8def9296fdb14eea1,9c5ab52aaf31ab9d9d3592f1dccc81b8
17336499f2bbba61880b7007d4f3c38c,a59726eb623857fdd1c5dd6975b33821
17964be356b15f1eafdf3cecc4bcba62,eee76d558224effb5e4f7e6d3643a36f
17c86b12fe804204526198c3bebff962,bcd756c0a93af1593519f06ba17ecf72
17dceea63dcb892ea1f0cbbb101ef7e6,b5f6266ae9e7b35e4723004a00da92ee
17eeff2138c7a641d84b10621ceb0e56,4469136618157e6db3da7813477a5b9d
17f6cd2c128bfd0b8391b11b3c7ea417,1dffe98bd8ec345e7ae79f93d0984a3c
184b66cfe3871ffc1d4b9e621a26afcc,1b224bb6fc962bbd727e108f7cda3ea8
185410c7b247605d07e2c40fdd02817d,28f1ca9396081d7ee741236fa17cf22a
185410c7b247605d07e2c40fdd02817d,625ba4dcb61cee69173c13177af9935b
185410c7b247605d07e2c40fdd02817d,b193ba8e1c5d14c61c942065a492a57f
185410c7b247605d07e2c40fdd02817d,c611652eeef3768467cb863e43eb4854
18f4b0b641f74758c6c830b0785ed149,6b187a2406600f705e086980cc08150f
18f4b0b641f74758c6c830b0785ed149,71a436cdf9d3a20d3a521c9e204db98d
190223d32bacc70cf8411b230addda54,95c2d90f50767af0c2f67783d88febac
190f70dfda38e6aefa8e484f3e0bbcc5,25ae855eb0dfdf7b0b0dc346b48fd870
190f70dfda38e6aefa8e484f3e0bbcc5,317ffea9c763fe88e105a7d65d00f9a0
190f70dfda38e6aefa8e484f3e0bbcc5,4c54e96f209a652c8a4afc8f53065f93
190f70dfda38e6aefa8e484f3e0bbcc5,8617062d79f237bd6463e12cf3a50e18
190f70dfda38e6aefa8e484f3e0bbcc5,8f73a3675409f604be616ab899017e53
190f70dfda38e6aefa8e484f3e0bbcc5,9d2dae7ac5ee5ea1ea4eabca7c1a37a3
19a7aa5ba61fc255b2e2312b4d6df18f,a65f39826725b578cf2ca88f6ba0b975
19a7aa5ba61fc255b2e2312b4d6df18f,ede3e427492fd906b25f815a96c072d6
19a99813a01be07228b3efd4b075ee5f,535b6b5fb73c8bd99112a3adc916c6b1
19eda20b5cfde4885f49f81d84201122,1e95ee3176e96e557b3f005179005cfb
19eda20b5cfde4885f49f81d84201122,37d9319639d0925793c130451dfb33f1
19eda20b5cfde4885f49f81d84201122,537ef07008ec748fc63e9b43c2278d52
19eda20b5cfde4885f49f81d84201122,9f82d23520476171e4c24d46749c5c3a
19eda20b5cfde4885f49f81d84201122,a17755645cd1eed08536979c0c72c792
19eda20b5cfde4885f49f81d84201122,f40315c29489cccaaf4ebdbe6cf741bc
19eda20b5cfde4885f49f81d84201122,fcd803077fd2090becc30ebc1bc8697e
1a317d1b966f4c7b3509ae582ff59eca,baa88fb1c8420c1219de35e7a03168a0
1a38bafc173ef51cd34f892ecf29b93f,6a62356b4e519f4f2c3df0e17a0732c2
1a38bafc173ef51cd34f892ecf29b93f,92dcd71339983110de0bf30aba85a610
1a3bc2edd8f51f2fbe7a8d8e648b98ec,231edf04897455289a507f619143e6f9
1a3bc2edd8f51f2fbe7a8d8e648b98ec,6750fa05703d56c0d47387cad553db4a
1aeedbe95cb871dc94caeff0733628a1,3f8503aee35a1166f8f46000af9948af
1aeedbe95cb871dc94caeff0733628a1,ef59d07cf45f188a041ab211d60da7c8
1b01f5d4dce2967b2d444aebbff7462b,44f67d906a65672c292e6b772b0e03d7
1b01f5d4dce2967b2d444aebbff7462b,768a990c9f9a66dcb6498dd5e27969b1
1b01f5d4dce2967b2d444aebbff7462b,eef87ad93302388d516651b8b1892978
1b3795551975577f43a6c56e3c8550f1,e4970b5675559bddb6a5b6e78ddd48ac
1b39037d9069d488e1c0455e508aedd2,9f1f2ad56e7bca8c0eb6f75af93cd87a
1b71e9f1c887cdd51c03c65959d14e15,b8d69f50fbf07d74e5348d04744791fb
1b71e9f1c887cdd51c03c65959d14e15,fd8a06a5f5f803ec34158ce2bbf15f82
1ba6bc57b7dd83600e58bd7fd6febb9f,62acad11bbf73d7e9c6d47f3b3b928be
1bd1cd69e66f9632ab2883ac6aef8dfd,a9e8f6c7ad165a810a18b5445461f2b7
1be5f517a546ba2ed53dca71ab95e739,d6519c2397d082d327bbdfd30a2785bf
1beca86046d481369a3413802085c4a6,1faf457fa31f161463998f85ef3b7712
1beca86046d481369a3413802085c4a6,1fd9996a939b3fb98b7bd1123640e2d7
1beca86046d481369a3413802085c4a6,4855c396862df28e43d42bea93188ce7
1beca86046d481369a3413802085c4a6,8e6b3ce5cd763b1699475ac43567da99
1beca86046d481369a3413802085c4a6,b56efe5324fa98668eaea5d1e43b09e6
1beca86046d481369a3413802085c4a6,daa7c024ed03581241e4b276b514c79f
1d0b43012d01a649f44f86165d06f7bd,9f872c0588b4a715a09bbf4d94be4a81
1d503cf21909e35203783886295ff328,55ba0ff5b4e41b5f92566c5fd89841ff
1d503cf21909e35203783886295ff328,8a9768afa71a2fcf82e34d7744f75880
1d503cf21909e35203783886295ff328,e925e7e97cdf14061e006a5931d86448
1d56f9d5213063cf96ab29397e7cf1d7,6011490dc5b7f1861cc83acbc51b51bf
1d783b1258dc7b684401e518c94a27b7,7e14f0cad02ba6ec9e49a89527bab87a
1d8e17cc327173941d1a974a71751862,3895e96915ac7d86f0b978faae3614cd
1db8f8b2b02e02949baf0f639ab11daf,1db8f8b2b02e02949baf0f639ab11daf
1dbb8d50d6a39e0b7257f4bbd7c45b49,3895e96915ac7d86f0b978faae3614cd
1dbb8d50d6a39e0b7257f4bbd7c45b49,97cf8c5d4834432e74a7433cfaada01b
1dbb8d50d6a39e0b7257f4bbd7c45b49,cd5cd1f3750c5c805b4038ddaac3bf46
1dbc7c60f6610833d4ca84d4e1854cb5,3e2c477692f3ebf3069b4ffe8689b078
1dc728817c08f081141cac075f69625e,e7378d42022e46c26a5f61d241a96217
1e055d4f85cc29126c47bb3848accf6c,ffa9d2c4a014934b1c3fd266e90aea86
1e7f3f51b8fed8eefd7df374acbf09d6,44f67d906a65672c292e6b772b0e03d7
1e7f3f51b8fed8eefd7df374acbf09d6,768a990c9f9a66dcb6498dd5e27969b1
1e7f3f51b8fed8eefd7df374acbf09d6,eef87ad93302388d516651b8b1892978
1e95ee3176e96e557b3f005179005cfb,37d9319639d0925793c130451dfb33f1
1e95ee3176e96e557b3f005179005cfb,537ef07008ec748fc63e9b43c2278d52
1e95ee3176e96e557b3f005179005cfb,a17755645cd1eed08536979c0c72c792
1e95ee3176e96e557b3f005179005cfb,f40315c29489cccaaf4ebdbe6cf741bc
1e95ee3176e96e557b3f005179005cfb,fcd803077fd2090becc30ebc1bc8697e
1eedc3125dac43dae6d97ce7a6185b54,94abef1aaa827dc5f9d9370c645008b7
1f5153ccdb6671f6fab889cc1d05a377,1faf457fa31f161463998f85ef3b7712
1f5153ccdb6671f6fab889cc1d05a377,1fd9996a939b3fb98b7bd1123640e2d7
1f5153ccdb6671f6fab889cc1d05a377,4855c396862df28e43d42bea93188ce7
1f5153ccdb6671f6fab889cc1d05a377,6b6f94b9f3c23eec424fbee43632aae4
1f5153ccdb6671f6fab889cc1d05a377,8e6b3ce5cd763b1699475ac43567da99
1f5153ccdb6671f6fab889cc1d05a377,b56efe5324fa98668eaea5d1e43b09e6
1f5153ccdb6671f6fab889cc1d05a377,daa7c024ed03581241e4b276b514c79f
1f537ba165a96dd161e065c9d26d4131,44f67d906a65672c292e6b772b0e03d7
1f537ba165a96dd161e065c9d26d4131,768a990c9f9a66dcb6498dd5e27969b1
1f537ba165a96dd161e065c9d26d4131,eef87ad93302388d516651b8b1892978
1f5597d4c9ba8e670a5f0a75160fbfb1,f872291b24215717f7376f7376b9c7f3
1faf457fa31f161463998f85ef3b7712,4855c396862df28e43d42bea93188ce7
1faf457fa31f161463998f85ef3b7712,6b6f94b9f3c23eec424fbee43632aae4
1faf457fa31f161463998f85ef3b7712,8e6b3ce5cd763b1699475ac43567da99
1faf457fa31f161463998f85ef3b7712,daa7c024ed03581241e4b276b514c79f
1fd9996a939b3fb98b7bd1123640e2d7,4855c396862df28e43d42bea93188ce7
1fd9996a939b3fb98b7bd1123640e2d7,6b6f94b9f3c23eec424fbee43632aae4
1fd9996a939b3fb98b7bd1123640e2d7,8e6b3ce5cd763b1699475ac43567da99
1fd9996a939b3fb98b7bd1123640e2d7,b56efe5324fa98668eaea5d1e43b09e6
1fd9996a939b3fb98b7bd1123640e2d7,daa7c024ed03581241e4b276b514c79f
1fe604847d6e2bd36d271590b78050a1,aac21e2762dcc59b6b59530d4ffb2305
203d3614e9bbdb2aa8b40872c02c0d09,31d983952cf4c03aa89414684f59ab4b
203d3614e9bbdb2aa8b40872c02c0d09,7ab3c389cc3fa35fea85eebc2ad00923
203d3614e9bbdb2aa8b40872c02c0d09,d6248c223675214ce0e8a2e432c40cab
208e52dac58ce0b25bb3c3e53bd491c0,9102ebc3d558f312505c2cf8f36f4270
20b071145c3b1309fd84d5db23cf3719,afd7bc9ae8f1fe7fcd3485658aafbf9d
20b071145c3b1309fd84d5db23cf3719,d93b227c7305762909308f3820fb48e8
211990c71b138da0d9914709e629f628,7b7a74e633b9fe6e4e24c2a9d0fe1347
211990c71b138da0d9914709e629f628,b7af529a6a212f585eb646e10bf2c374
213b7f68eb844e56246bb220eecaf6bb,6b2a8c20e80c3026fde42ac14b745cc4
21e4bc4dc44257efcbb16a8a53f8afcb,8d60bd0e744086bdd7c9628899944160
227f238afed2b40c1708e79cb2510c5f,2d0418b6c09aee07ac0d95931993ef44
22aab7864944ece3e691a76bb4b6915c,7f6b68c16527e104d90d3e62e54266b6
22aab7864944ece3e691a76bb4b6915c,b1519145febb08caefdc8b0733f8aba8
23122688fc107dccddb2e32aac7db78f,cdf318f78bfab1dcf40f1fb996d647ac
2316975b39e8a1cb947f9fb135b59342,7cd1a7aa080e5e9469f83cf9ed3e2b86
231edf04897455289a507f619143e6f9,8a887c47c530eddc96a4f99135f9ad86
231edf04897455289a507f619143e6f9,d98e9221ae3d7d75b3adf357d8f99584
231edf04897455289a507f619143e6f9,eede9cd4eb4b5a462a7df57385f148f6
231edf04897455289a507f619143e6f9,f2505655d297723994a4710db8ca71c2
231fd953300ad3267a3ab7b3afe50b53,aa082c09e5c3506e2056ce3ee53214e0
23473d616f999c11d06a5a79fbe1cf12,26f424a9bc2ee0b9545d399f617c637f
23473d616f999c11d06a5a79fbe1cf12,7d2b7842cce79877b54a7a7c42c48240
23473d616f999c11d06a5a79fbe1cf12,b13793bdaab971434dae3c366bf693ed
23e214b34ab135bc3e2b10b1f3420037,874d3ab3b7ad14168a514f8d4e067e25
24602b139ff033459d9ddd22b961c5d5,9895d211b3570e1fe5f21a17fd6a8e16
24b45caa48adb2409528756f09513beb,e1abb87898a1f1880b7a95acb8ef9b34
24f2a7397b8f4bf335f473c8f4b8793f,cbe511aebcba243ac65d20d819e37ed5
24f303e323cc7d36f553b5aa2dda247e,44c6376ed87bf0e3a62ea812e3ec4c8b
25ae855eb0dfdf7b0b0dc346b48fd870,4f462914df0ff048bfd24e05bbf08ebb
25ae855eb0dfdf7b0b0dc346b48fd870,8617062d79f237bd6463e12cf3a50e18
25ae855eb0dfdf7b0b0dc346b48fd870,9d2dae7ac5ee5ea1ea4eabca7c1a37a3
25ae855eb0dfdf7b0b0dc346b48fd870,9fc93d561e5fc5f6dfb7461e9593f8da
25ae855eb0dfdf7b0b0dc346b48fd870,f4e12b479de966de565e8d5602b1a6d0
25d4e3246f7f3b73f3605a24f2ebe337,f8404740348c83c64b1b5730e9c1d41a
262bbda5597a68298edcceee2603d489,b4d0a70ea5f152097b7e04afacbe36db
26f424a9bc2ee0b9545d399f617c637f,7d2b7842cce79877b54a7a7c42c48240
26f424a9bc2ee0b9545d399f617c637f,b13793bdaab971434dae3c366bf693ed
271ab44a7ef7b48af30b796dacc5a590,7b0cd68a2aee1bac64b76f6163eeb4d0
271ab44a7ef7b48af30b796dacc5a590,bc98ac767aea27f7d8db045cabee7e3e
27499f15cb50f4a3ac0db14b653f9735,d1dc664e71e79f468f9afc670ea69b9d
27aa57aa9b025ad25327cbe23d600bde,534a9974fe4c2d2bc408c7c09a848978
27aa57aa9b025ad25327cbe23d600bde,eec56f42e08d34535fe148c3247c4e48
286c99a1deffd19f6b239ebde25e10a4,e5b80b62ad78382c746cda86f67538ad
28bc65a53bb528c028d9d7ade6d5f0b0,b30c8d437f1ea5b445f76e02006e1974
28e732f21438a75ac1002dfa15fb7cd8,719cf17b695eb3cf996bb7e3d7defdc0
28f1ca9396081d7ee741236fa17cf22a,625ba4dcb61cee69173c13177af9935b
28f1ca9396081d7ee741236fa17cf22a,b193ba8e1c5d14c61c942065a492a57f
28f1ca9396081d7ee741236fa17cf22a,c611652eeef3768467cb863e43eb4854
295f3db09639469ee4a11f37f6d41d86,cfc9ffe7914b817a3c38bd81d5c5db28
2992251cbf2d363683426f04e1bc3daa,a8282f7ac20dc4edb71f643dfd51a585
29cd351318c74bb0e355504190196bab,e9a207d3375d51b3efb8c451daa122e3
2a13d3b774674633f0c21674c1dd2e15,48ca0290e50fba6753dd5ee8e66abddd
2a84d2337560b7768bc1b9f2f9810fa5,4d4b9a2e850636b82cbbf7eff21ff0c1
2ac341ad38237563405b643c9333fa7b,afd7bc9ae8f1fe7fcd3485658aafbf9d
2ac341ad38237563405b643c9333fa7b,d93b227c7305762909308f3820fb48e8
2b0d5edc866a68e6a63d1db53ecfbcaf,45181fe0c735e6c7cb16c54deb39a01e
2b0d5edc866a68e6a63d1db53ecfbcaf,824a8d639de954fc20b43d69ae1a5364
2b0d5edc866a68e6a63d1db53ecfbcaf,8f85dce030bab26b18fef69f32cec65d
2b12113dbbc573f18a319c8c756590cd,e830a8006b472d6f8179656426ea9266
2b12113dbbc573f18a319c8c756590cd,ff211d61a008e646398279252d7d1dfb
2d0b34bc7a034b6f023002e747e3f7e5,dbd8d62deca18c92c2d2773c9d53d629
2dfb8ac5ebc7488c04219bfa0ee71919,55634a4729ca934b707179b61972cf3c
2e8abff582a73ebba41d9de30da9a571,bf731d6a8dcd4b59335c57dd49a3b8c9
2ea76017fee9fd4b55b4b3f09c03a29f,9ff6bb25e83eb9fe21b5de7e53e968d1
2ecb1174c2ef19336304e5b144b0914f,3536ae1c022800dc897e66f891b36283
2ecb1174c2ef19336304e5b144b0914f,420b5d0a071165b04413e47ca846a7ec
2ecb1174c2ef19336304e5b144b0914f,9d1fccfe945ca758eb4426b54e593efc
2fa78db756fe64ad69d4efddec58ea3b,4a16d4bf8128f63dc7519c5ecf007e29
3018be39076169621b9f1c54ff731795,9028197da9e651cddab1053872343501
3081d764ae96a25d52ff958ab66491c8,557f54b2bbdde19ea7caf81cc9e7e373
3081d764ae96a25d52ff958ab66491c8,6c64459ae8c7faf266e4c3570478a1bd
3081d764ae96a25d52ff958ab66491c8,c9752daa60f41e608222164d0f06b497
3081d764ae96a25d52ff958ab66491c8,e997276c917f9de79f13981b1dce9876
3081d764ae96a25d52ff958ab66491c8,fead7a5c7ac57f6d4f79ff242909cfab
30d552ff4fbb1e0e50bc09972dbb7010,b5a6fe55a5831e7247693f1efd36e2de
30fbd3b744305257fc16720a7de2ffa9,493bf880abed3c7c70c42ae31f2459eb
30fbd3b744305257fc16720a7de2ffa9,4a062bfc900e63ff81c60af3d7050bb0
30fd18a638de270f850ce514b1235ae4,c8bf1161b0f509a117978c135418bd87
30fd18a638de270f850ce514b1235ae4,d6d7da048bf3a544cbf4e412d251788f
311a99bba39eca8d9132adc023d9f757,e72bd0f46d2f7cbd2eaec6eaf3285db1
311bc89ebc29f817472d6991253500cb,9e3c47f301e8e15f519a92dc7025985d
315a6b4c09c8c9c9d6388858fc6f3e6f,94526fa4d872c98ccceb6c2d4284c85e
317ffea9c763fe88e105a7d65d00f9a0,4c54e96f209a652c8a4afc8f53065f93
317ffea9c763fe88e105a7d65d00f9a0,8617062d79f237bd6463e12cf3a50e18
317ffea9c763fe88e105a7d65d00f9a0,8f73a3675409f604be616ab899017e53
317ffea9c763fe88e105a7d65d00f9a0,9d2dae7ac5ee5ea1ea4eabca7c1a37a3
31d983952cf4c03aa89414684f59ab4b,7ab3c389cc3fa35fea85eebc2ad00923
31d983952cf4c03aa89414684f59ab4b,d6248c223675214ce0e8a2e432c40cab
32b48df75c084a47217a1ba44c1ba6c7,84df574c2444eba8f53a326e0391a7e1
32d3a98c4d2655f2e923bf88ce8c04eb,622bfcced6aaa82d44435dda40add65e
32db3b900d54c1d26251e97e8e3178c0,77033b33056cd8ffc8a8396c5d3715a0
32db3b900d54c1d26251e97e8e3178c0,8240bd93c87fbbb7a53f2ee9e900d2db
32db3b900d54c1d26251e97e8e3178c0,93cebd5c988dc653d7f685c46ff0dab3
32db3b900d54c1d26251e97e8e3178c0,a25a44cf6a8794d2ead5b2a2ea62d5b9
32db3b900d54c1d26251e97e8e3178c0,eb11cc36e14d7e09ce34475968afeda9
33a1c0ea570e233c212a68cd0470de14,c750a9874a0bbe261381a3b7fbab8e85
33cb878550b9603f3584ff1af4a5998e,3f8503aee35a1166f8f46000af9948af
3427fc4f4c6b7458f72052f9af1cc932,4824d552c7699d0cb57f6d23e61518a2
3427fc4f4c6b7458f72052f9af1cc932,53e0343e3a49d43f7bfe765672e2bde1
3427fc4f4c6b7458f72052f9af1cc932,7553d3e0fcf247aabfa1d4a2333feb72
3427fc4f4c6b7458f72052f9af1cc932,cd31ec4900fd57fd965b77c07e533b77
3427fc4f4c6b7458f72052f9af1cc932,e467650ebee1b85bb3de51641fde612d
3427fc4f4c6b7458f72052f9af1cc932,ff98fa5d763a2c4cc988590b8f14893c
3428937598cfd44d8f3ad07bf94d2231,5fa0041f637b2eb79e05469476b26dc2
34995e5a7def0abe4a76bf804a8d4b0e,932e32316887da9eaaa163e060e9da12
34995e5a7def0abe4a76bf804a8d4b0e,c20c2e1fa2aed5496916c6f7b707f73f
34b658cd3b491e06b11d9cdcef4f3c81,9eb3a29a198830c53c0577405aa4947f
34bda58837994965b657d6a6d3d4a979,9ca41357e359213d94f3c01516f787a4
3536ae1c022800dc897e66f891b36283,420b5d0a071165b04413e47ca846a7ec
3536ae1c022800dc897e66f891b36283,9d1fccfe945ca758eb4426b54e593efc
3536ae1c022800dc897e66f891b36283,e467650ebee1b85bb3de51641fde612d
353967a127778f6af827a8cec854e2e9,5c00d92709a1712eed619463da895383
35c8f2b4eb548dd04a8d768328943d47,c672bddd35766b2b775cd0574645c7f5
36013902bf3276a2d3d7598eafd199aa,997ad37d633fa0474cab513b13d8268e
36313610531998c86c80ccc1e5f2b339,a1f0f5ce9408aa013b5dc5c33dc66f8f
3684a665d8744788442c5b630e1b9d6f,d97a717209a10d4cc6907dddb066cbd1
36893c3c377682361a6da839dc188d73,3754145ce1e27ccd028b19112cc0dad0
36a119e164bc149b93a93f7ea31cbaa8,7fcc2129c46f6305d69021a8fc708549
375c43a0c8a50d40d0a0d97bf78a541b,3eae94234209fd636708311a95c3031a
375d9dd4b95c5af6c9a8bfc8fc5a3eee,3bd22dd54e25f2d4bda95271a8325fd5
375d9dd4b95c5af6c9a8bfc8fc5a3eee,daa7c024ed03581241e4b276b514c79f
37d9319639d0925793c130451dfb33f1,537ef07008ec748fc63e9b43c2278d52
37d9319639d0925793c130451dfb33f1,9f82d23520476171e4c24d46749c5c3a
37d9319639d0925793c130451dfb33f1,a17755645cd1eed08536979c0c72c792
37d9319639d0925793c130451dfb33f1,f40315c29489cccaaf4ebdbe6cf741bc
37d9319639d0925793c130451dfb33f1,fcd803077fd2090becc30ebc1bc8697e
37ea3079e05176dc6dc210ef5242d48a,7634c45cba407d755e4a59e2650213b2
37ea3079e05176dc6dc210ef5242d48a,f5ab833d5354877d988a9f72cd1601f0
3819b32c9b3db64718b45acddd692572,565c1cd1ceb699bba7931fccdc65c808
3819b32c9b3db64718b45acddd692572,8c60150a38d6d5c2adcb7d79f0baeb3d
38330b72451a85c43e6c88da169de629,51d969c4c053f17c29e05e7ee4bc4d37
3888337d7c3e9bdea2724ce64d45df23,81db2b331bbfe92040eb5ccf99564f53
3895e96915ac7d86f0b978faae3614cd,cd5cd1f3750c5c805b4038ddaac3bf46
38c5a1c35da97be7c40e304eb8ba26b6,67dea24b030dd4678dfcd010eca7d529
38d8e156ba632258cd7c07c56d96ace4,b95bc0cc6cdd2820202269d841451c68
38e0332b3cf37173f3738fdf1d9e122a,8bdd34677fe327cc0febe0be1130611c
38e0332b3cf37173f3738fdf1d9e122a,95c2d90f50767af0c2f67783d88febac
3917a394e08e6841ffc0f60f2001cd07,6e81db534cf4c0d956e482ab22f8ea91
3917a394e08e6841ffc0f60f2001cd07,c811680e041a779d7b69440922ef0209
3945cadfec355f121123024402a54407,c0bcea7ad8fa22b1bcfd2fb3850c3c88
3950ae792c1565683ce2ff81468dc1f1,69a047c1465e5a8720c09cbc8f778d8b
39597714def6dd645ae1964e8b522acc,cce2943d28968cf24fa8fff992b80d60
39aca5474e6183787c7b703936278fc2,50a7e4b3f15d2532f04a8d03c2ff06a6
39d26f457f16ad8bc00d86ccb232a47b,8991c2661021143eeb0e7d023d515e6e
39e07a2620d879b82a070532bf421e5c,42a8c48a45e0f5fe2b72c72d15f3c1cc
39e07a2620d879b82a070532bf421e5c,496053ab9062bd10fe6eb2d87f1d68bf
39e07a2620d879b82a070532bf421e5c,c13498a8e446752ded7b5743d35e1f56
39e07a2620d879b82a070532bf421e5c,f03b19e9d18be858a37e304b11cd79de
39e07a2620d879b82a070532bf421e5c,f35bd626410bf49fdb7818feb6e47100
3a38300ccd955f58075e93d1877c1e23,fe52ab12d74e463ced10fc8e5301bf82
3b2637ac3005a469e266391417d4ff40,488ed69d069eea00274dcfec3d2a4641
3b2637ac3005a469e266391417d4ff40,a8be63249075a2cee2e4604c7e310061
3bba86e76b43385a832b8f7067e8de59,410a2137e11dad416c1ae511bc67d0d9
3bba86e76b43385a832b8f7067e8de59,e4767825aa9f9f87ed2da17aadad4229
3bba86e76b43385a832b8f7067e8de59,ee14c6e6b18fc495ffc82fbe45d6f6ce
3bba86e76b43385a832b8f7067e8de59,f910502a277e14a8e94d27407dbb7122
3bd22dd54e25f2d4bda95271a8325fd5,daa7c024ed03581241e4b276b514c79f
3bef726baa8856aee0d71c964b752106,aff312503c958092f79fc92382d11713
3c1717181a386ba1ee7f99eb00d7c094,4afb149b0afe782a892dec239abb07cf
3c2e58fd13d8520b737b46aa1cc5f4f9,abffecf02ba37ffa90eaa3ca4567c75c
3cb01b6e6d75f420d6cfb79fefd107c4,c4c85f20a4cab96f4a0c672903b0734d
3cd224f11dce4c71e83ee582caae48ee,a36d198df79af7c55d19b1b6e3bd5830
3d237cd653c4f5fa418f5a46179de762,5c957c05a0b9a300f72a1f6e0c91de1e
3e10519c1192e7f34132734b671755ed,49613da06fcefdde505a985039aa6b52
3e19afe96b6220ef1babd8d34fa2d946,8b5f7edeaef49e0450af36722cd26f9a
3e2dae7197703e0785dd6b1029b8d333,724085de4440cf9b67e9eeabb4ed31e2
3e45f441df4651d1e601271cd206b8e0,b02786098dafb7fec3d0dac893c46d5d
3e96b9691d7c8ec911e7bc1925cc555f,b8e2720e5156287b58ff6439e6bbd92c
3eae94234209fd636708311a95c3031a,44f4ab673e14b02c1f8fbaaffd7d8ba0
3eae94234209fd636708311a95c3031a,ebc1d4c6756b38eadc264ab20f698bd5
3f8503aee35a1166f8f46000af9948af,ef59d07cf45f188a041ab211d60da7c8
3feb4003e5d5f081c41a2ff6e446cc3b,6b2a8c20e80c3026fde42ac14b745cc4
404ddd221097a12d8ee22bd5411198bf,b670987e92351d49537f63d2a470526b
410a2137e11dad416c1ae511bc67d0d9,e4767825aa9f9f87ed2da17aadad4229
410a2137e11dad416c1ae511bc67d0d9,ee14c6e6b18fc495ffc82fbe45d6f6ce
410a2137e11dad416c1ae511bc67d0d9,f910502a277e14a8e94d27407dbb7122
412d095219691fbae313688119a608e6,9bb03667d6cdd39cc8d001c342cdcd8d
41347aed5862cca77dafb8f08ba5a9f1,56708c667e868f3bdff73e225d7b448f
41347aed5862cca77dafb8f08ba5a9f1,e65cb32d92d25837eb2aea54808fe324
414093578aae9cbf42b74ae00bbd809c,d375472d80b6dc77c7d36a1406ecc939
419e08f7d76283debe7447c33abaa354,7c6e7d2390816364ef8f803f2d1dc06f
41b7a905d561a38eaa3182ab59551b98,51a262aa39d7f955cd44e6b665944cd3
41b7a905d561a38eaa3182ab59551b98,ec8a4f80926a88cda17867373f1f9fa1
420b5d0a071165b04413e47ca846a7ec,53e0343e3a49d43f7bfe765672e2bde1
420b5d0a071165b04413e47ca846a7ec,60bbec18797997fde95bf6e494852bec
420b5d0a071165b04413e47ca846a7ec,9d1fccfe945ca758eb4426b54e593efc
420b5d0a071165b04413e47ca846a7ec,fd078408f52799e523d399e7696522f4
4227a3d5f4715cb2c07943009d1dcf1f,861a3c12f1e0e56585419c29f84bc720
422b852842fa764ad3bcc3243e881b9a,a97aeb65526e73a1eecaaa1036a748a2
422b852842fa764ad3bcc3243e881b9a,fc37cd5d95dd29ec53965ad0a7a5c0eb
42a8c48a45e0f5fe2b72c72d15f3c1cc,496053ab9062bd10fe6eb2d87f1d68bf
42a8c48a45e0f5fe2b72c72d15f3c1cc,c13498a8e446752ded7b5743d35e1f56
42a8c48a45e0f5fe2b72c72d15f3c1cc,f03b19e9d18be858a37e304b11cd79de
42a8c48a45e0f5fe2b72c72d15f3c1cc,f35bd626410bf49fdb7818feb6e47100
42d09b06d5cb47c30c2aa9f39f2561ea,48bc7c38df01e412b0af21fe553fb161
42d8ba302b3d6f07bd05d2c7539ecc77,7ae1047b2c3e041604ed5e340dce0a42
42da41c340c3cfc88bc448a16c345e64,a7b0d26267ae007bbe33275e8a41a60b
42f9035396fc178f0b8286ab60f5ff86,4d8092b4af5b77732f58ff9f5a7806ce
42fd11e0ec120fd8320da7e536caeac9,d8075bd634d0b78bafab65281059546a
4326ecc1d86bab5cd307b10cacb7367a,d3eb891296e0c26ccd7fdb646f2d4fb1
4363c6a8ad0c13e8c1b07a14ed2a58a6,6dc7fdd826d8ca9be0d6647a0c4cd1ab
4363c6a8ad0c13e8c1b07a14ed2a58a6,ad7e19894522a27810333fa7eae3275f
4363c6a8ad0c13e8c1b07a14ed2a58a6,dafafe134bfbe2f610706f86e1037d7d
438e9c4624fdeed662735a15d364e2e9,d40538b7f1bf6ed9f897b61877863b79
44f4ab673e14b02c1f8fbaaffd7d8ba0,ebc1d4c6756b38eadc264ab20f698bd5
44f67d906a65672c292e6b772b0e03d7,78a8a0495388a1f149a6ec381355c2b1
44f67d906a65672c292e6b772b0e03d7,acee7c30b4c1330b786b237cfd2412f5
455a5824b2ea45028a0a0c4720178a50,afd7bc9ae8f1fe7fcd3485658aafbf9d
455a5824b2ea45028a0a0c4720178a50,d93b227c7305762909308f3820fb48e8
45d2d5ef7f45f106176566fedd65149c,76f65121110781836559bed473c545d8
46004520a1a032dde36bd52b9724f5bd,600b08b1a73a304276884114a1e3b35a
46004520a1a032dde36bd52b9724f5bd,d6d7da048bf3a544cbf4e412d251788f
46feb378e44ca1cac5ee8ff87e319d93,98312244a26e14effaf84d7941f62403
46feb378e44ca1cac5ee8ff87e319d93,bdcb44ccc09a67da4e71695d738b1474
477a26d2f43377135754ec66a1a5339a,8a2f77c7ff8317d52cbfa0765bec1ed2
47dfdaa197b4ede48a80b096ff3fdd42,f037f5d66ddd6a11000a619951b6cacc
4821547be32c4e1af71e2b8103fefbf8,7a72578d23c907fc80805a7409a63eb8
4824d552c7699d0cb57f6d23e61518a2,53e0343e3a49d43f7bfe765672e2bde1
4824d552c7699d0cb57f6d23e61518a2,cd31ec4900fd57fd965b77c07e533b77
4824d552c7699d0cb57f6d23e61518a2,e467650ebee1b85bb3de51641fde612d
4824d552c7699d0cb57f6d23e61518a2,ff98fa5d763a2c4cc988590b8f14893c
4855c396862df28e43d42bea93188ce7,6b6f94b9f3c23eec424fbee43632aae4
4855c396862df28e43d42bea93188ce7,8e6b3ce5cd763b1699475ac43567da99
4855c396862df28e43d42bea93188ce7,b56efe5324fa98668eaea5d1e43b09e6
4855c396862df28e43d42bea93188ce7,daa7c024ed03581241e4b276b514c79f
488ed69d069eea00274dcfec3d2a4641,a8be63249075a2cee2e4604c7e310061
48ca0290e50fba6753dd5ee8e66abddd,8cd23b87ae18050fe4228d2e9b3253b5
48d24dcce0aa35ceb57d99a2eeeda242,7b8926b2e5a54eefd4b621fad1e2fd00
493bf880abed3c7c70c42ae31f2459eb,4a062bfc900e63ff81c60af3d7050bb0
493bf880abed3c7c70c42ae31f2459eb,584ba1b4cd334c33b5ccd8cfd9eb7f5e
493bf880abed3c7c70c42ae31f2459eb,b447b99436f40717c92b907d2533582d
493bf880abed3c7c70c42ae31f2459eb,d64a5ea657a8b83310691b976f903b7b
494698b6e0f84c3323b0f3c873b35bb2,dd137572922ae977ccb1b23a0dd1f251
496053ab9062bd10fe6eb2d87f1d68bf,c13498a8e446752ded7b5743d35e1f56
496053ab9062bd10fe6eb2d87f1d68bf,f03b19e9d18be858a37e304b11cd79de
496053ab9062bd10fe6eb2d87f1d68bf,f35bd626410bf49fdb7818feb6e47100
497d77153cac42bc96dad9567413e50d,9f55163cc4d56f59951d0b0a0656ea22
497d77153cac42bc96dad9567413e50d,bcddf153046ad3d990bea81c3ec0801a
497d77153cac42bc96dad9567413e50d,f09b414716f7a2bb38345b1b55f2c1c3
4a16d4bf8128f63dc7519c5ecf007e29,d76dbcf8a25876ddb1c79730f975a916
4a516eb3373633746e77eb1039270bf8,5052a92f3777ee877ecc4f6c07877e0e
4a516eb3373633746e77eb1039270bf8,9709b7c80321214cc800152f62e691c4
4a96f7a35a579224a2e2c005da49061a,553b42428de74ddb5917c3b61c5511e0
4a96f7a35a579224a2e2c005da49061a,b99c1ab0262d86316053e36f167b25b3
4abe2d9ab819e52df35ee4ff975d5add,5f0c7b46210003309f0621a3db638be3
4abe2d9ab819e52df35ee4ff975d5add,b02786098dafb7fec3d0dac893c46d5d
4abe2d9ab819e52df35ee4ff975d5add,fa3ee4635901a469ed30b26076cd4973
4ad0a38740dfe9cb9748d53ffa113932,d9980eaad42b39bdf48adfd44a3e79da
4af9c66e0135cf1227b554d54916da1c,6032390a550c23b3c0c2893ea92f90c5
4af9c66e0135cf1227b554d54916da1c,6482e8470d88cd6a98bd28fc8002540e
4af9c66e0135cf1227b554d54916da1c,64e6d04891695c02b8c274d6dfa70f11
4af9c66e0135cf1227b554d54916da1c,a535ad7899bcd8cdb7f90ac2f28dd965
4af9c66e0135cf1227b554d54916da1c,d09a709c64ffbb1aff2897eacbafcd64
4af9c66e0135cf1227b554d54916da1c,e9497c45f0680139c6e2b4bf3c466f33
4afb149b0afe782a892dec239abb07cf,9b01e22ad7107293787012afe5b9cfcb
4bac1e05325d05e8f9fcf6898bcd2a6f,ab28fa3a4866837983ab5c12ca3dcf51
4bac1e05325d05e8f9fcf6898bcd2a6f,bd211994114cbceb842ba1b954760ea4
4bac1e05325d05e8f9fcf6898bcd2a6f,f8c6b93c69f022df57bc9b9d7ad633eb
4bbf887b454639226b2e50d488336f8d,697da103bc91ed67ba7b3ad50f756016
4bc22347ed887aee8f6c0b34023a565f,6f43d93bb3a2d404b952b8775f25b56b
4bf91f48e086449e9cc106499d4f6773,bd7ab541571f9185d09350ad87f91990
4c12510efecc9deba29cf8204e1c35a2,de88fb1c0ab45ef4674fe37758d1ffe5
4c54e96f209a652c8a4afc8f53065f93,8617062d79f237bd6463e12cf3a50e18
4c54e96f209a652c8a4afc8f53065f93,8f73a3675409f604be616ab899017e53
4c54e96f209a652c8a4afc8f53065f93,9d2dae7ac5ee5ea1ea4eabca7c1a37a3
4c618bb8bc17c4b2be06d50c8105449c,8bfe14a0173be90d956ace1747597536
4c66120714d45ce9ead95ca9e35ecfd0,96ca0fec27917f2f79eb29892c87031b
4c6db9ba20a1c1655d4eb7e96afdf1f3,7423d7c61eeb52af3382a6511d18a8eb
4c6db9ba20a1c1655d4eb7e96afdf1f3,7cb29ac1652a1e36a37eddd52da00225
4d11bf6f416c979c096775c94a761097,6b2a8c20e80c3026fde42ac14b745cc4
4da0fd00fb4e1dd1b717c96fd7cbd812,932e32316887da9eaaa163e060e9da12
4da0fd00fb4e1dd1b717c96fd7cbd812,c20c2e1fa2aed5496916c6f7b707f73f
4f462914df0ff048bfd24e05bbf08ebb,8617062d79f237bd6463e12cf3a50e18
4f462914df0ff048bfd24e05bbf08ebb,8f73a3675409f604be616ab899017e53
4f462914df0ff048bfd24e05bbf08ebb,9d2dae7ac5ee5ea1ea4eabca7c1a37a3
4f462914df0ff048bfd24e05bbf08ebb,9fc93d561e5fc5f6dfb7461e9593f8da
4f462914df0ff048bfd24e05bbf08ebb,f4e12b479de966de565e8d5602b1a6d0
4f4ea5c0e4c2482a68a7c4fb7f651b5d,9b07498e274a8ed6a850470899085f7d
4f4ea5c0e4c2482a68a7c4fb7f651b5d,f4a714d2164362c0a6260a406abaf1a1
5052a92f3777ee877ecc4f6c07877e0e,87cba7e6df2a8b95c8dc8d985d873a98
5052a92f3777ee877ecc4f6c07877e0e,9709b7c80321214cc800152f62e691c4
50d3e19c914e398249d033e702fd9009,7a91533041039e368d6149428dda60cd
50e864f30de06141ef18b8f3f65444df,c8bb7d3e80dd8fb3120ca1cf25c22dfd
51f2b851fd1da16a99cc6197d9c26657,a62360d875ba90cd7c945508b788c6e5
5207ab420fd171d34bc69d55bca0ecf8,e830a8006b472d6f8179656426ea9266
5207ab420fd171d34bc69d55bca0ecf8,ebdd0a2a565514841ef322b3ac1a453b
5207ab420fd171d34bc69d55bca0ecf8,fd4a0b8cb9112c3f5a5afe1ca1b8c6fc
534a9974fe4c2d2bc408c7c09a848978,eec56f42e08d34535fe148c3247c4e48
537ef07008ec748fc63e9b43c2278d52,9f82d23520476171e4c24d46749c5c3a
537ef07008ec748fc63e9b43c2278d52,a17755645cd1eed08536979c0c72c792
537ef07008ec748fc63e9b43c2278d52,f40315c29489cccaaf4ebdbe6cf741bc
537ef07008ec748fc63e9b43c2278d52,fcd803077fd2090becc30ebc1bc8697e
53e0343e3a49d43f7bfe765672e2bde1,60bbec18797997fde95bf6e494852bec
53e0343e3a49d43f7bfe765672e2bde1,7553d3e0fcf247aabfa1d4a2333feb72
53e0343e3a49d43f7bfe765672e2bde1,9d1fccfe945ca758eb4426b54e593efc
53e0343e3a49d43f7bfe765672e2bde1,e467650ebee1b85bb3de51641fde612d
53e0343e3a49d43f7bfe765672e2bde1,ea62b41e88bb4b5057da077ba4018088
53e0343e3a49d43f7bfe765672e2bde1,fd078408f52799e523d399e7696522f4
53e0343e3a49d43f7bfe765672e2bde1,ff98fa5d763a2c4cc988590b8f14893c
541a8841493eb4ff0c85bb1207a098dc,896a2530362ab68f80768a9a221118f7
541a8841493eb4ff0c85bb1207a098dc,8a2f77c7ff8317d52cbfa0765bec1ed2
541a8841493eb4ff0c85bb1207a098dc,8f3583538a1f4765400361ee838d3936
5431a20499be67b3e3f655532ecd6f35,770a9d4de47c32679a2c0f6a9fc7e928
54333de4cc95dc7a8b3289957671b590,f8404740348c83c64b1b5730e9c1d41a
54bc5f6c8b5f4edaa58d4abf37fbd1fd,f5050b0349de2b454d339649e23e7494
54ee224c10cb3a036a3cc553ecdeb138,e1451491b29ec1993978cca150204e74
551409dd264e8b86d7f01f018b117fe9,e5c941fe2c197f2e07b58c4806047bef
553b42428de74ddb5917c3b61c5511e0,b99c1ab0262d86316053e36f167b25b3
554d6b1ef5ea53c060b96bc788efd105,e045b8e7442dd7f8ddc7acdbdd233125
556d6b91b0b50e2d12c92b0dc76ec28d,565c1cd1ceb699bba7931fccdc65c808
557f54b2bbdde19ea7caf81cc9e7e373,6c64459ae8c7faf266e4c3570478a1bd
557f54b2bbdde19ea7caf81cc9e7e373,c9752daa60f41e608222164d0f06b497
557f54b2bbdde19ea7caf81cc9e7e373,e997276c917f9de79f13981b1dce9876
557f54b2bbdde19ea7caf81cc9e7e373,fead7a5c7ac57f6d4f79ff242909cfab
55ba0ff5b4e41b5f92566c5fd89841ff,8a9768afa71a2fcf82e34d7744f75880
55ba0ff5b4e41b5f92566c5fd89841ff,e925e7e97cdf14061e006a5931d86448
56265aea3f1076e908d71ef94161ba4b,e50dcc46a01d2de1883f83d7b4610c91
565c1cd1ceb699bba7931fccdc65c808,82cd1a3a19329200edbc0beac4b2516b
565c1cd1ceb699bba7931fccdc65c808,865bdbfbedf3ac2763f1589bf74564f4
565c1cd1ceb699bba7931fccdc65c808,881fe1d6876285e6ee0dfe5bbb26f472
565c1cd1ceb699bba7931fccdc65c808,8c60150a38d6d5c2adcb7d79f0baeb3d
565c1cd1ceb699bba7931fccdc65c808,933d8c9eb64131af717a9cdc426e536d
565c1cd1ceb699bba7931fccdc65c808,9f59df43a23142bc9344707f383dc97c
565c1cd1ceb699bba7931fccdc65c808,aa75aa233ecae2433d8567b30860f50a
56708c667e868f3bdff73e225d7b448f,e65cb32d92d25837eb2aea54808fe324
56f68616b35e58697b77d1eac429284e,6669d5989a9e9da8d5f6a091839c68cd
570ec6e4f7962f5758e962ea2e4fcb3e,5a6d0e971b8fbdd1368e26b99bfab85d
570ec6e4f7962f5758e962ea2e4fcb3e,6deaa78e34652412281d59336c7a0e73
578976c72635e3ff973e4e4dded30a62,60afc1141512b84abd63e32415c5fee3
58063d182f2c0fa3ccbbce5eb3937a99,c9157fbc150c014bc25f184609ca9a91
58a788d1982283c73ef35e822874d0d7,6edcfbaa8ff58d975ad472c703001fc8
58a788d1982283c73ef35e822874d0d7,9f462c7d5fd1c9111bcc4066b4bc88ae
590bf39452ef3923d8df6a58a07f2d19,bf2667ec423b03fa9284a0e8e18b6c29
59333771f70535082019538556b45182,8d4ac87fc77de2b6df8a54638a31d754
594cdfbf1a49205aa5b16d5ac2744f50,83bb016b1b02d7c37d95d13b3b6a0d18
594cdfbf1a49205aa5b16d5ac2744f50,c6267220a143c1b5b8720e5bc2c153ab
595332f3f8cd494054e8040a7392406c,85bb98c3a3fbf76d5fc678c91c283a4c
5a27cf4d7c8450e85fd37255dfd8fcff,9b95c5e5ce4b6e84f2b1b0bc7d46bd6e
5a6d0e971b8fbdd1368e26b99bfab85d,6deaa78e34652412281d59336c7a0e73
5a8154f4618cd9906a8d278161ef3278,a302749217fc022a464f97be044d28ad
5b407187320673c11eb4a4c1fb1017eb,62093f960fbd788595d5073058b768d2
5b407187320673c11eb4a4c1fb1017eb,779ce58bfea1bb050f05a34a23d3e955
5b407187320673c11eb4a4c1fb1017eb,7bb9e532a25a642a3a066eeefc19df94
5b407187320673c11eb4a4c1fb1017eb,abd18900a5e5b1f6b2daad66025a1c19
5b407187320673c11eb4a4c1fb1017eb,c4606d083a06c5b8c373024621d5fe25
5b407187320673c11eb4a4c1fb1017eb,d53370c8d4583539454b7e686f4bf24d
5b407187320673c11eb4a4c1fb1017eb,e335f4587754cb6c0b80e1108d3f108f
5b407187320673c11eb4a4c1fb1017eb,f994618c4929b77ed21a7897c5abc783
5b407187320673c11eb4a4c1fb1017eb,fec23d57a2771f24bd3fce951ab87ded
5ba2c61379aae3420ccf36d3d215832c,ca2648423a852c1507ce53740bdc03e5
5c0bb0028e13be949926345372abe4a7,6f059550b92f75d97f4b4d1238705b41
5c13499287259a86f035e83c0632bc87,7f6b68c16527e104d90d3e62e54266b6
5c90f99681fa92cf80c3267646cb261d,ba851e0162196616fdeb099d1090b2c7
5c957c05a0b9a300f72a1f6e0c91de1e,9b0b9245d11770a572ebb83af4418f74
5c957c05a0b9a300f72a1f6e0c91de1e,eff45e7ac2cdb3739235031d18f7eedb
5d30b584b2397d7e8af28c467223e9e5,80ab7cc5fa126cdd628842f7680b0f8d
5d50166ac2c9a0635c985248b4919472,750e0e97d7e705c11001691499c53a82
5e0936925aa6d50511332b811b74635b,a27d03961e2a25a36e5f8dc06b7d8a3d
5e3cf6c45659dff4beb6e48b0e590ced,5ed0fe813413a5b9ca065c73bdf7241f
5e41ef0940746b41ed1a26721bae7490,73cf4ac84f9ec1e86583c469ba4010fa
5e41ef0940746b41ed1a26721bae7490,e0d18931d0aff0d1f9bfa84174569364
5e86943b22d81836129b2a5ee54832c2,66ade8400146bddf258705a80a5e34b2
5e86943b22d81836129b2a5ee54832c2,a1aabaa02987335c375c30ef3103a02d
5eb6d19d41ab31681068d40f26f5fe55,dc08016b923b5c37c6090be2fcfa2119
5ed0fe813413a5b9ca065c73bdf7241f,5ed0fe813413a5b9ca065c73bdf7241f
5ed0fe813413a5b9ca065c73bdf7241f,fd8c2c0c702dd9cbc4f44e20814680b0
5f0c7b46210003309f0621a3db638be3,b02786098dafb7fec3d0dac893c46d5d
6032390a550c23b3c0c2893ea92f90c5,6482e8470d88cd6a98bd28fc8002540e
603990ae118957fce43a360bccb67e64,768a990c9f9a66dcb6498dd5e27969b1
603990ae118957fce43a360bccb67e64,eef87ad93302388d516651b8b1892978
6040185770bcaf5a607e5eea7ca156a8,7238cd99eb46f858bfa4398c594c91c3
6040185770bcaf5a607e5eea7ca156a8,7f1a69d1f86448f66a39dd73b54db540
60bbec18797997fde95bf6e494852bec,fd078408f52799e523d399e7696522f4
62093f960fbd788595d5073058b768d2,779ce58bfea1bb050f05a34a23d3e955
62093f960fbd788595d5073058b768d2,7bb9e532a25a642a3a066eeefc19df94
62093f960fbd788595d5073058b768d2,abd18900a5e5b1f6b2daad66025a1c19
62093f960fbd788595d5073058b768d2,fec23d57a2771f24bd3fce951ab87ded
621c87cb9cf3466157aef5a133200f27,9674876bf79b007f75573a6c7de66751
621c87cb9cf3466157aef5a133200f27,9a38db29e837c98b0682299773b5fcf5
621c87cb9cf3466157aef5a133200f27,dde8c0690665b399aaa854473d4cfc9f
622bfcced6aaa82d44435dda40add65e,a7bae0a8dc9dfa509a666874136aff89
622bfcced6aaa82d44435dda40add65e,abcd90b9ae48cf0a301608dbec8dfbaf
625ba4dcb61cee69173c13177af9935b,b193ba8e1c5d14c61c942065a492a57f
625ba4dcb61cee69173c13177af9935b,c611652eeef3768467cb863e43eb4854
62931cc15879d72150118c612d40a1c7,dde8c0690665b399aaa854473d4cfc9f
62b87b656a05fdc2fadf71b05bd6e5b6,92a9c9a21cff3b1487c4f1253227491b
6334b3b14a8c8dfc577877e0482c01fd,e0811ea9f280c69af73ecbd35b17f84d
6482e8470d88cd6a98bd28fc8002540e,e9497c45f0680139c6e2b4bf3c466f33
6486bece0d20e3490f4250511810bd9e,67bd19f1e6efecde0a1b6afa03ab5b90
6486bece0d20e3490f4250511810bd9e,b823711271439654f1a34109d24952aa
64af433846a9a5001c67dc8b3c481bca,697da103bc91ed67ba7b3ad50f756016
64d1e6ad7b73a50845d7f9c47f70a022,98ad5468e1e5bbffaa4cb29d7faeb134
6567210cedfa5d140be522e88fa0ec7c,f83194186b69a0ce111040fcb57fbb47
65df482d21351565b79b56a6432aa988,fe979decb024e998c0b601c95db32938
65e3b4e21daab910c4e92ae6560c7d9f,c8132b31dc24ae678053bc1aa8974ba6
66ade8400146bddf258705a80a5e34b2,a1aabaa02987335c375c30ef3103a02d
6790d60b06d8c69d528e4a4f34862d5b,a8b3e481675e6574af68a17e40f05e19
67bd19f1e6efecde0a1b6afa03ab5b90,b823711271439654f1a34109d24952aa
682ca42124874028fbc76d3084652d95,7f5c89d91e8628e3431611728eddd980
68fe545d5788f1c806ec096e9ecdc6e2,faf60a04243e94ce2c9e3e92f04f6179
6940e7a54a811fd13fc2b5fe2ee31b1e,d880a6dc185b06df839d5c6c7df1060f
694e52047bebaead599576c9bb1de796,7dc9b7a62deccc358fbabc28e4921f9b
694e52047bebaead599576c9bb1de796,d6324696eeb5fe0661392fc0f832654f
6a8c7d6d0da4fa89a2a904b8c5a9542a,6c16e088fab8df97a5c0fae08939ebe5
6a8c7d6d0da4fa89a2a904b8c5a9542a,8bd9b03c809c52a29599dea9fa177920
6afc47b36be21c44c9c12f54afbd985a,c46c6fb2b71f7d23111802f9e92a5ccb
6afc47b36be21c44c9c12f54afbd985a,d36bc62ce6f5c0c8e81855836a46b033
6b187a2406600f705e086980cc08150f,71a436cdf9d3a20d3a521c9e204db98d
6b1f802705a0d45f616c30b8feb589bc,b48362d0d7ae17551fcfb0c1761d2ad3
6b4636b4108520452a7307f126b3a5bd,f13a9fed0cabb7f71ece96f83b914206
6b6f94b9f3c23eec424fbee43632aae4,8e6b3ce5cd763b1699475ac43567da99
6b6f94b9f3c23eec424fbee43632aae4,b56efe5324fa98668eaea5d1e43b09e6
6b6f94b9f3c23eec424fbee43632aae4,daa7c024ed03581241e4b276b514c79f
6c64459ae8c7faf266e4c3570478a1bd,c9752daa60f41e608222164d0f06b497
6c64459ae8c7faf266e4c3570478a1bd,e997276c917f9de79f13981b1dce9876
6c64459ae8c7faf266e4c3570478a1bd,fead7a5c7ac57f6d4f79ff242909cfab
6c99b46089f5412b8817d5d1354f131e,eb9879db4f1a2e6f9768d5e11c48c270
6d03a146c1c403a1157df4458e0841ae,8a2f77c7ff8317d52cbfa0765bec1ed2
6df29376b295fab2a4928d73a52ec9f5,d41b5a8e456df933e33e55faf7f38733
6df9a7a74fe678012a2afbb6e6c1c07c,f2a5a199b518259bb14a7cf64592a3a6
6e33e24d26a5cf191c07d970fce9378a,87d3f6cd465ed7311e120e26f7febd96
6e689869b0381b6df13bdcec01367539,b481c8d252cdf1b90c53b152806c79db
6e81db534cf4c0d956e482ab22f8ea91,c811680e041a779d7b69440922ef0209
6edcfbaa8ff58d975ad472c703001fc8,9f462c7d5fd1c9111bcc4066b4bc88ae
6fd85cf38ed471d02c805f843166ac7b,f95b833937db1e7fd9e9fb7cda5c0d4c
700d8c8b1022f37ea5e9589302c395d4,d7600c639d98856061ea29e3323cf557
70de9f0c108317853a9c6af48be9259f,cfec9aa12a6b86cf188e57c5557ca62d
720ef61c3d766850fda8a8ed6773dac3,f596c92dd6764a26aabff4906384bcda
722f50285b03cf552237f556a9df999b,7491a973538b24248b9d2088757a6ac4
722f50285b03cf552237f556a9df999b,cbf2ff17b3db99fa52fa61fb2f18f782
7238cd99eb46f858bfa4398c594c91c3,7f1a69d1f86448f66a39dd73b54db540
7238cd99eb46f858bfa4398c594c91c3,f6ef1b53ebfb34f085ece04aad8e1d3f
73cf4ac84f9ec1e86583c469ba4010fa,df2840df40bf1a1d858114ac0c3bc95c
73cf4ac84f9ec1e86583c469ba4010fa,e0d18931d0aff0d1f9bfa84174569364
73cf4ac84f9ec1e86583c469ba4010fa,e1c1006f779d8fce9a321c87099026dc
73cf4ac84f9ec1e86583c469ba4010fa,fce7ab48c794e6bd14c1c48c345a2762
74114d5caf9d4243a2f19973672692dc,97a3f358b6062b5b2e0b2420a186635d
7423d7c61eeb52af3382a6511d18a8eb,7cb29ac1652a1e36a37eddd52da00225
74e63fa9c2abe0f9db4612e726fe9f5e,ea4e1178d32caea8e28ed8eccfd7ff7d
7553d3e0fcf247aabfa1d4a2333feb72,cd31ec4900fd57fd965b77c07e533b77
7553d3e0fcf247aabfa1d4a2333feb72,e467650ebee1b85bb3de51641fde612d
7553d3e0fcf247aabfa1d4a2333feb72,ea62b41e88bb4b5057da077ba4018088
75cde898621b765df48880fec97ee83c,7f6b68c16527e104d90d3e62e54266b6
75cde898621b765df48880fec97ee83c,b1519145febb08caefdc8b0733f8aba8
764daf77dc5d0df4d42c21accda62ec8,7f5582e850952aba83abbe861b42ea21
768a990c9f9a66dcb6498dd5e27969b1,78a8a0495388a1f149a6ec381355c2b1
768a990c9f9a66dcb6498dd5e27969b1,96385f9b5348b79c469cedb6d1aa4b78
768a990c9f9a66dcb6498dd5e27969b1,acee7c30b4c1330b786b237cfd2412f5
76ff38bb78958c73307a11d54c1beea3,db79cafff4cc862ac3d1bbb717438744
77033b33056cd8ffc8a8396c5d3715a0,8240bd93c87fbbb7a53f2ee9e900d2db
77033b33056cd8ffc8a8396c5d3715a0,93cebd5c988dc653d7f685c46ff0dab3
77033b33056cd8ffc8a8396c5d3715a0,a25a44cf6a8794d2ead5b2a2ea62d5b9
77033b33056cd8ffc8a8396c5d3715a0,eb11cc36e14d7e09ce34475968afeda9
7774e8f48bbb86789a069e1d931936a4,9103ad07c4f18b6dbdc619fe4ac6f95e
7774e8f48bbb86789a069e1d931936a4,aceb4aafd048720c50fe25411b3a9682
7774e8f48bbb86789a069e1d931936a4,af2a54a861688c9dee1337d8e57c47e0
779ce58bfea1bb050f05a34a23d3e955,7bb9e532a25a642a3a066eeefc19df94
779ce58bfea1bb050f05a34a23d3e955,abd18900a5e5b1f6b2daad66025a1c19
779ce58bfea1bb050f05a34a23d3e955,ac6a2b4cf0688ae32b2cd6c3bafd891e
779ce58bfea1bb050f05a34a23d3e955,c4606d083a06c5b8c373024621d5fe25
779ce58bfea1bb050f05a34a23d3e955,d53370c8d4583539454b7e686f4bf24d
779ce58bfea1bb050f05a34a23d3e955,e335f4587754cb6c0b80e1108d3f108f
779ce58bfea1bb050f05a34a23d3e955,f994618c4929b77ed21a7897c5abc783
779ce58bfea1bb050f05a34a23d3e955,fec23d57a2771f24bd3fce951ab87ded
786a6c4e11c80079bee51da47612f43d,e0d18931d0aff0d1f9bfa84174569364
78a8a0495388a1f149a6ec381355c2b1,eef87ad93302388d516651b8b1892978
78f32cac08922e3ff7673922a997abdc,7cae9d46540f4af419489ae3925367be
78fae35b42a38f9700edb45c70e92ab6,a9472a7b88be010e93ac1318244e293f
7a246d3f150d5b69db32e90b37701a24,8bd9b03c809c52a29599dea9fa177920
7ab3c389cc3fa35fea85eebc2ad00923,d6248c223675214ce0e8a2e432c40cab
7abcfa96c7d77339f574eac01689a293,c49ba446dcccc0e01b03f0f362355068
7abcfa96c7d77339f574eac01689a293,f2a3bf85349832ea5a5eedfef732375c
7af4e1442c395e8ac342a5c81f73587a,ed5a84ed8a412ead4a5f132f35a8b6b5
7afdefeab74b26022c1edffcdc7833bc,ab28fa3a4866837983ab5c12ca3dcf51
7b0cd68a2aee1bac64b76f6163eeb4d0,90e63290e57eb309a50b48e2eded3b2f
7b7a74e633b9fe6e4e24c2a9d0fe1347,a3c98212ccea4daed81556505fe6c37d
7b7a74e633b9fe6e4e24c2a9d0fe1347,b7af529a6a212f585eb646e10bf2c374
7bb9e532a25a642a3a066eeefc19df94,abd18900a5e5b1f6b2daad66025a1c19
7bb9e532a25a642a3a066eeefc19df94,c4606d083a06c5b8c373024621d5fe25
7bb9e532a25a642a3a066eeefc19df94,d53370c8d4583539454b7e686f4bf24d
7bb9e532a25a642a3a066eeefc19df94,e335f4587754cb6c0b80e1108d3f108f
7bb9e532a25a642a3a066eeefc19df94,f994618c4929b77ed21a7897c5abc783
7bb9e532a25a642a3a066eeefc19df94,fec23d57a2771f24bd3fce951ab87ded
7be4140cf69ab63367895bbe6346e708,c834dc89715bdfebb21c42ca8ec7301a
7be924e63d1070623e5bce439367620a,8bdd2ee29272620cbf9a04e8da881b57
7c03199fda49af384c64fb120dbd063d,f5bbca57527c21627c55601cefad3cb9
7c2fdf55e7fc20cfffdcf17c5dbcaa25,a2fe0f34cd3c911d26178823eb248c07
7cae9d46540f4af419489ae3925367be,c088438d5b4eede6d66307582088ec19
7cf8de04fb77a859ce5a552f31653f8f,cd2f3efaf591aea93f250600c296801c
7d2b7842cce79877b54a7a7c42c48240,b13793bdaab971434dae3c366bf693ed
7d759b0f46e62ca646eb221452dae94a,a36e958d683d6024109ee4428c1bf6cd
7d759b0f46e62ca646eb221452dae94a,ba182fcd865b40f7c1e3bbf53128d10d
7d759b0f46e62ca646eb221452dae94a,cbfe9813b82b4767e3ab936ee27643bc
7d759b0f46e62ca646eb221452dae94a,d59dd46e47707a6f9abfbb18418b01b5
7d759b0f46e62ca646eb221452dae94a,f600ec2308cec57bfdaeb71f5a9ec0df
7db0cca2b2d2e99a36b8a26507f38237,aa70466ccd5928b819147674e07eafe3
7dc9b7a62deccc358fbabc28e4921f9b,d6324696eeb5fe0661392fc0f832654f
7e70cd4ad3af203d4e7fecab7bd4cb1a,99f372e7eb664d1dda28308b9d162a37
7f1a69d1f86448f66a39dd73b54db540,f6ef1b53ebfb34f085ece04aad8e1d3f
7f6261d284704785edcce6c2fa03ecbf,e5b773a4ced85e1f85423e6e20ec6ab9
7f6b68c16527e104d90d3e62e54266b6,b1519145febb08caefdc8b0733f8aba8
80eef02eca47c6cc8513e2153b4dfcef,971b889e55b4797f184f50c3ca03347f
824a8d639de954fc20b43d69ae1a5364,8f85dce030bab26b18fef69f32cec65d
82cd1a3a19329200edbc0beac4b2516b,865bdbfbedf3ac2763f1589bf74564f4
82cd1a3a19329200edbc0beac4b2516b,881fe1d6876285e6ee0dfe5bbb26f472
82cd1a3a19329200edbc0beac4b2516b,933d8c9eb64131af717a9cdc426e536d
8368bc426521c2e84f1534be1ff8a7bb,f817076ae9b929814df17b0051b19fd3
83bb016b1b02d7c37d95d13b3b6a0d18,c6267220a143c1b5b8720e5bc2c153ab
85ebbf28dcc8123d8510522a7a629729,fb765f5a8c16b7f426c6598a5a09641a
8617062d79f237bd6463e12cf3a50e18,8f73a3675409f604be616ab899017e53
8617062d79f237bd6463e12cf3a50e18,9d2dae7ac5ee5ea1ea4eabca7c1a37a3
8617062d79f237bd6463e12cf3a50e18,9fc93d561e5fc5f6dfb7461e9593f8da
8617062d79f237bd6463e12cf3a50e18,c0b578dce5e6c0002f85cac9e8ef5bc8
8617062d79f237bd6463e12cf3a50e18,f4e12b479de966de565e8d5602b1a6d0
865bdbfbedf3ac2763f1589bf74564f4,881fe1d6876285e6ee0dfe5bbb26f472
865bdbfbedf3ac2763f1589bf74564f4,933d8c9eb64131af717a9cdc426e536d
8681701eb6a47863e49f4d4486d5d8e0,af5f28725d0c9cf55db03e8a5158d2c5
874387f0a8e303dd14f4643c2fc7b05a,f7d46bb651fec5df4eb621a5fe49b0e8
874d3ab3b7ad14168a514f8d4e067e25,8a2f77c7ff8317d52cbfa0765bec1ed2
8791815ece029ef2c5ed419e69dc19e8,889f5becf4baf4c55d469cd6b2b270b5
8791815ece029ef2c5ed419e69dc19e8,997ad37d633fa0474cab513b13d8268e
87a8ebae219628e517c6a2fc8a0257b7,b447b99436f40717c92b907d2533582d
87a8ebae219628e517c6a2fc8a0257b7,d64a5ea657a8b83310691b976f903b7b
87cba7e6df2a8b95c8dc8d985d873a98,9709b7c80321214cc800152f62e691c4
881fe1d6876285e6ee0dfe5bbb26f472,8c60150a38d6d5c2adcb7d79f0baeb3d
881fe1d6876285e6ee0dfe5bbb26f472,933d8c9eb64131af717a9cdc426e536d
881fe1d6876285e6ee0dfe5bbb26f472,9f59df43a23142bc9344707f383dc97c
881fe1d6876285e6ee0dfe5bbb26f472,aa75aa233ecae2433d8567b30860f50a
88bf28731e6ccf762677a3a30305bb90,e941652b5933125b335628ff826d95c7
88e8741961db4471ee2fd9fbdfbd3adb,dc2710be5107743e4cfafc961fda6f96
896a2530362ab68f80768a9a221118f7,8a2f77c7ff8317d52cbfa0765bec1ed2
896a2530362ab68f80768a9a221118f7,8f3583538a1f4765400361ee838d3936
896a2530362ab68f80768a9a221118f7,f48f9f08424188e726c9dd6b4b19847c
8a012d07355b7855317ac32a613d9276,c7da59509e87e46c58a5dd20ca7b9dc1
8a2f77c7ff8317d52cbfa0765bec1ed2,8f3583538a1f4765400361ee838d3936
8a2f77c7ff8317d52cbfa0765bec1ed2,f48f9f08424188e726c9dd6b4b19847c
8a71268e0bd8b020b6f667349130b601,d264f91a33225f4acc1f8274fba60815
8a9768afa71a2fcf82e34d7744f75880,e925e7e97cdf14061e006a5931d86448
8ab923659b163ba0225c3a1be849177a,f3040d0e69d62d31e799acfd920fa3fd
8b5e7d22f8fff54af04461e5158e4e42,e68239ba955da5cea8b5a6cd1a15d3f9
8bdd2ee29272620cbf9a04e8da881b57,8fc93c29ddbec6ec7f8453c64f00e0aa
8bf8376546515aee52076fde2e93bb00,e43734ef8781a3302a96c2647112e644
8c04825e79da55baaffd48f3491d582e,afc5d86ef0a9511cf670328df3d47862
8c04825e79da55baaffd48f3491d582e,e47c9593b1542e9997258fda445269c7
8c18a46eedadee5fc3fc070e32ffdbec,e5b20938817524daa4319daba3897f57
8c1b3041fe79145bb16064d4ce75c9d0,97cf8c5d4834432e74a7433cfaada01b
8cd0e8315511449ae90989f36d3daa94,8cd0e8315511449ae90989f36d3daa94
8cd0e8315511449ae90989f36d3daa94,fe505b9a2e1103a6491c4cfc229c7f03
8d7cf3b1ef07a3fa015363ade6f1fb84,9180c2cfccb38276e3f65430ea98c122
8d7cf3b1ef07a3fa015363ade6f1fb84,f111d7c588ee26beaa71aead8a195831
8db25a3083c70fbcf26d4300f991b52e,bba359f11d0238fa85e7c378ac34c2cd
8ddf217c0dfb5da4e20986d1acbe33eb,959cd1f29ce9e2efae57b9ec76818f8d
8e6b3ce5cd763b1699475ac43567da99,b56efe5324fa98668eaea5d1e43b09e6
8e6b3ce5cd763b1699475ac43567da99,daa7c024ed03581241e4b276b514c79f
8e95a0cbd161ea2536c327df689e6a69,b0f1cdcf055f07cde03abf271e398fcb
8e95a0cbd161ea2536c327df689e6a69,c576a0eb7afa3569b498048655e8de2a
8e95a0cbd161ea2536c327df689e6a69,c8207338d43a6c0c1d34835d9d913e5b
8e95a0cbd161ea2536c327df689e6a69,ea3c68942e30ccea7deba1acbc29f75c
8ea9d78c963a34cec7112ed576af5811,bf8e6d2069d36c547e74eebc9e41bd99
8f73a3675409f604be616ab899017e53,9d2dae7ac5ee5ea1ea4eabca7c1a37a3
8f73a3675409f604be616ab899017e53,f4e12b479de966de565e8d5602b1a6d0
904f71ecf641aacb4af7ad3d28364700,cb4e0dc3c4ab0cbadd8b67a0473d9a8a
915ff298eb261d2f6dd824d264f04a04,f5050b0349de2b454d339649e23e7494
918ae927c301957aaedb857d0aa8fefe,ffb75eb4928613088b8534563636b95c
91c2b68e9feec5a2ca2cff9ea811f79f,c587b0a73c81da27e7b406f2c8816b36
9217df09bf63ed263674f7ead44d6159,f0cbeaefe5a7f34bf359642ee0b9c282
932e32316887da9eaaa163e060e9da12,c20c2e1fa2aed5496916c6f7b707f73f
93618f7515228c71c5c3dd1278fa80f8,d895ed03b90d0f89f936a3e61cafa4ea
93cebd5c988dc653d7f685c46ff0dab3,a25a44cf6a8794d2ead5b2a2ea62d5b9
950a462c5ad647d1ad212157df1003ee,b2defe37f0fbea093bf98874fcd42b51
9518ad9b0956aeb0763fe1295e1dc249,bbda2e17b848075b2e951f1309616bb2
9520d4558769d0b0c551d260d6fbfea6,def52cfc7b3b66685738ef93971cc16a
9537430a9d74695a562100c99429ff6e,9537430a9d74695a562100c99429ff6e
95c7610fe747646412d515d482b1b062,cea7b430d7281a19896165160a05d97c
96278472fdabda7ec3c6b654bfa8f7f3,b17b1dd8ded4ceeb8336882df698ec1c
96385f9b5348b79c469cedb6d1aa4b78,eef87ad93302388d516651b8b1892978
9674876bf79b007f75573a6c7de66751,dde8c0690665b399aaa854473d4cfc9f
9753f32ed32367d3ee3593a3e2475ffd,97a3f358b6062b5b2e0b2420a186635d
97645d95108d8a8a3681d7a07448687d,edf7d065a31f787685e85c865b7c04c9
98312244a26e14effaf84d7941f62403,bdcb44ccc09a67da4e71695d738b1474
98312244a26e14effaf84d7941f62403,ef6c2e1883a717bb4e834dee82ef6cd3
986b7c385ddf9517584c45077aa90362,986b7c385ddf9517584c45077aa90362
9879a488a975e1089616368a07222122,cc34cc7c10b3783c6705d456e8d4be4d
98f4b1c4cf6bf603467021d45fd57da0,e59f7d3d1500a2edec7abfbd89b5c371
99790562f2cee165208d84acefc492be,99d69f8f2489c93875cd5e433fc425d3
9ae4b066f0b2ce4327b3b15cedcc2937,d398291c77b2a08ffbcedb91e945d8c4
9b07498e274a8ed6a850470899085f7d,f4a714d2164362c0a6260a406abaf1a1
9bb37994b8a6c9841b407706c271fbe2,ff497999827a6ba553eaa05660e3c905
9bcf1fc41f6314739a4b06b7c20f8b43,b1188404eb354768e2a79af1b4ebe04b
9c60d7db96999800cc1e26710c7196d7,a67de8962d870be9f3fa8c12a1d8c5ed
9d1fccfe945ca758eb4426b54e593efc,e467650ebee1b85bb3de51641fde612d
9d1fccfe945ca758eb4426b54e593efc,ee7417b8692349e69361c5a02a99a79c
9d2dae7ac5ee5ea1ea4eabca7c1a37a3,9fc93d561e5fc5f6dfb7461e9593f8da
9d2dae7ac5ee5ea1ea4eabca7c1a37a3,c0b578dce5e6c0002f85cac9e8ef5bc8
9d2dae7ac5ee5ea1ea4eabca7c1a37a3,f4e12b479de966de565e8d5602b1a6d0
9d88a6c6a05cd5ce31f350fa462015a3,b5a3df3a76cb302e991270345ce7dcfa
9e35f2d6f9b070d967c35885b416ec92,b833d3894171dcc5ff11ed170b59bdbe
9f55163cc4d56f59951d0b0a0656ea22,bcddf153046ad3d990bea81c3ec0801a
9f55163cc4d56f59951d0b0a0656ea22,f09b414716f7a2bb38345b1b55f2c1c3
9f59df43a23142bc9344707f383dc97c,aa75aa233ecae2433d8567b30860f50a
9f82d23520476171e4c24d46749c5c3a,a17755645cd1eed08536979c0c72c792
9f82d23520476171e4c24d46749c5c3a,dd19ffd2cfc8603ce61be8920223c1a7
9f82d23520476171e4c24d46749c5c3a,f40315c29489cccaaf4ebdbe6cf741bc
9fc93d561e5fc5f6dfb7461e9593f8da,c0b578dce5e6c0002f85cac9e8ef5bc8
a06a55553759747bb9c67e0ddfd9eb88,f55389482d802f17d5855e5aa7cd323f
a17755645cd1eed08536979c0c72c792,f40315c29489cccaaf4ebdbe6cf741bc
a17755645cd1eed08536979c0c72c792,fcd803077fd2090becc30ebc1bc8697e
a1a09beb870e006771a3983b5f59d427,c992c1c0170486a16df99437277d73aa
a36e958d683d6024109ee4428c1bf6cd,d59dd46e47707a6f9abfbb18418b01b5
a3c98212ccea4daed81556505fe6c37d,b7af529a6a212f585eb646e10bf2c374
a406b8ccc6eef8f7c03749f73843f17c,e0d5cff379ee796af77c86c0be3796fa
a407058a8e31686cc5d6c11faa691e82,a8282f7ac20dc4edb71f643dfd51a585
a4cbedc8abff7d8ba469dbcda84ee900,c1d3c64be703c427f5f1d661568148fe
a535ad7899bcd8cdb7f90ac2f28dd965,d09a709c64ffbb1aff2897eacbafcd64
a581e375a0de56b2a4177269aab32614,faf3c49d0f27597bfa8b589a3e03668c
a59726eb623857fdd1c5dd6975b33821,c9157fbc150c014bc25f184609ca9a91
a6ae64bccfca9adf781d71d3105e8f58,e4b952244f5d71129e7224ad18939c1c
a6b780c48d39ac9827485b59352f885c,bf8e6d2069d36c547e74eebc9e41bd99
a8387f1ce6f555758f88d35611956cc4,e8ca8a01e2d33b9344ae020cacda265f
a8b971347dd206d6acbe7286e379ce6a,def52cfc7b3b66685738ef93971cc16a
a8fe6db90cc6d38399b8d9b5d5e1c017,bb06e929d2030419dee8f37bd57c499b
a97aeb65526e73a1eecaaa1036a748a2,fc37cd5d95dd29ec53965ad0a7a5c0eb
a9ab6cf2a0bac47918d6ec4665623b88,cc72c48afda21c6bc8d458d88cdb1052
aa91b8b7c116c25d5a8cb4116dc1fd26,e0947641cb8188866f2fddc919b4d5b7
aa9a0ebc3dca44be855cc049780b4e93,c58aa0637c2cc5f23f8d096c88365494
aabae0831c9e0ddb21332d113ac4cc44,d843bac19504499ae95f8ff59c79d9cc
aac21e2762dcc59b6b59530d4ffb2305,d3fb9c14f0a4ce345bf4f8e590e26ab1
aac21e2762dcc59b6b59530d4ffb2305,d66a5d9bd013599cc08d7c00c4c9ed63
aae761b17629b5505cbd90a1be86b758,cd31ec4900fd57fd965b77c07e533b77
ab28fa3a4866837983ab5c12ca3dcf51,bd211994114cbceb842ba1b954760ea4
ab28fa3a4866837983ab5c12ca3dcf51,f8c6b93c69f022df57bc9b9d7ad633eb
ab859376bb3b92d82a7df5307aa7aee0,d93b227c7305762909308f3820fb48e8
abd18900a5e5b1f6b2daad66025a1c19,c4606d083a06c5b8c373024621d5fe25
abd18900a5e5b1f6b2daad66025a1c19,d53370c8d4583539454b7e686f4bf24d
abd18900a5e5b1f6b2daad66025a1c19,e335f4587754cb6c0b80e1108d3f108f
abd18900a5e5b1f6b2daad66025a1c19,f994618c4929b77ed21a7897c5abc783
abd18900a5e5b1f6b2daad66025a1c19,fec23d57a2771f24bd3fce951ab87ded
ac36c94e00d60934a23d3ef09d7c40f3,db79cafff4cc862ac3d1bbb717438744
acee7c30b4c1330b786b237cfd2412f5,eef87ad93302388d516651b8b1892978
ad7e19894522a27810333fa7eae3275f,dafafe134bfbe2f610706f86e1037d7d
ae62be5f3c5bc7e7f4f7ca28e916be57,c712196a5c0d8193901baf62f229fe7f
af5f28725d0c9cf55db03e8a5158d2c5,b34a50f2d6fc5a3df4ff844b5ab5a3eb
afd7bc9ae8f1fe7fcd3485658aafbf9d,d93b227c7305762909308f3820fb48e8
b0990e55544e35e9e5ebfada35c3478b,e71eb6b5afa6b259222f236d08ba0d55
b10a3d2af6618cbb999e0154b3340f71,bfa716aff8124501c39bfe29859853a2
b10a3d2af6618cbb999e0154b3340f71,f1f0a62bd2e789e30204144bcf419e69
b193ba8e1c5d14c61c942065a492a57f,c611652eeef3768467cb863e43eb4854
b3123a1a259636bb754c4f73832d1e92,ce8227208701a417d468ece78f030ef7
b369d377e0b4ac5eec5c5ed0bb69a029,f5ff0e9e8a75dad269fa95bc19f57181
b447b99436f40717c92b907d2533582d,d64a5ea657a8b83310691b976f903b7b
b5044d57423129ae9cef2c8b794805ff,e28e2cf2d91e06e1a518b840eadd6a96
b56efe5324fa98668eaea5d1e43b09e6,daa7c024ed03581241e4b276b514c79f
b59a0f4f7723f7224892deb194e65f24,d564e4267f823fd78180709ab4bb5ed8
b7af529a6a212f585eb646e10bf2c374,ebb732e3afce606d674d8fe8af7d7ad2
b823711271439654f1a34109d24952aa,ca56a2451c5728f2d37db244ffda4213
b826f6656737752c9f8de3780dc8037f,cc72c48afda21c6bc8d458d88cdb1052
b868638a58e7e7f8eabacdcc84c698f0,cba29bb1efab5a4f5cf8093764843b57
b8d69f50fbf07d74e5348d04744791fb,fd8a06a5f5f803ec34158ce2bbf15f82
b95bc0cc6cdd2820202269d841451c68,f832c4589043262bf8da62e8b1627b97
ba182fcd865b40f7c1e3bbf53128d10d,cbfe9813b82b4767e3ab936ee27643bc
ba182fcd865b40f7c1e3bbf53128d10d,d59dd46e47707a6f9abfbb18418b01b5
ba182fcd865b40f7c1e3bbf53128d10d,f600ec2308cec57bfdaeb71f5a9ec0df
ba851e0162196616fdeb099d1090b2c7,e0cdb2fae3154b9aa946e95b40f64167
baa88fb1c8420c1219de35e7a03168a0,c9728713969be15c287426d778b8aabf
bcddf153046ad3d990bea81c3ec0801a,f09b414716f7a2bb38345b1b55f2c1c3
bd211994114cbceb842ba1b954760ea4,f8c6b93c69f022df57bc9b9d7ad633eb
bd8cdec8ccd120a02c9ef6ab121486f5,c5f74d523c92fa0300b9ce1f63a59542
bd8cdec8ccd120a02c9ef6ab121486f5,fa528c0eaf9be4d677f81316d4b2fb35
bdcb44ccc09a67da4e71695d738b1474,ef6c2e1883a717bb4e834dee82ef6cd3
bdcf079fac7cd9e77d916e63740fb3dd,d89593aee5c4aeaa7bdff6d61fa8399e
be09d27197ccab3533c7399b20a7d59e,cd2207cbe95d9dedd986d3313b2fc10e
bfd05076063c74224e3e95aa6f2fa7d9,c834dc89715bdfebb21c42ca8ec7301a
c0bcea7ad8fa22b1bcfd2fb3850c3c88,ec6858e272bc0ab222c0c2e92bb2b7ee
c127a5b2b7195065b619184345f276c9,ca7bdb3665db063226cd40fe66cf8622
c13498a8e446752ded7b5743d35e1f56,f03b19e9d18be858a37e304b11cd79de
c13498a8e446752ded7b5743d35e1f56,f35bd626410bf49fdb7818feb6e47100
c37bf243ff153d670d02dc41db6182ec,ce119ad75cd5f8e8b19b0542a47e2eb3
c394240bca067c61e2cd04cd1ed64a52,e830a8006b472d6f8179656426ea9266
c394240bca067c61e2cd04cd1ed64a52,ff211d61a008e646398279252d7d1dfb
c45accf20ed83d8c92ae61c9deda76c2,e6ca8e22f773591b48e87465d3153a60
c4606d083a06c5b8c373024621d5fe25,d53370c8d4583539454b7e686f4bf24d
c4606d083a06c5b8c373024621d5fe25,e335f4587754cb6c0b80e1108d3f108f
c4606d083a06c5b8c373024621d5fe25,f994618c4929b77ed21a7897c5abc783
c46c6fb2b71f7d23111802f9e92a5ccb,d36bc62ce6f5c0c8e81855836a46b033
c46c6fb2b71f7d23111802f9e92a5ccb,eef7426aaad8373d6e6b4681189a0495
c49ba446dcccc0e01b03f0f362355068,f2a3bf85349832ea5a5eedfef732375c
c5f74d523c92fa0300b9ce1f63a59542,fa528c0eaf9be4d677f81316d4b2fb35
c712196a5c0d8193901baf62f229fe7f,e9dd271743e172c9c87554e0b93e2c68
c767ea106e7ad003ea2ec75c7936caa4,f608859669a9e96ddcc54acb6f45b208
c94559bd602d3a6e11172bf194625b0c,fe505b9a2e1103a6491c4cfc229c7f03
c947f3a44073d5ea2e1424a923bd5f58,d5a14308a7380a07fefebc67659dd8ad
c9752daa60f41e608222164d0f06b497,e997276c917f9de79f13981b1dce9876
c9752daa60f41e608222164d0f06b497,fead7a5c7ac57f6d4f79ff242909cfab
cbfe9813b82b4767e3ab936ee27643bc,d59dd46e47707a6f9abfbb18418b01b5
cbfe9813b82b4767e3ab936ee27643bc,f600ec2308cec57bfdaeb71f5a9ec0df
cc34cc7c10b3783c6705d456e8d4be4d,eee8e88dcf4dafe010a9a9c33607287b
cd02bad94b64475690be2267a3df497c,e7400447b0e7c080a3e237f644f1520b
cd31ec4900fd57fd965b77c07e533b77,e467650ebee1b85bb3de51641fde612d
cd31ec4900fd57fd965b77c07e533b77,ff98fa5d763a2c4cc988590b8f14893c
d36bc62ce6f5c0c8e81855836a46b033,eef7426aaad8373d6e6b4681189a0495
d53370c8d4583539454b7e686f4bf24d,e335f4587754cb6c0b80e1108d3f108f
d53370c8d4583539454b7e686f4bf24d,f994618c4929b77ed21a7897c5abc783
d59dd46e47707a6f9abfbb18418b01b5,f600ec2308cec57bfdaeb71f5a9ec0df
d5a21b9e405481ec322ed7727404e47b,ee1c0152e0174ceb2b391fbfc51a2a3d
d677721ced2e866a0aedc385317bc362,e5b20938817524daa4319daba3897f57
d794b4cb394bec9ccb20a0da8a3b7f50,f4c78abdddc858d07c2a0866222ff0fd
d987c87c419b8f4c33edb845149bb12a,e27254fb366c53c67590aa616185c035
db7ff4a42f4338bdf920fb4c3bdc2d13,f5050b0349de2b454d339649e23e7494
de0d1e7836f6c54d8ec9564e29759707,ed50e2241ec2aca936349d310d8b36a8
df2840df40bf1a1d858114ac0c3bc95c,e0d18931d0aff0d1f9bfa84174569364
e045b8e7442dd7f8ddc7acdbdd233125,faf3c49d0f27597bfa8b589a3e03668c
e0947641cb8188866f2fddc919b4d5b7,f0456d36179d4f44b394395b195d4578
e0d18931d0aff0d1f9bfa84174569364,e1c1006f779d8fce9a321c87099026dc
e0d18931d0aff0d1f9bfa84174569364,fce7ab48c794e6bd14c1c48c345a2762
e0d8113e09db8805fa89dd2700671288,ffe9ca553eb55086233f48a64d45259d
e335f4587754cb6c0b80e1108d3f108f,f994618c4929b77ed21a7897c5abc783
e335f4587754cb6c0b80e1108d3f108f,fec23d57a2771f24bd3fce951ab87ded
e467650ebee1b85bb3de51641fde612d,ea62b41e88bb4b5057da077ba4018088
e467650ebee1b85bb3de51641fde612d,edec5ab4ec083c124e17276f362254c4
e467650ebee1b85bb3de51641fde612d,ff98fa5d763a2c4cc988590b8f14893c
e4767825aa9f9f87ed2da17aadad4229,ee14c6e6b18fc495ffc82fbe45d6f6ce
e4767825aa9f9f87ed2da17aadad4229,f910502a277e14a8e94d27407dbb7122
e4990d523d7f488bd4aad65736e75299,f4ca77d3f0a1b32f21b42bfbbfbb0334
e68239ba955da5cea8b5a6cd1a15d3f9,ed002d2d7ae8ae72b7e9152bf1a61a50
e997276c917f9de79f13981b1dce9876,fead7a5c7ac57f6d4f79ff242909cfab
ea3ccf43b79b8bedea0c67284ac49a78,f0cbeaefe5a7f34bf359642ee0b9c282
ea62b41e88bb4b5057da077ba4018088,edec5ab4ec083c124e17276f362254c4
edca5bff50fbfe4d711462d647f1884a,f55389482d802f17d5855e5aa7cd323f
ee14c6e6b18fc495ffc82fbe45d6f6ce,f910502a277e14a8e94d27407dbb7122
ee1c0152e0174ceb2b391fbfc51a2a3d,fc787ef6fd2b37ea588bf29e3c42d86a
f03b19e9d18be858a37e304b11cd79de,f35bd626410bf49fdb7818feb6e47100
f09b414716f7a2bb38345b1b55f2c1c3,ff211d61a008e646398279252d7d1dfb
f40315c29489cccaaf4ebdbe6cf741bc,fcd803077fd2090becc30ebc1bc8697e
f5050b0349de2b454d339649e23e7494,faf3c49d0f27597bfa8b589a3e03668c
f5861e51f265c6699c0bda8d9a3923af,fce0e12315a423a7daf48a05f5eabad5
f994618c4929b77ed21a7897c5abc783,fec23d57a2771f24bd3fce951ab87ded
