transition,pair_type,change_category,count
20090801_000716_9d008057_to_20111010_015605_87a3370b,added,both_added,261
20090801_000716_9d008057_to_20111010_015605_87a3370b,added,method_a_added,25
20090801_000716_9d008057_to_20111010_015605_87a3370b,added,method_b_added,31
20090801_000716_9d008057_to_20111010_015605_87a3370b,added,pair_formed_naturally,41
20111010_015605_87a3370b_to_20120209_113131_71b65ab6,added,both_added,213
20111010_015605_87a3370b_to_20120209_113131_71b65ab6,added,method_a_added,36
20111010_015605_87a3370b_to_20120209_113131_71b65ab6,added,method_b_added,32
20111010_015605_87a3370b_to_20120209_113131_71b65ab6,added,pair_formed_by_refactoring,22
20111010_015605_87a3370b_to_20120209_113131_71b65ab6,added,pair_formed_naturally,99
20111010_015605_87a3370b_to_20120209_113131_71b65ab6,deleted,both_deleted,18
20111010_015605_87a3370b_to_20120209_113131_71b65ab6,deleted,method_a_deleted,11
20111010_015605_87a3370b_to_20120209_113131_71b65ab6,deleted,method_b_deleted,6
20111010_015605_87a3370b_to_20120209_113131_71b65ab6,deleted,pair_dissolved_by_refactoring,21
20111010_015605_87a3370b_to_20120209_113131_71b65ab6,deleted,pair_dissolved_naturally,94
20111010_015605_87a3370b_to_20120209_113131_71b65ab6,persisted,stable_unchanged,142
20111010_015605_87a3370b_to_20120209_113131_71b65ab6,persisted,stable_with_minor_changes,66
20120209_113131_71b65ab6_to_20120529_212811_10e3edea,added,both_added,293
20120209_113131_71b65ab6_to_20120529_212811_10e3edea,added,method_a_added,42
20120209_113131_71b65ab6_to_20120529_212811_10e3edea,added,method_b_added,43
20120209_113131_71b65ab6_to_20120529_212811_10e3edea,added,pair_formed_by_refactoring,61
20120209_113131_71b65ab6_to_20120529_212811_10e3edea,added,pair_formed_naturally,158
20120209_113131_71b65ab6_to_20120529_212811_10e3edea,deleted,both_deleted,75
20120209_113131_71b65ab6_to_20120529_212811_10e3edea,deleted,method_a_deleted,15
20120209_113131_71b65ab6_to_20120529_212811_10e3edea,deleted,method_b_deleted,24
20120209_113131_71b65ab6_to_20120529_212811_10e3edea,deleted,pair_dissolved_by_refactoring,49
20120209_113131_71b65ab6_to_20120529_212811_10e3edea,deleted,pair_dissolved_naturally,105
20120209_113131_71b65ab6_to_20120529_212811_10e3edea,persisted,stable_unchanged,274
20120209_113131_71b65ab6_to_20120529_212811_10e3edea,persisted,stable_with_minor_changes,68
20120529_212811_10e3edea_to_20121101_053615_026bc001,added,both_added,128
20120529_212811_10e3edea_to_20121101_053615_026bc001,added,method_a_added,40
20120529_212811_10e3edea_to_20121101_053615_026bc001,added,method_b_added,42
20120529_212811_10e3edea_to_20121101_053615_026bc001,added,pair_formed_by_copy,2
20120529_212811_10e3edea_to_20121101_053615_026bc001,added,pair_formed_by_refactoring,11
20120529_212811_10e3edea_to_20121101_053615_026bc001,added,pair_formed_naturally,129
20120529_212811_10e3edea_to_20121101_053615_026bc001,deleted,both_deleted,107
20120529_212811_10e3edea_to_20121101_053615_026bc001,deleted,method_a_deleted,4
20120529_212811_10e3edea_to_20121101_053615_026bc001,deleted,method_b_deleted,10
20120529_212811_10e3edea_to_20121101_053615_026bc001,deleted,pair_dissolved_by_refactoring,13
20120529_212811_10e3edea_to_20121101_053615_026bc001,deleted,pair_dissolved_naturally,154
20120529_212811_10e3edea_to_20121101_053615_026bc001,persisted,stable_unchanged,489
20120529_212811_10e3edea_to_20121101_053615_026bc001,persisted,stable_with_minor_changes,162
20121101_053615_026bc001_to_20130212_043101_13c5d72a,added,both_added,155
20121101_053615_026bc001_to_20130212_043101_13c5d72a,added,method_a_added,68
20121101_053615_026bc001_to_20130212_043101_13c5d72a,added,method_b_added,55
20121101_053615_026bc001_to_20130212_043101_13c5d72a,added,pair_formed_by_copy,3
20121101_053615_026bc001_to_20130212_043101_13c5d72a,added,pair_formed_by_refactoring,53
20121101_053615_026bc001_to_20130212_043101_13c5d72a,added,pair_formed_naturally,193
20121101_053615_026bc001_to_20130212_043101_13c5d72a,deleted,both_deleted,29
20121101_053615_026bc001_to_20130212_043101_13c5d72a,deleted,method_a_deleted,12
20121101_053615_026bc001_to_20130212_043101_13c5d72a,deleted,method_b_deleted,10
20121101_053615_026bc001_to_20130212_043101_13c5d72a,deleted,pair_dissolved_by_refactoring,44
20121101_053615_026bc001_to_20130212_043101_13c5d72a,deleted,pair_dissolved_naturally,219
20121101_053615_026bc001_to_20130212_043101_13c5d72a,persisted,stable_unchanged,532
20121101_053615_026bc001_to_20130212_043101_13c5d72a,persisted,stable_with_minor_changes,157
20130212_043101_13c5d72a_to_20130520_021854_68953ed9,added,both_added,95
20130212_043101_13c5d72a_to_20130520_021854_68953ed9,added,method_a_added,27
20130212_043101_13c5d72a_to_20130520_021854_68953ed9,added,method_b_added,24
20130212_043101_13c5d72a_to_20130520_021854_68953ed9,added,pair_formed_by_refactoring,34
20130212_043101_13c5d72a_to_20130520_021854_68953ed9,added,pair_formed_naturally,202
20130212_043101_13c5d72a_to_20130520_021854_68953ed9,deleted,both_deleted,31
20130212_043101_13c5d72a_to_20130520_021854_68953ed9,deleted,method_a_deleted,31
20130212_043101_13c5d72a_to_20130520_021854_68953ed9,deleted,method_b_deleted,24
20130212_043101_13c5d72a_to_20130520_021854_68953ed9,deleted,pair_dissolved_by_refactoring,40
20130212_043101_13c5d72a_to_20130520_021854_68953ed9,deleted,pair_dissolved_naturally,185
20130212_043101_13c5d72a_to_20130520_021854_68953ed9,persisted,stable_unchanged,732
20130212_043101_13c5d72a_to_20130520_021854_68953ed9,persisted,stable_with_minor_changes,173
20130520_021854_68953ed9_to_20130906_121306_ebee2f8e,added,both_added,623
20130520_021854_68953ed9_to_20130906_121306_ebee2f8e,added,method_a_added,77
20130520_021854_68953ed9_to_20130906_121306_ebee2f8e,added,method_b_added,121
20130520_021854_68953ed9_to_20130906_121306_ebee2f8e,added,pair_formed_by_copy,16
20130520_021854_68953ed9_to_20130906_121306_ebee2f8e,added,pair_formed_by_refactoring,45
20130520_021854_68953ed9_to_20130906_121306_ebee2f8e,added,pair_formed_naturally,478
20130520_021854_68953ed9_to_20130906_121306_ebee2f8e,deleted,both_deleted,8
20130520_021854_68953ed9_to_20130906_121306_ebee2f8e,deleted,method_a_deleted,13
20130520_021854_68953ed9_to_20130906_121306_ebee2f8e,deleted,method_b_deleted,13
20130520_021854_68953ed9_to_20130906_121306_ebee2f8e,deleted,pair_dissolved_by_refactoring,66
20130520_021854_68953ed9_to_20130906_121306_ebee2f8e,deleted,pair_dissolved_naturally,427
20130520_021854_68953ed9_to_20130906_121306_ebee2f8e,persisted,stable_unchanged,630
20130520_021854_68953ed9_to_20130906_121306_ebee2f8e,persisted,stable_with_minor_changes,130
20130906_121306_ebee2f8e_to_20131225_104438_5e6e590e,added,both_added,255
20130906_121306_ebee2f8e_to_20131225_104438_5e6e590e,added,method_a_added,103
20130906_121306_ebee2f8e_to_20131225_104438_5e6e590e,added,method_b_added,113
20130906_121306_ebee2f8e_to_20131225_104438_5e6e590e,added,pair_formed_by_copy,2
20130906_121306_ebee2f8e_to_20131225_104438_5e6e590e,added,pair_formed_by_refactoring,75
20130906_121306_ebee2f8e_to_20131225_104438_5e6e590e,added,pair_formed_naturally,441
20130906_121306_ebee2f8e_to_20131225_104438_5e6e590e,deleted,both_deleted,140
20130906_121306_ebee2f8e_to_20131225_104438_5e6e590e,deleted,method_a_deleted,43
20130906_121306_ebee2f8e_to_20131225_104438_5e6e590e,deleted,method_b_deleted,53
20130906_121306_ebee2f8e_to_20131225_104438_5e6e590e,deleted,pair_dissolved_by_refactoring,75
20130906_121306_ebee2f8e_to_20131225_104438_5e6e590e,deleted,pair_dissolved_naturally,397
20130906_121306_ebee2f8e_to_20131225_104438_5e6e590e,persisted,stable_unchanged,1139
20130906_121306_ebee2f8e_to_20131225_104438_5e6e590e,persisted,stable_with_minor_changes,273
20131225_104438_5e6e590e_to_20140315_074455_7bb9174e,added,both_added,82
20131225_104438_5e6e590e_to_20140315_074455_7bb9174e,added,method_a_added,21
20131225_104438_5e6e590e_to_20140315_074455_7bb9174e,added,method_b_added,38
20131225_104438_5e6e590e_to_20140315_074455_7bb9174e,added,pair_formed_by_copy,2
20131225_104438_5e6e590e_to_20140315_074455_7bb9174e,added,pair_formed_by_refactoring,53
20131225_104438_5e6e590e_to_20140315_074455_7bb9174e,added,pair_formed_naturally,455
20131225_104438_5e6e590e_to_20140315_074455_7bb9174e,deleted,both_deleted,15
20131225_104438_5e6e590e_to_20140315_074455_7bb9174e,deleted,method_a_deleted,18
20131225_104438_5e6e590e_to_20140315_074455_7bb9174e,deleted,method_b_deleted,23
20131225_104438_5e6e590e_to_20140315_074455_7bb9174e,deleted,pair_dissolved_by_refactoring,63
20131225_104438_5e6e590e_to_20140315_074455_7bb9174e,deleted,pair_dissolved_naturally,470
20131225_104438_5e6e590e_to_20140315_074455_7bb9174e,persisted,stable_unchanged,1427
20131225_104438_5e6e590e_to_20140315_074455_7bb9174e,persisted,stable_with_minor_changes,385
20140315_074455_7bb9174e_to_20140708_042450_d6eace7b,added,both_added,163
20140315_074455_7bb9174e_to_20140708_042450_d6eace7b,added,method_a_added,60
20140315_074455_7bb9174e_to_20140708_042450_d6eace7b,added,method_b_added,89
20140315_074455_7bb9174e_to_20140708_042450_d6eace7b,added,pair_formed_by_copy,3
20140315_074455_7bb9174e_to_20140708_042450_d6eace7b,added,pair_formed_by_refactoring,64
20140315_074455_7bb9174e_to_20140708_042450_d6eace7b,added,pair_formed_naturally,827
20140315_074455_7bb9174e_to_20140708_042450_d6eace7b,deleted,both_deleted,63
20140315_074455_7bb9174e_to_20140708_042450_d6eace7b,deleted,method_a_deleted,14
20140315_074455_7bb9174e_to_20140708_042450_d6eace7b,deleted,method_b_deleted,16
20140315_074455_7bb9174e_to_20140708_042450_d6eace7b,deleted,pair_dissolved_by_refactoring,64
20140315_074455_7bb9174e_to_20140708_042450_d6eace7b,deleted,pair_dissolved_naturally,719
20140315_074455_7bb9174e_to_20140708_042450_d6eace7b,persisted,stable_unchanged,1229
20140315_074455_7bb9174e_to_20140708_042450_d6eace7b,persisted,stable_with_minor_changes,358
20140708_042450_d6eace7b_to_20141204_074003_4661525c,added,both_added,178
20140708_042450_d6eace7b_to_20141204_074003_4661525c,added,method_a_added,140
20140708_042450_d6eace7b_to_20141204_074003_4661525c,added,method_b_added,102
20140708_042450_d6eace7b_to_20141204_074003_4661525c,added,pair_formed_by_copy,22
20140708_042450_d6eace7b_to_20141204_074003_4661525c,added,pair_formed_by_refactoring,61
20140708_042450_d6eace7b_to_20141204_074003_4661525c,added,pair_formed_naturally,414
20140708_042450_d6eace7b_to_20141204_074003_4661525c,deleted,both_deleted,12
20140708_042450_d6eace7b_to_20141204_074003_4661525c,deleted,method_a_deleted,17
20140708_042450_d6eace7b_to_20141204_074003_4661525c,deleted,method_b_deleted,26
20140708_042450_d6eace7b_to_20141204_074003_4661525c,deleted,pair_dissolved_by_refactoring,97
20140708_042450_d6eace7b_to_20141204_074003_4661525c,deleted,pair_dissolved_naturally,421
20140708_042450_d6eace7b_to_20141204_074003_4661525c,persisted,stable_unchanged,1717
20140708_042450_d6eace7b_to_20141204_074003_4661525c,persisted,stable_with_minor_changes,503
20141204_074003_4661525c_to_20150625_024213_55d07c0c,added,both_added,85
20141204_074003_4661525c_to_20150625_024213_55d07c0c,added,method_a_added,57
20141204_074003_4661525c_to_20150625_024213_55d07c0c,added,method_b_added,56
20141204_074003_4661525c_to_20150625_024213_55d07c0c,added,pair_formed_by_refactoring,63
20141204_074003_4661525c_to_20150625_024213_55d07c0c,added,pair_formed_naturally,469
20141204_074003_4661525c_to_20150625_024213_55d07c0c,deleted,both_deleted,14
20141204_074003_4661525c_to_20150625_024213_55d07c0c,deleted,method_a_deleted,12
20141204_074003_4661525c_to_20150625_024213_55d07c0c,deleted,method_b_deleted,14
20141204_074003_4661525c_to_20150625_024213_55d07c0c,deleted,pair_dissolved_by_refactoring,68
20141204_074003_4661525c_to_20150625_024213_55d07c0c,deleted,pair_dissolved_naturally,462
20141204_074003_4661525c_to_20150625_024213_55d07c0c,persisted,stable_unchanged,1964
20141204_074003_4661525c_to_20150625_024213_55d07c0c,persisted,stable_with_minor_changes,603
20150625_024213_55d07c0c_to_20151119_014958_d6ceebab,added,both_added,338
20150625_024213_55d07c0c_to_20151119_014958_d6ceebab,added,method_a_added,121
20150625_024213_55d07c0c_to_20151119_014958_d6ceebab,added,method_b_added,127
20150625_024213_55d07c0c_to_20151119_014958_d6ceebab,added,pair_formed_by_copy,1
20150625_024213_55d07c0c_to_20151119_014958_d6ceebab,added,pair_formed_by_refactoring,100
20150625_024213_55d07c0c_to_20151119_014958_d6ceebab,added,pair_formed_naturally,3815
20150625_024213_55d07c0c_to_20151119_014958_d6ceebab,deleted,both_deleted,8
20150625_024213_55d07c0c_to_20151119_014958_d6ceebab,deleted,method_a_deleted,11
20150625_024213_55d07c0c_to_20151119_014958_d6ceebab,deleted,method_b_deleted,17
20150625_024213_55d07c0c_to_20151119_014958_d6ceebab,deleted,pair_dissolved_by_refactoring,106
20150625_024213_55d07c0c_to_20151119_014958_d6ceebab,deleted,pair_dissolved_naturally,802
20150625_024213_55d07c0c_to_20151119_014958_d6ceebab,persisted,stable_unchanged,1770
20150625_024213_55d07c0c_to_20151119_014958_d6ceebab,persisted,stable_with_minor_changes,583
20151119_014958_d6ceebab_to_20160729_092155_aa88215a,added,both_added,699
20151119_014958_d6ceebab_to_20160729_092155_aa88215a,added,method_a_added,184
20151119_014958_d6ceebab_to_20160729_092155_aa88215a,added,method_b_added,245
20151119_014958_d6ceebab_to_20160729_092155_aa88215a,added,pair_formed_by_copy,10
20151119_014958_d6ceebab_to_20160729_092155_aa88215a,added,pair_formed_by_refactoring,551
20151119_014958_d6ceebab_to_20160729_092155_aa88215a,added,pair_formed_naturally,1065
20151119_014958_d6ceebab_to_20160729_092155_aa88215a,deleted,both_deleted,99
20151119_014958_d6ceebab_to_20160729_092155_aa88215a,deleted,method_a_deleted,40
20151119_014958_d6ceebab_to_20160729_092155_aa88215a,deleted,method_b_deleted,47
20151119_014958_d6ceebab_to_20160729_092155_aa88215a,deleted,pair_dissolved_by_refactoring,608
20151119_014958_d6ceebab_to_20160729_092155_aa88215a,deleted,pair_dissolved_naturally,1041
20151119_014958_d6ceebab_to_20160729_092155_aa88215a,persisted,stable_unchanged,1661
20151119_014958_d6ceebab_to_20160729_092155_aa88215a,persisted,stable_with_minor_changes,3359
20160729_092155_aa88215a_to_20170415_224643_61d84dbf,added,both_added,365
20160729_092155_aa88215a_to_20170415_224643_61d84dbf,added,method_a_added,149
20160729_092155_aa88215a_to_20170415_224643_61d84dbf,added,method_b_added,141
20160729_092155_aa88215a_to_20170415_224643_61d84dbf,added,pair_formed_by_copy,6
20160729_092155_aa88215a_to_20170415_224643_61d84dbf,added,pair_formed_by_refactoring,572
20160729_092155_aa88215a_to_20170415_224643_61d84dbf,added,pair_formed_naturally,851
20160729_092155_aa88215a_to_20170415_224643_61d84dbf,deleted,both_deleted,151
20160729_092155_aa88215a_to_20170415_224643_61d84dbf,deleted,method_a_deleted,62
20160729_092155_aa88215a_to_20170415_224643_61d84dbf,deleted,method_b_deleted,43
20160729_092155_aa88215a_to_20170415_224643_61d84dbf,deleted,pair_dissolved_by_refactoring,587
20160729_092155_aa88215a_to_20170415_224643_61d84dbf,deleted,pair_dissolved_naturally,3846
20160729_092155_aa88215a_to_20170415_224643_61d84dbf,persisted,stable_unchanged,2358
20160729_092155_aa88215a_to_20170415_224643_61d84dbf,persisted,stable_with_minor_changes,727
20170415_224643_61d84dbf_to_20171124_011347_b45325e2,added,both_added,281
20170415_224643_61d84dbf_to_20171124_011347_b45325e2,added,method_a_added,142
20170415_224643_61d84dbf_to_20171124_011347_b45325e2,added,method_b_added,113
20170415_224643_61d84dbf_to_20171124_011347_b45325e2,added,pair_formed_by_copy,18
20170415_224643_61d84dbf_to_20171124_011347_b45325e2,added,pair_formed_by_refactoring,657
20170415_224643_61d84dbf_to_20171124_011347_b45325e2,added,pair_formed_naturally,2096
20170415_224643_61d84dbf_to_20171124_011347_b45325e2,deleted,both_deleted,135
20170415_224643_61d84dbf_to_20171124_011347_b45325e2,deleted,method_a_deleted,136
20170415_224643_61d84dbf_to_20171124_011347_b45325e2,deleted,method_b_deleted,102
20170415_224643_61d84dbf_to_20171124_011347_b45325e2,deleted,pair_dissolved_by_refactoring,709
20170415_224643_61d84dbf_to_20171124_011347_b45325e2,deleted,pair_dissolved_naturally,2283
20170415_224643_61d84dbf_to_20171124_011347_b45325e2,persisted,stable_unchanged,1520
20170415_224643_61d84dbf_to_20171124_011347_b45325e2,persisted,stable_with_minor_changes,284
20171124_011347_b45325e2_to_20180415_085830_d5d5a718,added,both_added,468
20171124_011347_b45325e2_to_20180415_085830_d5d5a718,added,method_a_added,152
20171124_011347_b45325e2_to_20180415_085830_d5d5a718,added,method_b_added,130
20171124_011347_b45325e2_to_20180415_085830_d5d5a718,added,pair_formed_by_copy,4
20171124_011347_b45325e2_to_20180415_085830_d5d5a718,added,pair_formed_by_refactoring,358
20171124_011347_b45325e2_to_20180415_085830_d5d5a718,added,pair_formed_naturally,685
20171124_011347_b45325e2_to_20180415_085830_d5d5a718,deleted,both_deleted,260
20171124_011347_b45325e2_to_20180415_085830_d5d5a718,deleted,method_a_deleted,107
20171124_011347_b45325e2_to_20180415_085830_d5d5a718,deleted,method_b_deleted,97
20171124_011347_b45325e2_to_20180415_085830_d5d5a718,deleted,pair_dissolved_by_refactoring,419
20171124_011347_b45325e2_to_20180415_085830_d5d5a718,deleted,pair_dissolved_naturally,820
20171124_011347_b45325e2_to_20180415_085830_d5d5a718,persisted,stable_unchanged,2985
20171124_011347_b45325e2_to_20180415_085830_d5d5a718,persisted,stable_with_minor_changes,422
20171124_011347_b45325e2_to_20180415_085830_d5d5a718,persisted,stable_with_refactoring,1
20180415_085830_d5d5a718_to_20181029_085706_96d321c7,added,both_added,414
20180415_085830_d5d5a718_to_20181029_085706_96d321c7,added,method_a_added,164
20180415_085830_d5d5a718_to_20181029_085706_96d321c7,added,method_b_added,226
20180415_085830_d5d5a718_to_20181029_085706_96d321c7,added,pair_formed_by_copy,11
20180415_085830_d5d5a718_to_20181029_085706_96d321c7,added,pair_formed_by_refactoring,519
20180415_085830_d5d5a718_to_20181029_085706_96d321c7,added,pair_formed_naturally,890
20180415_085830_d5d5a718_to_20181029_085706_96d321c7,deleted,both_deleted,106
20180415_085830_d5d5a718_to_20181029_085706_96d321c7,deleted,method_a_deleted,98
20180415_085830_d5d5a718_to_20181029_085706_96d321c7,deleted,method_b_deleted,103
20180415_085830_d5d5a718_to_20181029_085706_96d321c7,deleted,pair_dissolved_by_refactoring,586
20180415_085830_d5d5a718_to_20181029_085706_96d321c7,deleted,pair_dissolved_naturally,960
20180415_085830_d5d5a718_to_20181029_085706_96d321c7,persisted,stable_unchanged,2952
20180415_085830_d5d5a718_to_20181029_085706_96d321c7,persisted,stable_with_minor_changes,400
20181029_085706_96d321c7_to_20190309_065227_0d893d08,added,both_added,617
20181029_085706_96d321c7_to_20190309_065227_0d893d08,added,method_a_added,135
20181029_085706_96d321c7_to_20190309_065227_0d893d08,added,method_b_added,183
20181029_085706_96d321c7_to_20190309_065227_0d893d08,added,pair_formed_by_copy,22
20181029_085706_96d321c7_to_20190309_065227_0d893d08,added,pair_formed_by_refactoring,268
20181029_085706_96d321c7_to_20190309_065227_0d893d08,added,pair_formed_naturally,1448
20181029_085706_96d321c7_to_20190309_065227_0d893d08,deleted,both_deleted,214
20181029_085706_96d321c7_to_20190309_065227_0d893d08,deleted,method_a_deleted,73
20181029_085706_96d321c7_to_20190309_065227_0d893d08,deleted,method_b_deleted,133
20181029_085706_96d321c7_to_20190309_065227_0d893d08,deleted,pair_dissolved_by_refactoring,354
20181029_085706_96d321c7_to_20190309_065227_0d893d08,deleted,pair_dissolved_naturally,1454
20181029_085706_96d321c7_to_20190309_065227_0d893d08,persisted,stable_unchanged,2971
20181029_085706_96d321c7_to_20190309_065227_0d893d08,persisted,stable_with_minor_changes,377
20190309_065227_0d893d08_to_20190822_202836_8f6118c6,added,both_added,199
20190309_065227_0d893d08_to_20190822_202836_8f6118c6,added,method_a_added,98
20190309_065227_0d893d08_to_20190822_202836_8f6118c6,added,method_b_added,105
20190309_065227_0d893d08_to_20190822_202836_8f6118c6,added,pair_formed_by_copy,51
20190309_065227_0d893d08_to_20190822_202836_8f6118c6,added,pair_formed_by_refactoring,448
20190309_065227_0d893d08_to_20190822_202836_8f6118c6,added,pair_formed_naturally,4364
20190309_065227_0d893d08_to_20190822_202836_8f6118c6,deleted,both_deleted,65
20190309_065227_0d893d08_to_20190822_202836_8f6118c6,deleted,method_a_deleted,98
20190309_065227_0d893d08_to_20190822_202836_8f6118c6,deleted,method_b_deleted,124
20190309_065227_0d893d08_to_20190822_202836_8f6118c6,deleted,pair_dissolved_by_refactoring,541
20190309_065227_0d893d08_to_20190822_202836_8f6118c6,deleted,pair_dissolved_naturally,4350
20190309_065227_0d893d08_to_20190822_202836_8f6118c6,persisted,stable_unchanged,755
20190309_065227_0d893d08_to_20190822_202836_8f6118c6,persisted,stable_with_minor_changes,88
20190822_202836_8f6118c6_to_20191207_021832_857b3d66,added,both_added,156
20190822_202836_8f6118c6_to_20191207_021832_857b3d66,added,method_a_added,172
20190822_202836_8f6118c6_to_20191207_021832_857b3d66,added,method_b_added,141
20190822_202836_8f6118c6_to_20191207_021832_857b3d66,added,pair_formed_by_copy,15
20190822_202836_8f6118c6_to_20191207_021832_857b3d66,added,pair_formed_by_refactoring,469
20190822_202836_8f6118c6_to_20191207_021832_857b3d66,added,pair_formed_naturally,1557
20190822_202836_8f6118c6_to_20191207_021832_857b3d66,deleted,both_deleted,266
20190822_202836_8f6118c6_to_20191207_021832_857b3d66,deleted,method_a_deleted,111
20190822_202836_8f6118c6_to_20191207_021832_857b3d66,deleted,method_b_deleted,125
20190822_202836_8f6118c6_to_20191207_021832_857b3d66,deleted,pair_dissolved_by_refactoring,523
20190822_202836_8f6118c6_to_20191207_021832_857b3d66,deleted,pair_dissolved_naturally,1470
20190822_202836_8f6118c6_to_20191207_021832_857b3d66,persisted,stable_unchanged,3399
20190822_202836_8f6118c6_to_20191207_021832_857b3d66,persisted,stable_with_minor_changes,214
20191207_021832_857b3d66_to_20200215_185511_b41911e5,added,both_added,140
20191207_021832_857b3d66_to_20200215_185511_b41911e5,added,method_a_added,120
20191207_021832_857b3d66_to_20200215_185511_b41911e5,added,method_b_added,130
20191207_021832_857b3d66_to_20200215_185511_b41911e5,added,pair_formed_by_copy,16
20191207_021832_857b3d66_to_20200215_185511_b41911e5,added,pair_formed_by_refactoring,295
20191207_021832_857b3d66_to_20200215_185511_b41911e5,added,pair_formed_naturally,949
20191207_021832_857b3d66_to_20200215_185511_b41911e5,deleted,both_deleted,119
20191207_021832_857b3d66_to_20200215_185511_b41911e5,deleted,method_a_deleted,72
20191207_021832_857b3d66_to_20200215_185511_b41911e5,deleted,method_b_deleted,70
20191207_021832_857b3d66_to_20200215_185511_b41911e5,deleted,pair_dissolved_by_refactoring,340
20191207_021832_857b3d66_to_20200215_185511_b41911e5,deleted,pair_dissolved_naturally,929
20191207_021832_857b3d66_to_20200215_185511_b41911e5,persisted,stable_unchanged,4288
20191207_021832_857b3d66_to_20200215_185511_b41911e5,persisted,stable_with_minor_changes,305
20200215_185511_b41911e5_to_20200506_164945_18a7e973,added,both_added,230
20200215_185511_b41911e5_to_20200506_164945_18a7e973,added,method_a_added,126
20200215_185511_b41911e5_to_20200506_164945_18a7e973,added,method_b_added,155
20200215_185511_b41911e5_to_20200506_164945_18a7e973,added,pair_formed_by_copy,32
20200215_185511_b41911e5_to_20200506_164945_18a7e973,added,pair_formed_by_refactoring,397
20200215_185511_b41911e5_to_20200506_164945_18a7e973,added,pair_formed_naturally,869
20200215_185511_b41911e5_to_20200506_164945_18a7e973,deleted,both_deleted,31
20200215_185511_b41911e5_to_20200506_164945_18a7e973,deleted,method_a_deleted,72
20200215_185511_b41911e5_to_20200506_164945_18a7e973,deleted,method_b_deleted,99
20200215_185511_b41911e5_to_20200506_164945_18a7e973,deleted,pair_dissolved_by_refactoring,468
20200215_185511_b41911e5_to_20200506_164945_18a7e973,deleted,pair_dissolved_naturally,885
20200215_185511_b41911e5_to_20200506_164945_18a7e973,persisted,stable_unchanged,4371
20200215_185511_b41911e5_to_20200506_164945_18a7e973,persisted,stable_with_minor_changes,317
20200506_164945_18a7e973_to_20200912_100015_2067d7e3,added,both_added,228
20200506_164945_18a7e973_to_20200912_100015_2067d7e3,added,method_a_added,105
20200506_164945_18a7e973_to_20200912_100015_2067d7e3,added,method_b_added,155
20200506_164945_18a7e973_to_20200912_100015_2067d7e3,added,pair_formed_by_copy,11
20200506_164945_18a7e973_to_20200912_100015_2067d7e3,added,pair_formed_by_refactoring,269
20200506_164945_18a7e973_to_20200912_100015_2067d7e3,added,pair_formed_naturally,767
20200506_164945_18a7e973_to_20200912_100015_2067d7e3,deleted,both_deleted,22
20200506_164945_18a7e973_to_20200912_100015_2067d7e3,deleted,method_a_deleted,23
20200506_164945_18a7e973_to_20200912_100015_2067d7e3,deleted,method_b_deleted,22
20200506_164945_18a7e973_to_20200912_100015_2067d7e3,deleted,pair_dissolved_by_refactoring,274
20200506_164945_18a7e973_to_20200912_100015_2067d7e3,deleted,pair_dissolved_naturally,768
20200506_164945_18a7e973_to_20200912_100015_2067d7e3,persisted,stable_unchanged,5130
20200506_164945_18a7e973_to_20200912_100015_2067d7e3,persisted,stable_with_minor_changes,258
20200912_100015_2067d7e3_to_20201127_011850_43fa1600,added,both_added,387
20200912_100015_2067d7e3_to_20201127_011850_43fa1600,added,method_a_added,266
20200912_100015_2067d7e3_to_20201127_011850_43fa1600,added,method_b_added,275
20200912_100015_2067d7e3_to_20201127_011850_43fa1600,added,pair_formed_by_copy,36
20200912_100015_2067d7e3_to_20201127_011850_43fa1600,added,pair_formed_by_refactoring,573
20200912_100015_2067d7e3_to_20201127_011850_43fa1600,added,pair_formed_naturally,1487
20200912_100015_2067d7e3_to_20201127_011850_43fa1600,deleted,both_deleted,102
20200912_100015_2067d7e3_to_20201127_011850_43fa1600,deleted,method_a_deleted,144
20200912_100015_2067d7e3_to_20201127_011850_43fa1600,deleted,method_b_deleted,134
20200912_100015_2067d7e3_to_20201127_011850_43fa1600,deleted,pair_dissolved_by_refactoring,630
20200912_100015_2067d7e3_to_20201127_011850_43fa1600,deleted,pair_dissolved_naturally,1485
20200912_100015_2067d7e3_to_20201127_011850_43fa1600,persisted,stable_unchanged,4199
20200912_100015_2067d7e3_to_20201127_011850_43fa1600,persisted,stable_with_minor_changes,229
20201127_011850_43fa1600_to_20210225_094059_b1363b4c,added,both_added,289
20201127_011850_43fa1600_to_20210225_094059_b1363b4c,added,method_a_added,203
20201127_011850_43fa1600_to_20210225_094059_b1363b4c,added,method_b_added,195
20201127_011850_43fa1600_to_20210225_094059_b1363b4c,added,pair_formed_by_copy,13
20201127_011850_43fa1600_to_20210225_094059_b1363b4c,added,pair_formed_by_refactoring,681
20201127_011850_43fa1600_to_20210225_094059_b1363b4c,added,pair_formed_naturally,1043
20201127_011850_43fa1600_to_20210225_094059_b1363b4c,deleted,both_deleted,54
20201127_011850_43fa1600_to_20210225_094059_b1363b4c,deleted,method_a_deleted,90
20201127_011850_43fa1600_to_20210225_094059_b1363b4c,deleted,method_b_deleted,95
20201127_011850_43fa1600_to_20210225_094059_b1363b4c,deleted,pair_dissolved_by_refactoring,723
20201127_011850_43fa1600_to_20210225_094059_b1363b4c,deleted,pair_dissolved_naturally,1043
20201127_011850_43fa1600_to_20210225_094059_b1363b4c,persisted,stable_unchanged,5167
20201127_011850_43fa1600_to_20210225_094059_b1363b4c,persisted,stable_with_minor_changes,280
20210225_094059_b1363b4c_to_20210608_215541_e4dedcaf,added,both_added,526
20210225_094059_b1363b4c_to_20210608_215541_e4dedcaf,added,method_a_added,156
20210225_094059_b1363b4c_to_20210608_215541_e4dedcaf,added,method_b_added,154
20210225_094059_b1363b4c_to_20210608_215541_e4dedcaf,added,pair_formed_by_copy,35
20210225_094059_b1363b4c_to_20210608_215541_e4dedcaf,added,pair_formed_by_refactoring,725
20210225_094059_b1363b4c_to_20210608_215541_e4dedcaf,added,pair_formed_naturally,1125
20210225_094059_b1363b4c_to_20210608_215541_e4dedcaf,deleted,both_deleted,53
20210225_094059_b1363b4c_to_20210608_215541_e4dedcaf,deleted,method_a_deleted,110
20210225_094059_b1363b4c_to_20210608_215541_e4dedcaf,deleted,method_b_deleted,97
20210225_094059_b1363b4c_to_20210608_215541_e4dedcaf,deleted,pair_dissolved_by_refactoring,737
20210225_094059_b1363b4c_to_20210608_215541_e4dedcaf,deleted,pair_dissolved_naturally,1109
20210225_094059_b1363b4c_to_20210608_215541_e4dedcaf,persisted,stable_unchanged,5468
20210225_094059_b1363b4c_to_20210608_215541_e4dedcaf,persisted,stable_with_minor_changes,297
20210608_215541_e4dedcaf_to_20211021_094940_ad0baebc,added,both_added,139
20210608_215541_e4dedcaf_to_20211021_094940_ad0baebc,added,method_a_added,85
20210608_215541_e4dedcaf_to_20211021_094940_ad0baebc,added,method_b_added,110
20210608_215541_e4dedcaf_to_20211021_094940_ad0baebc,added,pair_formed_by_copy,12
20210608_215541_e4dedcaf_to_20211021_094940_ad0baebc,added,pair_formed_by_refactoring,408
20210608_215541_e4dedcaf_to_20211021_094940_ad0baebc,added,pair_formed_naturally,972
20210608_215541_e4dedcaf_to_20211021_094940_ad0baebc,deleted,both_deleted,76
20210608_215541_e4dedcaf_to_20211021_094940_ad0baebc,deleted,method_a_deleted,41
20210608_215541_e4dedcaf_to_20211021_094940_ad0baebc,deleted,method_b_deleted,33
20210608_215541_e4dedcaf_to_20211021_094940_ad0baebc,deleted,pair_dissolved_by_refactoring,424
20210608_215541_e4dedcaf_to_20211021_094940_ad0baebc,deleted,pair_dissolved_naturally,963
20210608_215541_e4dedcaf_to_20211021_094940_ad0baebc,persisted,stable_both_refactored,3
20210608_215541_e4dedcaf_to_20211021_094940_ad0baebc,persisted,stable_unchanged,6657
20210608_215541_e4dedcaf_to_20211021_094940_ad0baebc,persisted,stable_with_minor_changes,285
20210608_215541_e4dedcaf_to_20211021_094940_ad0baebc,persisted,stable_with_refactoring,4
20211021_094940_ad0baebc_to_20220216_053338_08104e8c,added,both_added,418
20211021_094940_ad0baebc_to_20220216_053338_08104e8c,added,method_a_added,266
20211021_094940_ad0baebc_to_20220216_053338_08104e8c,added,method_b_added,304
20211021_094940_ad0baebc_to_20220216_053338_08104e8c,added,pair_formed_by_copy,16
20211021_094940_ad0baebc_to_20220216_053338_08104e8c,added,pair_formed_by_refactoring,684
20211021_094940_ad0baebc_to_20220216_053338_08104e8c,added,pair_formed_naturally,1052
20211021_094940_ad0baebc_to_20220216_053338_08104e8c,deleted,both_deleted,84
20211021_094940_ad0baebc_to_20220216_053338_08104e8c,deleted,method_a_deleted,163
20211021_094940_ad0baebc_to_20220216_053338_08104e8c,deleted,method_b_deleted,193
20211021_094940_ad0baebc_to_20220216_053338_08104e8c,deleted,pair_dissolved_by_refactoring,863
20211021_094940_ad0baebc_to_20220216_053338_08104e8c,deleted,pair_dissolved_naturally,1113
20211021_094940_ad0baebc_to_20220216_053338_08104e8c,persisted,stable_unchanged,5999
20211021_094940_ad0baebc_to_20220216_053338_08104e8c,persisted,stable_with_minor_changes,260
20220216_053338_08104e8c_to_20220824_021826_224458ee,added,both_added,1591
20220216_053338_08104e8c_to_20220824_021826_224458ee,added,method_a_added,257
20220216_053338_08104e8c_to_20220824_021826_224458ee,added,method_b_added,256
20220216_053338_08104e8c_to_20220824_021826_224458ee,added,pair_formed_by_copy,5
20220216_053338_08104e8c_to_20220824_021826_224458ee,added,pair_formed_by_refactoring,828
20220216_053338_08104e8c_to_20220824_021826_224458ee,added,pair_formed_naturally,999
20220216_053338_08104e8c_to_20220824_021826_224458ee,deleted,both_deleted,4
20220216_053338_08104e8c_to_20220824_021826_224458ee,deleted,method_a_deleted,20
20220216_053338_08104e8c_to_20220824_021826_224458ee,deleted,method_b_deleted,15
20220216_053338_08104e8c_to_20220824_021826_224458ee,deleted,pair_dissolved_by_refactoring,783
20220216_053338_08104e8c_to_20220824_021826_224458ee,deleted,pair_dissolved_naturally,909
20220216_053338_08104e8c_to_20220824_021826_224458ee,persisted,stable_unchanged,7053
20220216_053338_08104e8c_to_20220824_021826_224458ee,persisted,stable_with_minor_changes,215
20220824_021826_224458ee_to_20221228_040034_21d6fcbd,added,both_added,175
20220824_021826_224458ee_to_20221228_040034_21d6fcbd,added,method_a_added,168
20220824_021826_224458ee_to_20221228_040034_21d6fcbd,added,method_b_added,162
20220824_021826_224458ee_to_20221228_040034_21d6fcbd,added,pair_formed_by_copy,95
20220824_021826_224458ee_to_20221228_040034_21d6fcbd,added,pair_formed_by_refactoring,1327
20220824_021826_224458ee_to_20221228_040034_21d6fcbd,added,pair_formed_naturally,1432
20220824_021826_224458ee_to_20221228_040034_21d6fcbd,deleted,both_deleted,1132
20220824_021826_224458ee_to_20221228_040034_21d6fcbd,deleted,method_a_deleted,219
20220824_021826_224458ee_to_20221228_040034_21d6fcbd,deleted,method_b_deleted,283
20220824_021826_224458ee_to_20221228_040034_21d6fcbd,deleted,pair_dissolved_by_refactoring,1283
20220824_021826_224458ee_to_20221228_040034_21d6fcbd,deleted,pair_dissolved_naturally,1482
20220824_021826_224458ee_to_20221228_040034_21d6fcbd,persisted,stable_unchanged,6528
20220824_021826_224458ee_to_20221228_040034_21d6fcbd,persisted,stable_with_minor_changes,277
20221228_040034_21d6fcbd_to_20230402_231338_ac79adcf,added,both_added,1214
20221228_040034_21d6fcbd_to_20230402_231338_ac79adcf,added,method_a_added,228
20221228_040034_21d6fcbd_to_20230402_231338_ac79adcf,added,method_b_added,345
20221228_040034_21d6fcbd_to_20230402_231338_ac79adcf,added,pair_formed_by_copy,43
20221228_040034_21d6fcbd_to_20230402_231338_ac79adcf,added,pair_formed_by_refactoring,765
20221228_040034_21d6fcbd_to_20230402_231338_ac79adcf,added,pair_formed_naturally,1232
20221228_040034_21d6fcbd_to_20230402_231338_ac79adcf,deleted,both_deleted,67
20221228_040034_21d6fcbd_to_20230402_231338_ac79adcf,deleted,method_a_deleted,96
20221228_040034_21d6fcbd_to_20230402_231338_ac79adcf,deleted,method_b_deleted,124
20221228_040034_21d6fcbd_to_20230402_231338_ac79adcf,deleted,pair_dissolved_by_refactoring,818
20221228_040034_21d6fcbd_to_20230402_231338_ac79adcf,deleted,pair_dissolved_naturally,1252
20221228_040034_21d6fcbd_to_20230402_231338_ac79adcf,persisted,stable_unchanged,7482
20221228_040034_21d6fcbd_to_20230402_231338_ac79adcf,persisted,stable_with_minor_changes,325
20230402_231338_ac79adcf_to_20230805_020630_0eeb8cbe,added,both_added,671
20230402_231338_ac79adcf_to_20230805_020630_0eeb8cbe,added,method_a_added,475
20230402_231338_ac79adcf_to_20230805_020630_0eeb8cbe,added,method_b_added,592
20230402_231338_ac79adcf_to_20230805_020630_0eeb8cbe,added,pair_formed_by_copy,99
20230402_231338_ac79adcf_to_20230805_020630_0eeb8cbe,added,pair_formed_by_refactoring,784
20230402_231338_ac79adcf_to_20230805_020630_0eeb8cbe,added,pair_formed_naturally,2672
20230402_231338_ac79adcf_to_20230805_020630_0eeb8cbe,deleted,both_deleted,162
20230402_231338_ac79adcf_to_20230805_020630_0eeb8cbe,deleted,method_a_deleted,168
20230402_231338_ac79adcf_to_20230805_020630_0eeb8cbe,deleted,method_b_deleted,156
20230402_231338_ac79adcf_to_20230805_020630_0eeb8cbe,deleted,pair_dissolved_by_refactoring,916
20230402_231338_ac79adcf_to_20230805_020630_0eeb8cbe,deleted,pair_dissolved_naturally,2585
20230402_231338_ac79adcf_to_20230805_020630_0eeb8cbe,persisted,stable_unchanged,7437
20230402_231338_ac79adcf_to_20230805_020630_0eeb8cbe,persisted,stable_with_minor_changes,210
20230805_020630_0eeb8cbe_to_20231220_064950_ae860227,added,both_added,364
20230805_020630_0eeb8cbe_to_20231220_064950_ae860227,added,method_a_added,733
20230805_020630_0eeb8cbe_to_20231220_064950_ae860227,added,method_b_added,729
20230805_020630_0eeb8cbe_to_20231220_064950_ae860227,added,pair_formed_by_copy,21
20230805_020630_0eeb8cbe_to_20231220_064950_ae860227,added,pair_formed_by_refactoring,1396
20230805_020630_0eeb8cbe_to_20231220_064950_ae860227,added,pair_formed_naturally,2995
20230805_020630_0eeb8cbe_to_20231220_064950_ae860227,deleted,both_deleted,50
20230805_020630_0eeb8cbe_to_20231220_064950_ae860227,deleted,method_a_deleted,55
20230805_020630_0eeb8cbe_to_20231220_064950_ae860227,deleted,method_b_deleted,61
20230805_020630_0eeb8cbe_to_20231220_064950_ae860227,deleted,pair_dissolved_by_refactoring,1473
20230805_020630_0eeb8cbe_to_20231220_064950_ae860227,deleted,pair_dissolved_naturally,2632
20230805_020630_0eeb8cbe_to_20231220_064950_ae860227,persisted,stable_unchanged,8401
20230805_020630_0eeb8cbe_to_20231220_064950_ae860227,persisted,stable_with_minor_changes,268
20231220_064950_ae860227_to_20240517_010707_737c69cf,added,both_added,148
20231220_064950_ae860227_to_20240517_010707_737c69cf,added,method_a_added,105
20231220_064950_ae860227_to_20240517_010707_737c69cf,added,method_b_added,135
20231220_064950_ae860227_to_20240517_010707_737c69cf,added,pair_formed_by_copy,45
20231220_064950_ae860227_to_20240517_010707_737c69cf,added,pair_formed_by_refactoring,2311
20231220_064950_ae860227_to_20240517_010707_737c69cf,added,pair_formed_naturally,1384
20231220_064950_ae860227_to_20240517_010707_737c69cf,deleted,both_deleted,248
20231220_064950_ae860227_to_20240517_010707_737c69cf,deleted,method_a_deleted,403
20231220_064950_ae860227_to_20240517_010707_737c69cf,deleted,method_b_deleted,353
20231220_064950_ae860227_to_20240517_010707_737c69cf,deleted,pair_dissolved_by_refactoring,2303
20231220_064950_ae860227_to_20240517_010707_737c69cf,deleted,pair_dissolved_naturally,1318
20231220_064950_ae860227_to_20240517_010707_737c69cf,persisted,stable_unchanged,9989
20231220_064950_ae860227_to_20240517_010707_737c69cf,persisted,stable_with_minor_changes,293
20240517_010707_737c69cf_to_20250301_032259_928fb7eb,added,both_added,143
20240517_010707_737c69cf_to_20250301_032259_928fb7eb,added,method_a_added,174
20240517_010707_737c69cf_to_20250301_032259_928fb7eb,added,method_b_added,208
20240517_010707_737c69cf_to_20250301_032259_928fb7eb,added,pair_formed_by_copy,21
20240517_010707_737c69cf_to_20250301_032259_928fb7eb,added,pair_formed_by_refactoring,418
20240517_010707_737c69cf_to_20250301_032259_928fb7eb,added,pair_formed_naturally,2558
20240517_010707_737c69cf_to_20250301_032259_928fb7eb,deleted,both_deleted,15
20240517_010707_737c69cf_to_20250301_032259_928fb7eb,deleted,method_a_deleted,30
20240517_010707_737c69cf_to_20250301_032259_928fb7eb,deleted,method_b_deleted,41
20240517_010707_737c69cf_to_20250301_032259_928fb7eb,deleted,pair_dissolved_by_refactoring,439
20240517_010707_737c69cf_to_20250301_032259_928fb7eb,deleted,pair_dissolved_naturally,2735
20240517_010707_737c69cf_to_20250301_032259_928fb7eb,persisted,stable_unchanged,10782
20240517_010707_737c69cf_to_20250301_032259_928fb7eb,persisted,stable_with_minor_changes,368
