method_a,method_b,change_category,method_a_change_type,method_b_change_type,method_a_similarity,method_b_similarity
00624f0a9e3e7b328d8791b1e1d9055f,01a03d134420e799dc597b7f256dd0cc,stable_unchanged,exact,exact,1.0,1.0
008390c65cb1ba68bbe7bd866e87e54d,076ca32e3fdd62e5d60c2639d4b1af58,stable_unchanged,exact,exact,1.0,1.0
008390c65cb1ba68bbe7bd866e87e54d,51d70085ad914112f24dc3453a454710,stable_unchanged,exact,exact,1.0,1.0
008390c65cb1ba68bbe7bd866e87e54d,77bbe570990358bdaab559e984e77abd,stable_unchanged,exact,exact,1.0,1.0
008390c65cb1ba68bbe7bd866e87e54d,7fd1ce667b3e25be2d88caf90a47f011,stable_unchanged,exact,exact,1.0,1.0
008390c65cb1ba68bbe7bd866e87e54d,c405c112dbc3a3282ea57d0c4042424f,stable_unchanged,exact,exact,1.0,1.0
008390c65cb1ba68bbe7bd866e87e54d,f1ec78315d5491bef2c58a9a1d38da4e,stable_unchanged,exact,exact,1.0,1.0
008390c65cb1ba68bbe7bd866e87e54d,fe9722c2c86652df1f7ba613fbf9db7b,stable_unchanged,exact,exact,1.0,1.0
00c152cd14113738ca3a5e85dd0f231b,19ca154e05c10792102a5396ed30f687,stable_unchanged,exact,exact,1.0,1.0
00c152cd14113738ca3a5e85dd0f231b,a4249969e3da578e4b59e15a5cee9244,stable_unchanged,exact,exact,1.0,1.0
00c36bcb01167a983ad267ae41ccf01a,97fbd734bb40b24cba3eb7f867e2e4fc,stable_unchanged,exact,exact,1.0,1.0
00c36bcb01167a983ad267ae41ccf01a,a9a7dc6becf17b7220317c22523789e7,stable_unchanged,exact,exact,1.0,1.0
0179abf0599a146eb3659ba7eed47b5b,b868638a58e7e7f8eabacdcc84c698f0,stable_unchanged,exact,exact,1.0,1.0
0179abf0599a146eb3659ba7eed47b5b,df0ee2309b9c9efcab02bc3e72af4eac,stable_unchanged,exact,exact,1.0,1.0
01a03d134420e799dc597b7f256dd0cc,8f58fb09614f57eefdb373c0c911d237,stable_unchanged,exact,exact,1.0,1.0
01b59848bfd3a53bf98711da9c9f064f,03be27f13cc928dad784fbcc7b811cbe,stable_unchanged,exact,exact,1.0,1.0
01b59848bfd3a53bf98711da9c9f064f,53ebbf4c888fce159205b36dcae7e398,stable_unchanged,exact,exact,1.0,1.0
01b736183f8036b0f2c9e14e347dc085,2b584cdeaef025014ae6b2c4a4bf8c5f,stable_unchanged,exact,exact,1.0,1.0
01b736183f8036b0f2c9e14e347dc085,5fcfa78c270b0406bb7abb81ae950260,stable_unchanged,exact,exact,1.0,1.0
01b736183f8036b0f2c9e14e347dc085,6ea259cb3b13bab3b2cc3a7c69213f28,stable_unchanged,exact,exact,1.0,1.0
01e92ac49ae5ab2b3605c895452603b7,216eeb867b5292bf76a18a67e7edaf26,stable_unchanged,exact,exact,1.0,1.0
01f6c9c1a3a3ea76a3399c8f9e94ee21,01f6c9c1a3a3ea76a3399c8f9e94ee21,stable_unchanged,exact,exact,1.0,1.0
023ecff50e698d19f0ce1cdc63680041,dd7b0130ad350a99cc7fbeb5b6492646,stable_unchanged,exact,exact,1.0,1.0
023ecff50e698d19f0ce1cdc63680041,fdfddfd2345aa56d55095a16ec5e4688,stable_unchanged,exact,exact,1.0,1.0
02b7cbf421e27150f5f0a40470b127ce,798350f8aa46bf13e1763c05530aa00e,stable_unchanged,exact,exact,1.0,1.0
02bcfdd6e39495d42c1c49d2d2d81d63,2aa27b9f9462cea49e9a980e97128d29,stable_unchanged,exact,exact,1.0,1.0
0309af813b896833f52901103ffc25a6,6416dbe97520f6f69d12e2bcdb57b957,stable_unchanged,exact,exact,1.0,1.0
0366783649072171a5d84845cdd694bb,f9b7929a7d99f703c1260473f7704ead,stable_unchanged,exact,exact,1.0,1.0
037ab70b4d7e151d3a67e2e7abf2dcfe,568d4e34201101374494ded903e7eada,stable_unchanged,exact,exact,1.0,1.0
03be27f13cc928dad784fbcc7b811cbe,5436e4fd9ed168802b1e3512b7dbefc5,stable_unchanged,exact,exact,1.0,1.0
03d0647e52185ea31d3482efa6417cdf,c9236aca2823a2eefa4fd9f5025e2844,stable_unchanged,exact,exact,1.0,1.0
03d7508a6fc6e4b3516e13a32b649116,095295195b85f810a54a049e7cad5b98,stable_unchanged,exact,exact,1.0,1.0
03d7508a6fc6e4b3516e13a32b649116,b3bec09724ec1f151a9f50b081928b1f,stable_unchanged,exact,exact,1.0,1.0
041bed2bc0908241b55c29cdc40d2cb7,9027388ccd9d86042416b847a7bf07b5,stable_unchanged,exact,exact,1.0,1.0
04236c83e4404a00cd31a766f1510a66,1807cad5e881595e2c97785e8301dcb4,stable_unchanged,exact,exact,1.0,1.0
04493f4fc1c2f5c92f2c66286f8f3031,2b584cdeaef025014ae6b2c4a4bf8c5f,stable_unchanged,exact,exact,1.0,1.0
04493f4fc1c2f5c92f2c66286f8f3031,5fcfa78c270b0406bb7abb81ae950260,stable_unchanged,exact,exact,1.0,1.0
04493f4fc1c2f5c92f2c66286f8f3031,6ea259cb3b13bab3b2cc3a7c69213f28,stable_unchanged,exact,exact,1.0,1.0
047fc0471a30f910c14fef576f4876b3,0571def1d15cc26efafaafeabf0b2f5d,stable_unchanged,exact,exact,1.0,1.0
047fc0471a30f910c14fef576f4876b3,48f9b4a5f406e36067b2360c9e281738,stable_unchanged,exact,exact,1.0,1.0
048fa0f493b3018b79b52fc7b70b374b,0eb803da01f77182d0cc4287b4ed04e1,stable_unchanged,exact,exact,1.0,1.0
048fa0f493b3018b79b52fc7b70b374b,1ca879e5dc6950f8ba828f6f4bc50311,stable_unchanged,exact,exact,1.0,1.0
04bad04488c2b1fd7737e2829607dea4,6b4fb8a449bee5fb28cdc8bddad34782,stable_unchanged,exact,exact,1.0,1.0
04beda0a9dcbbd08da86b7115c0514ab,7c550c9f98f4933931cfeadca9326c7e,stable_with_minor_changes,unknown,unknown,,
04fd1f84cb639b434cc4a9ed387cd5b9,0f1f08c9698c3104a1a28ac53ce9c9c0,stable_unchanged,token_hash,exact,1.0,1.0
04fd1f84cb639b434cc4a9ed387cd5b9,4a236a9641f12dfc6abf38aa373f3f55,stable_unchanged,token_hash,token_hash,1.0,1.0
04fd1f84cb639b434cc4a9ed387cd5b9,8240bd93c87fbbb7a53f2ee9e900d2db,stable_unchanged,token_hash,exact,1.0,1.0
04fd1f84cb639b434cc4a9ed387cd5b9,a25a44cf6a8794d2ead5b2a2ea62d5b9,stable_unchanged,token_hash,exact,1.0,1.0
04fd1f84cb639b434cc4a9ed387cd5b9,b9fd2148fb635a952ff7c8afb0b292c8,stable_unchanged,token_hash,token_hash,1.0,1.0
04fd1f84cb639b434cc4a9ed387cd5b9,eb11cc36e14d7e09ce34475968afeda9,stable_unchanged,token_hash,exact,1.0,1.0
0571def1d15cc26efafaafeabf0b2f5d,48f9b4a5f406e36067b2360c9e281738,stable_unchanged,exact,exact,1.0,1.0
06f55126a7f333b332fe9cb98f26ea95,a0105277e8f3aa14380104617287182d,stable_unchanged,exact,exact,1.0,1.0
0720f2938ed92e64c9f66a4a601259fc,fc4aefa35135a3d68ce9b54e0dbc0373,stable_unchanged,exact,exact,1.0,1.0
076ca32e3fdd62e5d60c2639d4b1af58,51d70085ad914112f24dc3453a454710,stable_unchanged,exact,exact,1.0,1.0
076ca32e3fdd62e5d60c2639d4b1af58,77bbe570990358bdaab559e984e77abd,stable_unchanged,exact,exact,1.0,1.0
076ca32e3fdd62e5d60c2639d4b1af58,7fd1ce667b3e25be2d88caf90a47f011,stable_unchanged,exact,exact,1.0,1.0
076ca32e3fdd62e5d60c2639d4b1af58,c405c112dbc3a3282ea57d0c4042424f,stable_unchanged,exact,exact,1.0,1.0
076ca32e3fdd62e5d60c2639d4b1af58,f1ec78315d5491bef2c58a9a1d38da4e,stable_unchanged,exact,exact,1.0,1.0
076ca32e3fdd62e5d60c2639d4b1af58,fe9722c2c86652df1f7ba613fbf9db7b,stable_unchanged,exact,exact,1.0,1.0
076dd2370fa12277079763135f6932ad,e1dc57df61dc39babae787673f757890,stable_unchanged,exact,exact,1.0,1.0
078eb280422614936d8ec8656da2c328,b4aaab57f3c42a2af51b7d88223bc2b5,stable_unchanged,exact,exact,1.0,1.0
080d1e63a5c52a3e171676decc6f8665,a9935fc8c809107f91042c68726b532d,stable_unchanged,exact,exact,1.0,1.0
088a22b67477e69c97cdc09ff46d1b7c,47c2049b12019a8cc90d788be678f3f3,stable_unchanged,exact,exact,1.0,1.0
088a22b67477e69c97cdc09ff46d1b7c,5733b5bcf5154027c8c01be74f6deecb,stable_unchanged,exact,exact,1.0,1.0
088a22b67477e69c97cdc09ff46d1b7c,84738d39cda4d33c137ee1fa6a57e6ac,stable_unchanged,exact,exact,1.0,1.0
088a22b67477e69c97cdc09ff46d1b7c,da7b0101abc10a108bad2ed142b660d4,stable_unchanged,exact,exact,1.0,1.0
08c8000c01ff2a6ffb75bf1020dcd835,c3c89aa21cadf512e0f87aa43613c7bb,stable_unchanged,exact,exact,1.0,1.0
08f7368f75498ed627c50b55bad89656,46b576bb99487bfd5f031b4ba9670cf0,stable_unchanged,exact,exact,1.0,1.0
08f7368f75498ed627c50b55bad89656,e98726bce5b6e1d4d5bebee751a5b430,stable_unchanged,exact,exact,1.0,1.0
095295195b85f810a54a049e7cad5b98,3be8cf3c0b43d9eb62caf00bcc23844c,stable_unchanged,exact,exact,1.0,1.0
095295195b85f810a54a049e7cad5b98,a9a0b988438e6b4099ef935faaea0d4e,stable_unchanged,exact,exact,1.0,1.0
09856b8d0765e997dd958d97bf7a4a14,1b01f5d4dce2967b2d444aebbff7462b,stable_with_minor_changes,unknown,unknown,,
09856b8d0765e997dd958d97bf7a4a14,1e7f3f51b8fed8eefd7df374acbf09d6,stable_with_minor_changes,unknown,unknown,,
09856b8d0765e997dd958d97bf7a4a14,1f537ba165a96dd161e065c9d26d4131,stable_with_minor_changes,unknown,unknown,,
09856b8d0765e997dd958d97bf7a4a14,603990ae118957fce43a360bccb67e64,stable_with_minor_changes,unknown,unknown,,
09856b8d0765e997dd958d97bf7a4a14,646fcf26285f5b35f1b4bd5455b84e02,stable_with_minor_changes,unknown,unknown,,
09856b8d0765e997dd958d97bf7a4a14,78a8a0495388a1f149a6ec381355c2b1,stable_with_minor_changes,unknown,unknown,,
09856b8d0765e997dd958d97bf7a4a14,b0fef8bf7b01e4e89a6a8c82de36c67c,stable_with_minor_changes,unknown,exact,,1.0
09856b8d0765e997dd958d97bf7a4a14,ed06254bb1daf2193cada281a5b7a772,stable_with_minor_changes,unknown,unknown,,
0a5cfe304a84c0d05e8a37e6b235bb82,9a35b2eeefeac919371cc27ecf9db350,stable_unchanged,exact,exact,1.0,1.0
0a5cfe304a84c0d05e8a37e6b235bb82,fdafaaee32e664de1ad957021012ea43,stable_unchanged,exact,exact,1.0,1.0
0a8e9448fd8f8ce5b5521957fdc8589c,8de99722af4b6caabf1b920ff5653c55,stable_unchanged,exact,exact,1.0,1.0
0b3130cd6493b78e5148f377f1897368,708fe94b6b6493400dee33f748437bb0,stable_unchanged,exact,exact,1.0,1.0
0b3130cd6493b78e5148f377f1897368,df7bf9250d56d79c53aff88f94b44669,stable_unchanged,exact,exact,1.0,1.0
0b64c335ac157b7aaabd6479923b2783,c80abc913ad7e0a0133b18233e0bba11,stable_unchanged,exact,exact,1.0,1.0
0bbe83ebe625b09a2e37dca7ac876572,478239a24adebce0825573a67c67e8b6,stable_unchanged,exact,exact,1.0,1.0
0bd5883bf24e86f0af4da200f7c29d2f,5157e4a6c9f9f4173907327dd7509af3,stable_unchanged,exact,exact,1.0,1.0
0bd5883bf24e86f0af4da200f7c29d2f,52c1ce43bde19cfd19379af8ad1acd3d,stable_unchanged,exact,exact,1.0,1.0
0bd5883bf24e86f0af4da200f7c29d2f,cfea7ab751cca6d2f9b498450ce990ca,stable_unchanged,exact,exact,1.0,1.0
0bfce300886845fe4bfe061b44f42f6c,22b160acaabe4dd388663c027debc6d5,stable_unchanged,exact,exact,1.0,1.0
0bfce300886845fe4bfe061b44f42f6c,3bc03204fe183c920f80531bfb449898,stable_unchanged,exact,exact,1.0,1.0
0c686dfb2f6ee7799b3d9343b71862f8,0fab8ac44a061513483adc60a04535f6,stable_unchanged,exact,exact,1.0,1.0
0c686dfb2f6ee7799b3d9343b71862f8,53c069c6a66e5ec2908ae34ddf68dcbc,stable_unchanged,exact,exact,1.0,1.0
0c8c7a07847ad9da507076050326e8c4,3cba1587ad412a6ed4455f1498b88778,stable_unchanged,exact,exact,1.0,1.0
0c9931a6c4ce1f96ec3cd1c6f596d8d3,1c3c45a8509673613d14e6e9914a9099,stable_unchanged,exact,exact,1.0,1.0
0ce2bb09fae08e8aaa8b24e1d27d526b,a1be820e6ec3536753775d1b25be358a,stable_with_minor_changes,exact,unknown,1.0,
0d33cbce4f51be3c2421be9784b74f14,2de3a1ad9b0f57782f913bcd19e6361a,stable_unchanged,exact,exact,1.0,1.0
0eb803da01f77182d0cc4287b4ed04e1,1ca879e5dc6950f8ba828f6f4bc50311,stable_unchanged,exact,exact,1.0,1.0
0ec5105498c3fc5aeaaf78962a7918b5,3ed787332691d54a0a2164a06136c75d,stable_unchanged,exact,exact,1.0,1.0
0ec5105498c3fc5aeaaf78962a7918b5,afb229db4fa7896b8c76d6eaa442fce9,stable_unchanged,exact,exact,1.0,1.0
0ec8a10111908851ea5f5f3ef9394ef7,2a6d5d19e552600b1f4aaa7f79af5ecd,stable_with_minor_changes,unknown,unknown,,
0ec8a10111908851ea5f5f3ef9394ef7,64740f7e826b099f6a724767bf74ad7e,stable_with_minor_changes,unknown,unknown,,
0ec8a10111908851ea5f5f3ef9394ef7,e6cfb2bf74a09e1026b9de12a9f0ddf3,stable_with_minor_changes,unknown,unknown,,
0ef47f82f52f4f2c943dd366f1b337ef,7ba97139efffd6926bbbba6cc02c09eb,stable_unchanged,exact,exact,1.0,1.0
0ef47f82f52f4f2c943dd366f1b337ef,92d5aa1e5aaf986fbe7ec2e701448032,stable_unchanged,exact,exact,1.0,1.0
0f1f08c9698c3104a1a28ac53ce9c9c0,4a236a9641f12dfc6abf38aa373f3f55,stable_unchanged,exact,token_hash,1.0,1.0
0f1f08c9698c3104a1a28ac53ce9c9c0,8240bd93c87fbbb7a53f2ee9e900d2db,stable_unchanged,exact,exact,1.0,1.0
0f1f08c9698c3104a1a28ac53ce9c9c0,a25a44cf6a8794d2ead5b2a2ea62d5b9,stable_unchanged,exact,exact,1.0,1.0
0f1f08c9698c3104a1a28ac53ce9c9c0,b9fd2148fb635a952ff7c8afb0b292c8,stable_unchanged,exact,token_hash,1.0,1.0
0f1f08c9698c3104a1a28ac53ce9c9c0,eb11cc36e14d7e09ce34475968afeda9,stable_unchanged,exact,exact,1.0,1.0
0fab8ac44a061513483adc60a04535f6,53c069c6a66e5ec2908ae34ddf68dcbc,stable_unchanged,exact,exact,1.0,1.0
0fed3720a74b8f9f4273b0bed6b1984b,ddf145d8c4987051504e51f4186466f3,stable_unchanged,exact,exact,1.0,1.0
0fed3720a74b8f9f4273b0bed6b1984b,e927f341d29b94c4542c0a614a523f86,stable_unchanged,exact,exact,1.0,1.0
0ff5874d2b83bfeeb63d80b1a0bf3d76,53b633a440f7f3121ad651f56557b8a9,stable_with_minor_changes,unknown,unknown,,
0ff5874d2b83bfeeb63d80b1a0bf3d76,7281be3c7df0333371b9d342bba9e0f8,stable_with_minor_changes,unknown,exact,,1.0
0ff5874d2b83bfeeb63d80b1a0bf3d76,ba1868ed08eac2f264d4bbbd31d6c995,stable_with_minor_changes,unknown,unknown,,
10295ba5497838b3922e53ada0d4b203,3aa18a8aae96611524303a8bc9669876,stable_unchanged,exact,exact,1.0,1.0
10295ba5497838b3922e53ada0d4b203,435c19e32cd0f4fe85575c30bd818ed7,stable_unchanged,exact,exact,1.0,1.0
10295ba5497838b3922e53ada0d4b203,5b8e84b1b3eb8e69a25633e98329df0d,stable_unchanged,exact,exact,1.0,1.0
10295ba5497838b3922e53ada0d4b203,91b90c4da19aed016c3fd71aa5dce652,stable_unchanged,exact,exact,1.0,1.0
112c8a6ad2a620f93656f3ff239b3131,1b01f5d4dce2967b2d444aebbff7462b,stable_with_minor_changes,unknown,unknown,,
112c8a6ad2a620f93656f3ff239b3131,1e7f3f51b8fed8eefd7df374acbf09d6,stable_with_minor_changes,unknown,unknown,,
112c8a6ad2a620f93656f3ff239b3131,1f537ba165a96dd161e065c9d26d4131,stable_with_minor_changes,unknown,unknown,,
112c8a6ad2a620f93656f3ff239b3131,646fcf26285f5b35f1b4bd5455b84e02,stable_with_minor_changes,unknown,unknown,,
112c8a6ad2a620f93656f3ff239b3131,b0fef8bf7b01e4e89a6a8c82de36c67c,stable_with_minor_changes,unknown,exact,,1.0
112c8a6ad2a620f93656f3ff239b3131,ed06254bb1daf2193cada281a5b7a772,stable_with_minor_changes,unknown,unknown,,
116df0eee7bea21c268aefb8d6345644,2f2b8d5ef23f904d7e0b5b8e8501d323,stable_unchanged,exact,exact,1.0,1.0
116df0eee7bea21c268aefb8d6345644,329d3cb9537081ddc6982e654747dc15,stable_unchanged,exact,exact,1.0,1.0
116df0eee7bea21c268aefb8d6345644,818e765c51c10a3b47b000d3e0c4f7c1,stable_unchanged,exact,exact,1.0,1.0
118d2013c7c0fac4cca2d0a38c6cbfe3,7c3f1f4a528e3c6332b3c2f627595709,stable_unchanged,exact,exact,1.0,1.0
118d2013c7c0fac4cca2d0a38c6cbfe3,cbc34221287df23e611e2b891b636ed7,stable_unchanged,exact,exact,1.0,1.0
121908813f59c6e55d2ab2da84929ec9,3173d3fa466c911fdeedb78edb9450d6,stable_unchanged,exact,exact,1.0,1.0
121908813f59c6e55d2ab2da84929ec9,918449c6fe6d39a251e10df6f4d0de6f,stable_unchanged,exact,exact,1.0,1.0
1255a31e05163f91d8c955a71f96add1,a78ede7938b40ab936e2e5a30b4676ec,stable_unchanged,exact,exact,1.0,1.0
13886c25bfe59ea6a1b4d3292a06bd68,6b911e921ea30b57838ee7549d91a865,stable_unchanged,exact,exact,1.0,1.0
13df21b629cc59bf36a34b46dfa79841,4839e96e5323e3e5deb5c695a05ae2f4,stable_unchanged,exact,exact,1.0,1.0
13df21b629cc59bf36a34b46dfa79841,60d80a8d0da0aa9cba14ce7f2c6d39bc,stable_unchanged,exact,exact,1.0,1.0
13ee5ea7e62db5f46089b6892e3f2208,1dffe98bd8ec345e7ae79f93d0984a3c,stable_unchanged,exact,exact,1.0,1.0
13fde0d37df70bf4b662241890413fec,4e43c08c90cb0f46884bb08528a862b4,stable_unchanged,exact,exact,1.0,1.0
145b70f6f35c7924e08fdaffae18da0b,ffefb11c7832fff0065b8c24323bb595,stable_unchanged,exact,exact,1.0,1.0
14d505f527bcefcaf760d1e4c598f0b4,3f6f11d0ca6aa1b8c6149ef9880ed351,stable_unchanged,exact,exact,1.0,1.0
14dbb84721ed3b21baad713564d74bab,400d91efb7378ff40651bc31f9512024,stable_unchanged,exact,exact,1.0,1.0
14f8738eb45b995f6ed97996477567cf,4034d5e92c01c1706933ca7f38f204f2,stable_unchanged,exact,exact,1.0,1.0
14ffbba644dda0830b8016fb049c2ed0,424e92bfc50136b9e95db0ff6cf64734,stable_unchanged,exact,exact,1.0,1.0
15743d834ffb032a3995a22cb09d66f5,9a35b2eeefeac919371cc27ecf9db350,stable_unchanged,exact,exact,1.0,1.0
15743d834ffb032a3995a22cb09d66f5,aaddc9b545263e0946afbebf34518107,stable_unchanged,exact,exact,1.0,1.0
15743d834ffb032a3995a22cb09d66f5,ce40971fa17199cf467ec302192286a9,stable_unchanged,exact,exact,1.0,1.0
15743d834ffb032a3995a22cb09d66f5,fdafaaee32e664de1ad957021012ea43,stable_unchanged,exact,exact,1.0,1.0
16bc287d9adbc8ce3174cc940e584a82,2c84068c03dd9201a4eb2d5a04d379fc,stable_unchanged,exact,exact,1.0,1.0
177c4e411eab353aed5ef852b9f3ee8e,c035a33aa5d33e438f6924c70ddbd3fd,stable_unchanged,exact,exact,1.0,1.0
177c4e411eab353aed5ef852b9f3ee8e,d58044e17f5dca2d6ee89f8be7b96923,stable_unchanged,exact,exact,1.0,1.0
179a19396994718ab16bf9888728479a,780451f7a00659107f2f58b19170ed44,stable_unchanged,exact,exact,1.0,1.0
185099c55478a38c9525bdf33abaac1a,489dc6f0d6d3fc115ef9c5638b09e9c7,stable_unchanged,exact,exact,1.0,1.0
185099c55478a38c9525bdf33abaac1a,d8833902225cb43709e51c5dc2dbf396,stable_unchanged,exact,exact,1.0,1.0
18c959016a10ed5813ffc4eb473b1ab1,4871ce25ecd656bff6da51ba38072ffe,stable_unchanged,exact,exact,1.0,1.0
18c959016a10ed5813ffc4eb473b1ab1,4f7711d1d324e78ab9d627feb93f7a26,stable_unchanged,exact,exact,1.0,1.0
1930623a0d31bdbec61f13af0c7b726d,3be8cf3c0b43d9eb62caf00bcc23844c,stable_unchanged,exact,exact,1.0,1.0
1930623a0d31bdbec61f13af0c7b726d,913e318da94b59a8d6046e4af2b110b2,stable_unchanged,exact,exact,1.0,1.0
1930623a0d31bdbec61f13af0c7b726d,a9a0b988438e6b4099ef935faaea0d4e,stable_unchanged,exact,exact,1.0,1.0
1930623a0d31bdbec61f13af0c7b726d,dac83ab1cffc0e0f18a438e507be0f44,stable_unchanged,exact,exact,1.0,1.0
1930623a0d31bdbec61f13af0c7b726d,de0ef0c0133a44d4a5cdf85513be4d19,stable_unchanged,exact,exact,1.0,1.0
198d13dd687020bf80608d45b27a9ab2,272b9d90dc5369923795780c0332a3d7,stable_unchanged,exact,exact,1.0,1.0
19ca154e05c10792102a5396ed30f687,3150ff5be773ba370e0111a4b9cd6e02,stable_unchanged,exact,exact,1.0,1.0
19e70fa112857359bbe11520e6690635,aa082c09e5c3506e2056ce3ee53214e0,stable_with_minor_changes,unknown,exact,,1.0
1a1d1b5397684633f644d17de59ecda8,67258c7e11e9f5d12f7ec4277fbf2339,stable_unchanged,exact,exact,1.0,1.0
1a256afa07293a492e349d4ddd8da780,5bedd7f7c5ec78665901912696bd302d,stable_unchanged,exact,exact,1.0,1.0
1a724af95964db647843be1c86e3b426,bee30b31d2dd713c51fef44a9f3dd4de,stable_unchanged,exact,exact,1.0,1.0
1b01f5d4dce2967b2d444aebbff7462b,1e7f3f51b8fed8eefd7df374acbf09d6,stable_with_minor_changes,unknown,unknown,,
1b01f5d4dce2967b2d444aebbff7462b,1f537ba165a96dd161e065c9d26d4131,stable_with_minor_changes,unknown,unknown,,
1b01f5d4dce2967b2d444aebbff7462b,603990ae118957fce43a360bccb67e64,stable_with_minor_changes,unknown,unknown,,
1b01f5d4dce2967b2d444aebbff7462b,646fcf26285f5b35f1b4bd5455b84e02,stable_with_minor_changes,unknown,unknown,,
1b01f5d4dce2967b2d444aebbff7462b,78a8a0495388a1f149a6ec381355c2b1,stable_with_minor_changes,unknown,unknown,,
1b01f5d4dce2967b2d444aebbff7462b,96385f9b5348b79c469cedb6d1aa4b78,stable_with_minor_changes,unknown,unknown,,
1b01f5d4dce2967b2d444aebbff7462b,b0fef8bf7b01e4e89a6a8c82de36c67c,stable_with_minor_changes,unknown,exact,,1.0
1b01f5d4dce2967b2d444aebbff7462b,ed06254bb1daf2193cada281a5b7a772,stable_with_minor_changes,unknown,unknown,,
1b1bf7aa40dd9e35a34a2c8b506e16d8,45fc34cbccbecf2837d9f804ec7895d8,stable_unchanged,exact,exact,1.0,1.0
1b1bf7aa40dd9e35a34a2c8b506e16d8,47e9bbf07883be6932d602f9cc63a226,stable_with_minor_changes,exact,unknown,1.0,
1b1bf7aa40dd9e35a34a2c8b506e16d8,8912e554cd71c23e84b777fbe99c14d7,stable_unchanged,exact,exact,1.0,1.0
1b1bf7aa40dd9e35a34a2c8b506e16d8,ae73946d11cef36c24cab516701cb9d4,stable_unchanged,exact,exact,1.0,1.0
1ba0e91356d64aabcd84e980c0a2360b,7d2b7842cce79877b54a7a7c42c48240,stable_unchanged,exact,exact,1.0,1.0
1bc88c6b2a1b97992bda03f7db67820a,97866ac98cf1ed38a56e2ff1c10d26ca,stable_unchanged,exact,exact,1.0,1.0
1c646be94d502bf34d60063789ab15f6,a44f0419b13fec08e23965f3970c6981,stable_unchanged,exact,exact,1.0,1.0
1cc7188a5d2f4583812c0d1ce926a0b9,9f6e8af8007f92aa4edf9433dfbfcf91,stable_unchanged,exact,exact,1.0,1.0
1d210796addca37849785c7c768c68f0,41c9c12af5626a58004a76d71a5637a1,stable_unchanged,exact,exact,1.0,1.0
1d2b4143a931190bc4afa057423113ac,5df7ce5d90f56f389ce6d0af487ab541,stable_unchanged,exact,exact,1.0,1.0
1d49b8d65f0528dcd3c9d70f5c02f1e2,91e5039f21a05e19ef0abc45dacffc23,stable_unchanged,exact,exact,1.0,1.0
1d6da87ed37d3272f4a521f5463aada3,b557e9decbde49a93011e82827b40671,stable_unchanged,exact,exact,1.0,1.0
1d93b0891d0b0fa6071528c18ab440d7,8b9281d081018bf0fc444bbfa9b1eeb1,stable_unchanged,exact,exact,1.0,1.0
1d93b0891d0b0fa6071528c18ab440d7,ac8721b39a49785e4622401cec79fc55,stable_unchanged,exact,exact,1.0,1.0
1dffe98bd8ec345e7ae79f93d0984a3c,2558749442c92083530014f1a3705830,stable_unchanged,exact,exact,1.0,1.0
1dffe98bd8ec345e7ae79f93d0984a3c,25c05e8349de6ac1d5f01ccb06d7d3d7,stable_unchanged,exact,exact,1.0,1.0
1dffe98bd8ec345e7ae79f93d0984a3c,4ca81beeebe3277908537993497660af,stable_unchanged,exact,exact,1.0,1.0
1dffe98bd8ec345e7ae79f93d0984a3c,5a7f2d09ac545ff5e846ab277a21e6c4,stable_unchanged,exact,exact,1.0,1.0
1dffe98bd8ec345e7ae79f93d0984a3c,61f28d43da0b58c0288b31765ae7de42,stable_unchanged,exact,exact,1.0,1.0
1dffe98bd8ec345e7ae79f93d0984a3c,b479d6b5d304e52f6671439f4c44927b,stable_unchanged,exact,exact,1.0,1.0
1e41beb10365e42c987479375ae5798c,334be766612c68a98e2d4d0de2bc589b,stable_unchanged,exact,exact,1.0,1.0
1e7f3f51b8fed8eefd7df374acbf09d6,1f537ba165a96dd161e065c9d26d4131,stable_with_minor_changes,unknown,unknown,,
1e7f3f51b8fed8eefd7df374acbf09d6,603990ae118957fce43a360bccb67e64,stable_with_minor_changes,unknown,unknown,,
1e7f3f51b8fed8eefd7df374acbf09d6,646fcf26285f5b35f1b4bd5455b84e02,stable_with_minor_changes,unknown,unknown,,
1e7f3f51b8fed8eefd7df374acbf09d6,78a8a0495388a1f149a6ec381355c2b1,stable_with_minor_changes,unknown,unknown,,
1e7f3f51b8fed8eefd7df374acbf09d6,96385f9b5348b79c469cedb6d1aa4b78,stable_with_minor_changes,unknown,unknown,,
1e7f3f51b8fed8eefd7df374acbf09d6,b0fef8bf7b01e4e89a6a8c82de36c67c,stable_with_minor_changes,unknown,exact,,1.0
1e7f3f51b8fed8eefd7df374acbf09d6,ed06254bb1daf2193cada281a5b7a772,stable_with_minor_changes,unknown,unknown,,
1e8f87a2c96d8c0f40922e8c28482bdb,259f068f12dae42e6e581dc4c932328b,stable_unchanged,exact,exact,1.0,1.0
1e8f87a2c96d8c0f40922e8c28482bdb,cdc114295f07b0e3be73c7a2a3a6f660,stable_unchanged,exact,exact,1.0,1.0
1ea97ef3dbbbe4ba5244770921637928,9e0fee4e2323861d8b96d7dada8983ed,stable_unchanged,exact,exact,1.0,1.0
1ec142dae826d4582f5de3bb12226b9c,20b19d9fe4e2eb500f985a8e550736c9,stable_unchanged,exact,exact,1.0,1.0
1f537ba165a96dd161e065c9d26d4131,603990ae118957fce43a360bccb67e64,stable_with_minor_changes,unknown,unknown,,
1f537ba165a96dd161e065c9d26d4131,646fcf26285f5b35f1b4bd5455b84e02,stable_with_minor_changes,unknown,unknown,,
1f537ba165a96dd161e065c9d26d4131,78a8a0495388a1f149a6ec381355c2b1,stable_with_minor_changes,unknown,unknown,,
1f537ba165a96dd161e065c9d26d4131,b0fef8bf7b01e4e89a6a8c82de36c67c,stable_with_minor_changes,unknown,exact,,1.0
1f537ba165a96dd161e065c9d26d4131,ed06254bb1daf2193cada281a5b7a772,stable_with_minor_changes,unknown,unknown,,
1f6a17187ab37bf0ab4c3146d7a1769e,3ef9d30adc4be972f391fa4f1139120d,stable_unchanged,exact,exact,1.0,1.0
1f894c5d29f7559a96b8a1551a7f4e9c,3251b89f394d6173a3944e2d8810ee51,stable_unchanged,exact,exact,1.0,1.0
1f911db9bc24194c75e27a8011112ac7,26d18f41f1569dfce88b5ad2f9571517,stable_unchanged,exact,exact,1.0,1.0
1fb628fd05757252bd5ecf949f26d2d7,4839e96e5323e3e5deb5c695a05ae2f4,stable_unchanged,exact,exact,1.0,1.0
1fb628fd05757252bd5ecf949f26d2d7,4d023561f270a99fc2fa6fa339a01edd,stable_unchanged,exact,exact,1.0,1.0
1fb628fd05757252bd5ecf949f26d2d7,60d80a8d0da0aa9cba14ce7f2c6d39bc,stable_unchanged,exact,exact,1.0,1.0
1fc8afd6237792085d1746f1928e02fa,5a5b3f15f131821ced41513f60aed417,stable_with_minor_changes,unknown,unknown,,
1fc8afd6237792085d1746f1928e02fa,5ede2d2dbd10127a8050480d09cfec9e,stable_with_minor_changes,unknown,exact,,1.0
1fc8afd6237792085d1746f1928e02fa,fad2fbaf843e67bbacc25cd8c6d98643,stable_with_minor_changes,unknown,unknown,,
20b071145c3b1309fd84d5db23cf3719,2ac341ad38237563405b643c9333fa7b,stable_with_minor_changes,exact,unknown,1.0,
20b071145c3b1309fd84d5db23cf3719,2d166b226a6441ab6d1d663afb8d687e,stable_with_minor_changes,exact,unknown,1.0,
20b071145c3b1309fd84d5db23cf3719,32b134fe1d2ba2286eb647ab331d7344,stable_with_minor_changes,exact,unknown,1.0,
20b071145c3b1309fd84d5db23cf3719,455a5824b2ea45028a0a0c4720178a50,stable_unchanged,exact,exact,1.0,1.0
20b071145c3b1309fd84d5db23cf3719,ab859376bb3b92d82a7df5307aa7aee0,stable_with_minor_changes,exact,unknown,1.0,
20c3bcd9be28507fc81a7c97e1099ef3,ecee434d6ac77a8a9fe7dd4b314afdc2,stable_unchanged,exact,exact,1.0,1.0
211990c71b138da0d9914709e629f628,a3c98212ccea4daed81556505fe6c37d,stable_unchanged,exact,exact,1.0,1.0
211990c71b138da0d9914709e629f628,ebb732e3afce606d674d8fe8af7d7ad2,stable_unchanged,exact,exact,1.0,1.0
213825af0a506bb6e8727c1224b034c3,3490ba9f894c0071095a966cc3ef76ea,stable_unchanged,exact,exact,1.0,1.0
213825af0a506bb6e8727c1224b034c3,7cb47f4ac64e87885237022f2285d541,stable_unchanged,exact,exact,1.0,1.0
213825af0a506bb6e8727c1224b034c3,a0d388a1c554c14804dca39c83812591,stable_unchanged,exact,exact,1.0,1.0
213825af0a506bb6e8727c1224b034c3,ee8f2d305a7d95257e64005adc9afa83,stable_unchanged,exact,exact,1.0,1.0
213825af0a506bb6e8727c1224b034c3,f174b8202fe6afb1ea167afdafd8a69e,stable_unchanged,exact,exact,1.0,1.0
213825af0a506bb6e8727c1224b034c3,fe54389df1a3b70a88487c710e99e061,stable_unchanged,exact,exact,1.0,1.0
215aa7f86414f906316d18ac4a6c5675,d3cda0c2066e9b980696e27f9cace570,stable_unchanged,exact,exact,1.0,1.0
2161fbfc8d335e8c549896df94c65cbf,ec9144e4eee3df6b7eb6d190602013ec,stable_unchanged,exact,exact,1.0,1.0
220cfd5dabc73a0bb7a53f9565bf6f76,9a35b2eeefeac919371cc27ecf9db350,stable_unchanged,exact,exact,1.0,1.0
220cfd5dabc73a0bb7a53f9565bf6f76,fdafaaee32e664de1ad957021012ea43,stable_unchanged,exact,exact,1.0,1.0
22179a092ac888a91903418c66f2681f,5980c61ba8fb19eba5cb8a06d97ee298,stable_with_minor_changes,exact,unknown,1.0,
2234187952a4c0c968cd033fe2b73200,634fe3801bec811c27922dd81dd8110c,stable_unchanged,exact,exact,1.0,1.0
2234187952a4c0c968cd033fe2b73200,7334a3ecb08d7be924c649df303d18c8,stable_unchanged,exact,exact,1.0,1.0
229c81bab1183c210e0ffa2d89b69592,9681d5336965a40c1321787788af095b,stable_unchanged,exact,exact,1.0,1.0
22b160acaabe4dd388663c027debc6d5,3bc03204fe183c920f80531bfb449898,stable_unchanged,exact,exact,1.0,1.0
2380fe7d698b28e0a4cba442912fd493,5567ce6e0c12f87adf3fadc8abf8dc40,stable_with_minor_changes,unknown,exact,,1.0
23c67fc06cc602b65c86aae7fdbd08a6,ae73946d11cef36c24cab516701cb9d4,stable_with_minor_changes,unknown,exact,,1.0
23c67fc06cc602b65c86aae7fdbd08a6,b5e98366227505b4c1271c592ce78a81,stable_with_minor_changes,unknown,exact,,1.0
23ecce00412ac9874a9ef761139cab9f,3641ffa430f353f4ea3aabe532f5dcf6,stable_unchanged,exact,exact,1.0,1.0
248ab9a648741027201715bcf0b11d9b,4b4f6180593c9d6c27b734bc0c4e9d69,stable_with_minor_changes,unknown,exact,,1.0
248ab9a648741027201715bcf0b11d9b,8e4d71968b75d708ca501c1a78064d58,stable_with_minor_changes,unknown,exact,,1.0
24ddb9dd14c2ee784b762927c41cfb5e,469590749ad1ec773d274062765b60ac,stable_unchanged,exact,exact,1.0,1.0
24ddb9dd14c2ee784b762927c41cfb5e,9e803f1a0e311e64bcb71f1ba28dc25c,stable_unchanged,exact,exact,1.0,1.0
24ddb9dd14c2ee784b762927c41cfb5e,f25c705672be34ca864e386ea6808c6c,stable_unchanged,exact,exact,1.0,1.0
255cce4e0f5b922e8352f4a37bdb4d7c,b78e05e80fbdaada08da68bf7673b409,stable_unchanged,exact,exact,1.0,1.0
2564e38678a38e7422f8a16287efe285,e6fd2ef8183188b21ee42dc9f8795fca,stable_unchanged,exact,exact,1.0,1.0
259f068f12dae42e6e581dc4c932328b,cdc114295f07b0e3be73c7a2a3a6f660,stable_unchanged,exact,exact,1.0,1.0
25cd58d7ac8efc1bc1a59a4274c6b5ae,aa5671239444dd9e1e1fdcba1612cf63,stable_unchanged,exact,exact,1.0,1.0
26325467b7e01d1002e4889c9922c668,c392f021d705296e2099d48bae0a38aa,stable_unchanged,exact,exact,1.0,1.0
26467df8415e005aaf95bf1ca10dc95c,59333771f70535082019538556b45182,stable_unchanged,exact,exact,1.0,1.0
26c706012ca9746b51ff1b541c84ae0b,ff975321376e0b3b99637680ec3b1ea0,stable_unchanged,exact,exact,1.0,1.0
26d18f41f1569dfce88b5ad2f9571517,78e464360d1b65c58a57317af19ff5d2,stable_unchanged,exact,exact,1.0,1.0
26e9bd730740906fbfbdbbbba3b4ed54,3490ba9f894c0071095a966cc3ef76ea,stable_unchanged,exact,exact,1.0,1.0
26e9bd730740906fbfbdbbbba3b4ed54,a0d388a1c554c14804dca39c83812591,stable_unchanged,exact,exact,1.0,1.0
26e9bd730740906fbfbdbbbba3b4ed54,ee8f2d305a7d95257e64005adc9afa83,stable_unchanged,exact,exact,1.0,1.0
26e9bd730740906fbfbdbbbba3b4ed54,f174b8202fe6afb1ea167afdafd8a69e,stable_unchanged,exact,exact,1.0,1.0
26e9bd730740906fbfbdbbbba3b4ed54,fe54389df1a3b70a88487c710e99e061,stable_unchanged,exact,exact,1.0,1.0
272b9d90dc5369923795780c0332a3d7,3720185abb826f230910afb76f3a4e22,stable_unchanged,exact,exact,1.0,1.0
277203d6606d548f81ae4aa94175a982,9da6fd9a75caa44ce19f78add5e8c564,stable_unchanged,exact,exact,1.0,1.0
27ddb1cfaf17a93cb6a0db925082c8af,ff2dbe6396621b6b470ae7258b98fe2b,stable_unchanged,exact,exact,1.0,1.0
285de3edbaab86bf43142966fabc14b3,fd49c75594fa5bf7eda86a1b8e14a685,stable_unchanged,exact,exact,1.0,1.0
28bc65a53bb528c028d9d7ade6d5f0b0,f784b83555b828ab3b00438319bb0618,stable_with_minor_changes,exact,unknown,1.0,
28f1ca9396081d7ee741236fa17cf22a,6c43b8f9781ab9145f6b15a11737471d,stable_unchanged,exact,exact,1.0,1.0
28f1ca9396081d7ee741236fa17cf22a,6ec0ff3fa0ab1fd9c2996e0effc7254a,stable_unchanged,exact,exact,1.0,1.0
28f1ca9396081d7ee741236fa17cf22a,8177ae289fe421df93cefad66dc19599,stable_with_minor_changes,exact,unknown,1.0,
28f1ca9396081d7ee741236fa17cf22a,e2b925632a76d6b002a0ac8dbe3dc30b,stable_unchanged,exact,exact,1.0,1.0
28f1ca9396081d7ee741236fa17cf22a,e6633d2cd20b0e6fc9aa75ff6f01e4d9,stable_unchanged,exact,exact,1.0,1.0
29052d981acf30ddf711d4af46da8009,7ba97139efffd6926bbbba6cc02c09eb,stable_unchanged,exact,exact,1.0,1.0
29052d981acf30ddf711d4af46da8009,92d5aa1e5aaf986fbe7ec2e701448032,stable_unchanged,exact,exact,1.0,1.0
29884c8dc780ce080bea2118cae8b086,574050a39696e14dca96d3f2d12f967f,stable_unchanged,exact,exact,1.0,1.0
29bd6ec543baed36c240fd37084abfd7,8ee07d8ee00c7aa070ba9e2304a1616c,stable_unchanged,exact,exact,1.0,1.0
2a6d5d19e552600b1f4aaa7f79af5ecd,64740f7e826b099f6a724767bf74ad7e,stable_with_minor_changes,unknown,unknown,,
2a6d5d19e552600b1f4aaa7f79af5ecd,e6cfb2bf74a09e1026b9de12a9f0ddf3,stable_with_minor_changes,unknown,unknown,,
2a95dc6be72ba57537daae7d43e64f25,2b72444756cc745f0e4eeb31f8906814,stable_with_minor_changes,unknown,unknown,,
2ac341ad38237563405b643c9333fa7b,2d166b226a6441ab6d1d663afb8d687e,stable_with_minor_changes,unknown,unknown,,
2ac341ad38237563405b643c9333fa7b,32b134fe1d2ba2286eb647ab331d7344,stable_with_minor_changes,unknown,unknown,,
2ac341ad38237563405b643c9333fa7b,455a5824b2ea45028a0a0c4720178a50,stable_with_minor_changes,unknown,exact,,1.0
2ac341ad38237563405b643c9333fa7b,ab859376bb3b92d82a7df5307aa7aee0,stable_with_minor_changes,unknown,unknown,,
2ae341f11aeb5140b966b1603b4aa016,5835f227f9232e0f778c5aa48a0b144f,stable_unchanged,exact,exact,1.0,1.0
2ae341f11aeb5140b966b1603b4aa016,8e7e2b36d01118cfd960fc06aef93840,stable_unchanged,exact,exact,1.0,1.0
2ae341f11aeb5140b966b1603b4aa016,f41991b1c62d04564cc9f42720e84c4b,stable_unchanged,exact,exact,1.0,1.0
2b2a72d848a6fa9eb2bb6648cd71fedf,988cdebe2d5355df7087610acb3edd7f,stable_unchanged,exact,exact,1.0,1.0
2b584cdeaef025014ae6b2c4a4bf8c5f,6ea259cb3b13bab3b2cc3a7c69213f28,stable_unchanged,exact,exact,1.0,1.0
2b622abeb3f17bf68842d87f1c177149,745fe1ccb469655865ba03c9da29be0e,stable_unchanged,exact,exact,1.0,1.0
2b72444756cc745f0e4eeb31f8906814,da267c45ce8a5b70d8713f0332146a9a,stable_with_minor_changes,unknown,exact,,1.0
2ba7f16ee9bf0fab1dc10144ad1d658b,dd7b0130ad350a99cc7fbeb5b6492646,stable_unchanged,exact,exact,1.0,1.0
2ba7f16ee9bf0fab1dc10144ad1d658b,fdfddfd2345aa56d55095a16ec5e4688,stable_unchanged,exact,exact,1.0,1.0
2c59c468c9db5f4235f6aacd8f710f8b,329ebf4dbf726400cd830564b49da494,stable_unchanged,exact,exact,1.0,1.0
2c8c6514de0e6a85a1362cd75251d6ad,e6cfb2bf74a09e1026b9de12a9f0ddf3,stable_with_minor_changes,unknown,unknown,,
2cd2a3617e5c6dfecdb8dec902962db4,7d1b359102faa9204af226d63c90e59a,stable_unchanged,exact,exact,1.0,1.0
2d166b226a6441ab6d1d663afb8d687e,32b134fe1d2ba2286eb647ab331d7344,stable_with_minor_changes,unknown,unknown,,
2d166b226a6441ab6d1d663afb8d687e,455a5824b2ea45028a0a0c4720178a50,stable_with_minor_changes,unknown,exact,,1.0
2d21ce9942f635e3eb448c95cc62fe20,aafb5c6f39459c78c49042feda4c89bc,stable_unchanged,exact,exact,1.0,1.0
2d4c5822038a839f4e0769d629482d8e,6c726899100be567c125df67390a3ca1,stable_with_minor_changes,unknown,exact,,1.0
2d4c5822038a839f4e0769d629482d8e,99006a4c695b5d014e563a97fc811c13,stable_with_minor_changes,unknown,exact,,1.0
2d4c5822038a839f4e0769d629482d8e,d8587552a39aba241c195dcfe4235011,stable_with_minor_changes,unknown,exact,,1.0
2d4c5822038a839f4e0769d629482d8e,fbdc84517f2fbbb3983928f78a333c51,stable_with_minor_changes,unknown,unknown,,
2d8928287532b97586b2588f34f9b1d7,62024dec4d9889446aac0b45c1e84447,stable_unchanged,exact,exact,1.0,1.0
2d8928287532b97586b2588f34f9b1d7,bcecd545e47670babb7f951a1b2c42ac,stable_unchanged,exact,exact,1.0,1.0
2d8928287532b97586b2588f34f9b1d7,e40376cd908e9f8993946ff180fc7ec8,stable_unchanged,exact,exact,1.0,1.0
2ddd1c558304da343704f96f8095ff95,ccef1ed59e7605358408040d2d51ba12,stable_unchanged,exact,exact,1.0,1.0
2de3a1ad9b0f57782f913bcd19e6361a,6df9b0c9c7a9ee4d220497f77504c5b5,stable_unchanged,exact,exact,1.0,1.0
2de3a1ad9b0f57782f913bcd19e6361a,9b7adf7ba9198f1d36d11bd622531823,stable_unchanged,exact,exact,1.0,1.0
2e135c538e211142d4b943c3b49f87ab,93f080c83cb42d211b8b2498126e2ced,stable_unchanged,exact,exact,1.0,1.0
2e54d04b0161b55732c483b288ce27b5,8b9281d081018bf0fc444bbfa9b1eeb1,stable_unchanged,exact,exact,1.0,1.0
2f2b8d5ef23f904d7e0b5b8e8501d323,329d3cb9537081ddc6982e654747dc15,stable_unchanged,exact,exact,1.0,1.0
2f2b8d5ef23f904d7e0b5b8e8501d323,818e765c51c10a3b47b000d3e0c4f7c1,stable_unchanged,exact,exact,1.0,1.0
2f59ddf0a0d402b780ac84d9ff4ab510,eae4ec072532a8f5ddb8529b8d39ce52,stable_unchanged,exact,exact,1.0,1.0
2fde0b1938c6ac95e3a3fcaee239b99b,44c6485ebe7a91c63fc7d7d3996527a6,stable_unchanged,exact,exact,1.0,1.0
2fde0b1938c6ac95e3a3fcaee239b99b,ed788d399c1755f732441847d28d86a3,stable_unchanged,exact,exact,1.0,1.0
3150ff5be773ba370e0111a4b9cd6e02,a4249969e3da578e4b59e15a5cee9244,stable_unchanged,exact,exact,1.0,1.0
3173d3fa466c911fdeedb78edb9450d6,918449c6fe6d39a251e10df6f4d0de6f,stable_unchanged,exact,exact,1.0,1.0
31f6e6a3cfa3eaacf5f1a0eb9c875dd3,5cac5c44acf61aa91dcdc3512440eda5,stable_with_minor_changes,unknown,exact,,1.0
31f6e6a3cfa3eaacf5f1a0eb9c875dd3,9586b6a449bcc0fb3d7979e9a21d27c5,stable_with_minor_changes,unknown,exact,,1.0
31f6e6a3cfa3eaacf5f1a0eb9c875dd3,dceb9cca7b96e8761bd5e7e920b4180e,stable_with_minor_changes,unknown,exact,,1.0
3251b89f394d6173a3944e2d8810ee51,feace88a211c535084f2c9a91ceb624c,stable_unchanged,exact,exact,1.0,1.0
329d3cb9537081ddc6982e654747dc15,818e765c51c10a3b47b000d3e0c4f7c1,stable_unchanged,exact,exact,1.0,1.0
329ebf4dbf726400cd830564b49da494,bb98e71a7185c0cba7c18a371b724944,stable_unchanged,exact,exact,1.0,1.0
32b134fe1d2ba2286eb647ab331d7344,455a5824b2ea45028a0a0c4720178a50,stable_with_minor_changes,unknown,exact,,1.0
32b134fe1d2ba2286eb647ab331d7344,ab859376bb3b92d82a7df5307aa7aee0,stable_with_minor_changes,unknown,unknown,,
32c7e5b5b9227b1f827a6d8062f076d0,6d0978f4afc672576d29f018da31502f,stable_unchanged,exact,exact,1.0,1.0
3381f8076d962ca44fcce0e353c6d6c5,8d69d167ec6e3373e33f34adef859dff,stable_unchanged,exact,exact,1.0,1.0
3381f8076d962ca44fcce0e353c6d6c5,d2dddad5eff9b9600052d1ca37d25fc3,stable_unchanged,exact,exact,1.0,1.0
3381f8076d962ca44fcce0e353c6d6c5,da9d1616fa811e0dd60cb5555f05fa2e,stable_unchanged,exact,exact,1.0,1.0
3381f8076d962ca44fcce0e353c6d6c5,feb76765b322ba49c62c61f0ae6f23d9,stable_unchanged,exact,exact,1.0,1.0
342253f9781c646ff42d3feed232f91c,9b953b60ae72dee0c9d66a3585b61788,stable_unchanged,exact,exact,1.0,1.0
3453a2fa7a88f8814c02975d1e3ceae2,d5f966548c45af15c057da86c2c7b482,stable_unchanged,exact,exact,1.0,1.0
346e04ee7e959b11db48b94b3c735ef6,b6a5dd8e82979c0b5e5bc397ca163a58,stable_unchanged,exact,exact,1.0,1.0
3490ba9f894c0071095a966cc3ef76ea,7cb47f4ac64e87885237022f2285d541,stable_unchanged,exact,exact,1.0,1.0
3490ba9f894c0071095a966cc3ef76ea,a0d388a1c554c14804dca39c83812591,stable_unchanged,exact,exact,1.0,1.0
3490ba9f894c0071095a966cc3ef76ea,ee8f2d305a7d95257e64005adc9afa83,stable_unchanged,exact,exact,1.0,1.0
3490ba9f894c0071095a966cc3ef76ea,f174b8202fe6afb1ea167afdafd8a69e,stable_unchanged,exact,exact,1.0,1.0
3490ba9f894c0071095a966cc3ef76ea,fe54389df1a3b70a88487c710e99e061,stable_unchanged,exact,exact,1.0,1.0
34b4e1a10a963213ddf107c0b42d9be1,7ae266324a845fd4619ac5ec818cf461,stable_unchanged,exact,exact,1.0,1.0
35466c441d6977ef27c06f9b2f847c93,8a012d07355b7855317ac32a613d9276,stable_unchanged,exact,exact,1.0,1.0
36893c3c377682361a6da839dc188d73,7c960dfc11bec52093bd8142b60b4d48,stable_with_minor_changes,exact,unknown,1.0,
36b8228bc41a6e131f4257b591ed1b60,42d09b06d5cb47c30c2aa9f39f2561ea,stable_unchanged,exact,exact,1.0,1.0
37052f1bdfc61e6dfcb581e7aab4e952,429418c7e2ead92ea5dade18c36ca798,stable_unchanged,exact,exact,1.0,1.0
37052f1bdfc61e6dfcb581e7aab4e952,c7cd54a0d3902c89ea369f8bfa398e15,stable_unchanged,exact,exact,1.0,1.0
37052f1bdfc61e6dfcb581e7aab4e952,f945de5626cd569b19e66e2d8dd69fd0,stable_unchanged,exact,exact,1.0,1.0
374889278cf90bef9a1f7c09ecdd4ba8,7457608b87ab218defe41769d1a2f272,stable_unchanged,exact,exact,1.0,1.0
3770709f47e14b264d0a3ae184a68e62,d5727ed204ce0ba4115c1ed5e79a6917,stable_with_minor_changes,exact,unknown,1.0,
382c0548ef7ea2c366c4cdffa2b6e01c,c08945dd0910ec6a91d56fdb51cd4b3e,stable_unchanged,exact,exact,1.0,1.0
38a44501cedaae513ee32e9ce4d93012,3ff9a3f8c5a01596f96dc9f35834d7c4,stable_unchanged,exact,exact,1.0,1.0
38dfd41f825c72d128af6e80cfb15a6e,a724c74e517e97684f7f3197caee8869,stable_unchanged,exact,exact,1.0,1.0
39754ebe730aa53aed4249c0004f2c8d,416016c79fa466f020dd3fbbad26695f,stable_unchanged,exact,exact,1.0,1.0
39754ebe730aa53aed4249c0004f2c8d,4e2dbbbebaf3d82e3b84480fdc619d41,stable_unchanged,exact,exact,1.0,1.0
39754ebe730aa53aed4249c0004f2c8d,92d59473f9b1d2036e7a53b8a5d516a3,stable_unchanged,exact,exact,1.0,1.0
39754ebe730aa53aed4249c0004f2c8d,ef02a8ee33892941c072967369e8a785,stable_unchanged,exact,exact,1.0,1.0
39754ebe730aa53aed4249c0004f2c8d,f188dcf0bba45ba8c39408d6f849cb88,stable_unchanged,exact,exact,1.0,1.0
39785c745dc74b05c44a6e436cd2bcc8,e3afc131bfd7e6763ce48f025925b5b0,stable_unchanged,exact,exact,1.0,1.0
399919f301ba57a86a455cfc9be1a3bd,d5727ed204ce0ba4115c1ed5e79a6917,stable_with_minor_changes,unknown,unknown,,
39c510844a58a07b000ab817558f2c29,3a1910fa17ae088ed91889e124e642d6,stable_unchanged,exact,exact,1.0,1.0
3a9e274de0c90785f3e341a7268ecce3,e98726bce5b6e1d4d5bebee751a5b430,stable_unchanged,exact,exact,1.0,1.0
3aa18a8aae96611524303a8bc9669876,435c19e32cd0f4fe85575c30bd818ed7,stable_unchanged,exact,exact,1.0,1.0
3aa18a8aae96611524303a8bc9669876,5b8e84b1b3eb8e69a25633e98329df0d,stable_unchanged,exact,exact,1.0,1.0
3aa18a8aae96611524303a8bc9669876,91b90c4da19aed016c3fd71aa5dce652,stable_unchanged,exact,exact,1.0,1.0
3aafa749c1d5b226a11da90105f8280c,eab1f27ac0a2938e607e0181453a87b4,stable_unchanged,exact,exact,1.0,1.0
3b4ca9b6b702b6aa84be4723fa7bc9a8,b3c545c2158cb67f870ad20963805ab7,stable_unchanged,exact,exact,1.0,1.0
3be8cf3c0b43d9eb62caf00bcc23844c,a9a0b988438e6b4099ef935faaea0d4e,stable_unchanged,exact,exact,1.0,1.0
3be8cf3c0b43d9eb62caf00bcc23844c,de0ef0c0133a44d4a5cdf85513be4d19,stable_unchanged,exact,exact,1.0,1.0
3c28c3b5c45e072dd97c5c7b34e93ac2,60da33bef35380b5dcc077bfa5a36719,stable_unchanged,exact,exact,1.0,1.0
3c28c3b5c45e072dd97c5c7b34e93ac2,abba862807038ae52accc670bf32321c,stable_unchanged,exact,exact,1.0,1.0
3c63eb405b9e496e99e2875acd37e581,ca82e7e84600171421ce007f1889368b,stable_unchanged,exact,exact,1.0,1.0
3ee6afb6bb2563d616ab7960da0a4a5a,61bed0c6b849348384696068cb526b63,stable_unchanged,exact,exact,1.0,1.0
3ef9d30adc4be972f391fa4f1139120d,b557e9decbde49a93011e82827b40671,stable_unchanged,exact,exact,1.0,1.0
3f37e003ba494c278e5653a173d96c74,94225d646382b58c5d0768f04ac12988,stable_unchanged,exact,exact,1.0,1.0
3f794e9c03819143a1a796b23e3713d2,9d2db67c9e99927bff188343ab13a4b8,stable_unchanged,exact,exact,1.0,1.0
3f794e9c03819143a1a796b23e3713d2,b3b047e45e4c5caba26b91440bbed4b1,stable_unchanged,exact,exact,1.0,1.0
3f794e9c03819143a1a796b23e3713d2,c83a2f6130b8c009b045bfda5c99f5f5,stable_unchanged,exact,exact,1.0,1.0
4071cb60564fbd785b8d50328c44c3ec,5e3cf6c45659dff4beb6e48b0e590ced,stable_unchanged,exact,exact,1.0,1.0
416016c79fa466f020dd3fbbad26695f,5f507395cf199f6fbf22360879a7fb1e,stable_unchanged,exact,exact,1.0,1.0
416016c79fa466f020dd3fbbad26695f,ef02a8ee33892941c072967369e8a785,stable_unchanged,exact,exact,1.0,1.0
416016c79fa466f020dd3fbbad26695f,f188dcf0bba45ba8c39408d6f849cb88,stable_unchanged,exact,exact,1.0,1.0
4195d56016da836ea5de57c6e1872a10,75dfec0d2f994252ad9f965488b4dff1,stable_unchanged,exact,exact,1.0,1.0
4195d56016da836ea5de57c6e1872a10,bc823fd15a22cc07ed7b42f895961e2a,stable_unchanged,exact,exact,1.0,1.0
4257e0ebfb979be6893d294892ba292d,db8a834cc73f63385c2fc96116a5a049,stable_unchanged,exact,exact,1.0,1.0
4280f369a600f486b914c34a479c93e3,447014162c1bd85fbd2ec557d3d911d4,stable_unchanged,exact,exact,1.0,1.0
429418c7e2ead92ea5dade18c36ca798,c7cd54a0d3902c89ea369f8bfa398e15,stable_unchanged,exact,exact,1.0,1.0
429418c7e2ead92ea5dade18c36ca798,f945de5626cd569b19e66e2d8dd69fd0,stable_unchanged,exact,exact,1.0,1.0
435c19e32cd0f4fe85575c30bd818ed7,5b8e84b1b3eb8e69a25633e98329df0d,stable_unchanged,exact,exact,1.0,1.0
435c19e32cd0f4fe85575c30bd818ed7,91b90c4da19aed016c3fd71aa5dce652,stable_unchanged,exact,exact,1.0,1.0
4484840478a7acc08a9ab46ebae45465,c4d116a7667ee858d13c71e8fce1b87c,stable_unchanged,exact,exact,1.0,1.0
44c6485ebe7a91c63fc7d7d3996527a6,57b6d055ac2a8578666c4e15a139290f,stable_unchanged,exact,exact,1.0,1.0
44c6485ebe7a91c63fc7d7d3996527a6,5fcfa78c270b0406bb7abb81ae950260,stable_unchanged,exact,exact,1.0,1.0
44c6485ebe7a91c63fc7d7d3996527a6,6e727465f7fc4e12526c61e3aec9b973,stable_unchanged,exact,exact,1.0,1.0
455a5824b2ea45028a0a0c4720178a50,ab859376bb3b92d82a7df5307aa7aee0,stable_with_minor_changes,exact,unknown,1.0,
457db2ebdd3554d22d750699f5a18622,e5bbcc5daf6ac9f771e0c8320ae126f1,stable_unchanged,exact,exact,1.0,1.0
4582f90ba0d8131a12bc917ef2074369,915a86f4c7911d652bc6edce020dfe0a,stable_unchanged,exact,exact,1.0,1.0
45fc34cbccbecf2837d9f804ec7895d8,47e9bbf07883be6932d602f9cc63a226,stable_with_minor_changes,exact,unknown,1.0,
45fc34cbccbecf2837d9f804ec7895d8,8912e554cd71c23e84b777fbe99c14d7,stable_unchanged,exact,exact,1.0,1.0
469590749ad1ec773d274062765b60ac,9e803f1a0e311e64bcb71f1ba28dc25c,stable_unchanged,exact,exact,1.0,1.0
469590749ad1ec773d274062765b60ac,f25c705672be34ca864e386ea6808c6c,stable_unchanged,exact,exact,1.0,1.0
46b576bb99487bfd5f031b4ba9670cf0,e98726bce5b6e1d4d5bebee751a5b430,stable_unchanged,exact,exact,1.0,1.0
46feb378e44ca1cac5ee8ff87e319d93,ef6c2e1883a717bb4e834dee82ef6cd3,stable_unchanged,exact,exact,1.0,1.0
4774ce688f987d9b28f45d44a0fe8a5a,a9acf9924453886d217a156086499d49,stable_unchanged,exact,exact,1.0,1.0
478239a24adebce0825573a67c67e8b6,f666808ae558503ab32e3e1f72c46a13,stable_unchanged,exact,exact,1.0,1.0
47c2049b12019a8cc90d788be678f3f3,5733b5bcf5154027c8c01be74f6deecb,stable_unchanged,exact,exact,1.0,1.0
47c2049b12019a8cc90d788be678f3f3,84738d39cda4d33c137ee1fa6a57e6ac,stable_unchanged,exact,exact,1.0,1.0
47c2049b12019a8cc90d788be678f3f3,da7b0101abc10a108bad2ed142b660d4,stable_unchanged,exact,exact,1.0,1.0
47e9bbf07883be6932d602f9cc63a226,8912e554cd71c23e84b777fbe99c14d7,stable_with_minor_changes,unknown,exact,,1.0
47e9bbf07883be6932d602f9cc63a226,ae73946d11cef36c24cab516701cb9d4,stable_with_minor_changes,unknown,exact,,1.0
4839e96e5323e3e5deb5c695a05ae2f4,4d023561f270a99fc2fa6fa339a01edd,stable_unchanged,exact,exact,1.0,1.0
4839e96e5323e3e5deb5c695a05ae2f4,60d80a8d0da0aa9cba14ce7f2c6d39bc,stable_unchanged,exact,exact,1.0,1.0
4871ce25ecd656bff6da51ba38072ffe,4f7711d1d324e78ab9d627feb93f7a26,stable_unchanged,exact,exact,1.0,1.0
488015645aaf78fc29a620dd9fd5e9fa,518a600ed8fcdd772a6509bba7da988f,stable_unchanged,exact,exact,1.0,1.0
489dc6f0d6d3fc115ef9c5638b09e9c7,d8833902225cb43709e51c5dc2dbf396,stable_unchanged,exact,exact,1.0,1.0
48a367e2319362127fa9a7bbfcc8aae7,49f86d43a17a57fd392c3a1682a8669d,stable_unchanged,exact,exact,1.0,1.0
4907675dfec6f893fdea6bb31f97a16b,eb735339d1834d17b20a0e936bed543d,stable_unchanged,exact,exact,1.0,1.0
490a426c77893e3d123892cf6b0c0c4b,490a426c77893e3d123892cf6b0c0c4b,stable_with_minor_changes,unknown,unknown,,
490a426c77893e3d123892cf6b0c0c4b,682ca11d5dff90f02541780f8a3b8161,stable_with_minor_changes,unknown,exact,,1.0
4a236a9641f12dfc6abf38aa373f3f55,8240bd93c87fbbb7a53f2ee9e900d2db,stable_unchanged,token_hash,exact,1.0,1.0
4a236a9641f12dfc6abf38aa373f3f55,a25a44cf6a8794d2ead5b2a2ea62d5b9,stable_unchanged,token_hash,exact,1.0,1.0
4a236a9641f12dfc6abf38aa373f3f55,b9fd2148fb635a952ff7c8afb0b292c8,stable_unchanged,token_hash,token_hash,1.0,1.0
4a236a9641f12dfc6abf38aa373f3f55,eb11cc36e14d7e09ce34475968afeda9,stable_unchanged,token_hash,exact,1.0,1.0
4aa536148844673e51bef639b6b8e3be,d08966bcc4b587491e13359f8b2144da,stable_unchanged,exact,exact,1.0,1.0
4abac3cb169242c1dbe2f0d4d48cc0b7,db1d3556b14728b7057126d10fe66c9b,stable_unchanged,exact,exact,1.0,1.0
4b4f6180593c9d6c27b734bc0c4e9d69,8e4d71968b75d708ca501c1a78064d58,stable_unchanged,exact,exact,1.0,1.0
4bbf887b454639226b2e50d488336f8d,64af433846a9a5001c67dc8b3c481bca,stable_unchanged,exact,exact,1.0,1.0
4c96c8c12b524739c91d5912f534659a,c1585c2a530dd1d495b70491b021aa99,stable_unchanged,exact,exact,1.0,1.0
4ceba666c1ab0af9666be41829ef0487,778fdcd1737ecc3a60edbd6d13a519f0,stable_unchanged,exact,exact,1.0,1.0
4ceba666c1ab0af9666be41829ef0487,9a0ebc2d99a7d2fc9387b726cc72f83b,stable_unchanged,exact,exact,1.0,1.0
4d023561f270a99fc2fa6fa339a01edd,60d80a8d0da0aa9cba14ce7f2c6d39bc,stable_unchanged,exact,exact,1.0,1.0
4d023561f270a99fc2fa6fa339a01edd,640d4c841046e50953791a7eae68c743,stable_unchanged,exact,exact,1.0,1.0
4d132242925e01dde73937d3f61f4a4c,cb50f036b99c39cac7b192a129a14f09,stable_with_minor_changes,exact,unknown,1.0,
4d2220c6d866d3c2fd070eb16f999d3f,fe7bc78d08fdd35d4406d0c62af130d8,stable_unchanged,exact,exact,1.0,1.0
4e2dbbbebaf3d82e3b84480fdc619d41,515ff76c5e405bf6e20537066b946b84,stable_unchanged,exact,exact,1.0,1.0
4e2dbbbebaf3d82e3b84480fdc619d41,5f507395cf199f6fbf22360879a7fb1e,stable_unchanged,exact,exact,1.0,1.0
4e2dbbbebaf3d82e3b84480fdc619d41,92d59473f9b1d2036e7a53b8a5d516a3,stable_unchanged,exact,exact,1.0,1.0
4e2dbbbebaf3d82e3b84480fdc619d41,e5c8dd371a8df4c2fb26404f277fbab6,stable_unchanged,exact,exact,1.0,1.0
4e2dbbbebaf3d82e3b84480fdc619d41,ef02a8ee33892941c072967369e8a785,stable_unchanged,exact,exact,1.0,1.0
4e2dbbbebaf3d82e3b84480fdc619d41,f188dcf0bba45ba8c39408d6f849cb88,stable_unchanged,exact,exact,1.0,1.0
4fd0d03f78a0527b72c1a04070ccb8ad,d645dd000262474635dca6112b7755a1,stable_with_minor_changes,unknown,exact,,1.0
4fd6f05dacf0c8d4e3a9e8c553232b0a,e2e7d0407b89b8c1f35df2cc9c3471f4,stable_unchanged,exact,exact,1.0,1.0
508d3b5fe16d783bb87eb8e5476c25fc,cec9a85413102d95ab7010e81b863f41,stable_unchanged,exact,exact,1.0,1.0
509fa90ce4b6ea118ffb4e6859c7d176,f612284aecca5c71270b624b3efdd480,stable_with_minor_changes,unknown,exact,,1.0
50e05f9d41f8f3b6f12a16f7459654eb,6c0b63c6625425834e4d13f4d28ecfdb,stable_unchanged,exact,exact,1.0,1.0
50eea1824437adeaeb7571f82ea7f8e3,916d40c1666ea63f8f04e841960e9896,stable_unchanged,exact,exact,1.0,1.0
5157e4a6c9f9f4173907327dd7509af3,cfea7ab751cca6d2f9b498450ce990ca,stable_unchanged,exact,exact,1.0,1.0
515ff76c5e405bf6e20537066b946b84,f188dcf0bba45ba8c39408d6f849cb88,stable_unchanged,exact,exact,1.0,1.0
519952fb528a2fb46d95b259fbc788d8,8aa82311095d6d8b8eb77344e0f0e9b9,stable_unchanged,exact,exact,1.0,1.0
51d70085ad914112f24dc3453a454710,77bbe570990358bdaab559e984e77abd,stable_unchanged,exact,exact,1.0,1.0
51d70085ad914112f24dc3453a454710,7fd1ce667b3e25be2d88caf90a47f011,stable_unchanged,exact,exact,1.0,1.0
51d70085ad914112f24dc3453a454710,c405c112dbc3a3282ea57d0c4042424f,stable_unchanged,exact,exact,1.0,1.0
51d70085ad914112f24dc3453a454710,f1ec78315d5491bef2c58a9a1d38da4e,stable_unchanged,exact,exact,1.0,1.0
51d70085ad914112f24dc3453a454710,fe9722c2c86652df1f7ba613fbf9db7b,stable_unchanged,exact,exact,1.0,1.0
5287691246d2f149a37c7d3a20c92866,eb7b6101f7a533e1288be1750453f1f7,stable_unchanged,exact,exact,1.0,1.0
53a15d285b3047655529ba14fc61bbdf,a3b673d62993ccd7a70ab81ac04e1825,stable_unchanged,exact,exact,1.0,1.0
53b633a440f7f3121ad651f56557b8a9,7281be3c7df0333371b9d342bba9e0f8,stable_with_minor_changes,unknown,exact,,1.0
53b633a440f7f3121ad651f56557b8a9,ba1868ed08eac2f264d4bbbd31d6c995,stable_with_minor_changes,unknown,unknown,,
53bf0ef1ee574b041cf7ae73fc5b4541,6b14d6e3acdf23fe8d33df271c63e347,stable_unchanged,exact,exact,1.0,1.0
53ebbf4c888fce159205b36dcae7e398,5436e4fd9ed168802b1e3512b7dbefc5,stable_unchanged,exact,exact,1.0,1.0
545039dfa8f704283fa86aae5400eeb4,b04ede1f6562f8da4cf7a188a492011f,stable_unchanged,exact,exact,1.0,1.0
548aef42165bd934f9fe0eae69124bb5,6c30f5673f50d21bf3de49629c7da58c,stable_unchanged,exact,exact,1.0,1.0
54b636953555e5d79a22fddf2af6c784,6898e0bfa9b8f485c3dff1f1f0c33b66,stable_unchanged,exact,exact,1.0,1.0
54b636953555e5d79a22fddf2af6c784,c7b3fbb055a222ec237e8f03c85ffe3b,stable_unchanged,exact,exact,1.0,1.0
5552355625eb4d8dc3b899b2e01d0e97,c94629dc5ed80038994c89abb5fc3400,stable_unchanged,exact,exact,1.0,1.0
55c22e9ab0dbd2d9c9c0e5f98772a586,f044966bb5d387f00e95ff0839bd5568,stable_unchanged,exact,exact,1.0,1.0
55eb1a4beb65fffbfe43879a19cf6602,7a8b978f707aa5b9ec8e5391b45e5f16,stable_unchanged,exact,exact,1.0,1.0
55f486d9ad7a3b6228c79107b2308d09,96d41fbaa2bf791f7ada85c0ec57d885,stable_unchanged,exact,exact,1.0,1.0
5733b5bcf5154027c8c01be74f6deecb,84738d39cda4d33c137ee1fa6a57e6ac,stable_unchanged,exact,exact,1.0,1.0
5733b5bcf5154027c8c01be74f6deecb,da7b0101abc10a108bad2ed142b660d4,stable_unchanged,exact,exact,1.0,1.0
57ee22f7b33dd6d4b236beb11b46fb0e,78e0f74701c05a4b3b688ece3c70f908,stable_unchanged,exact,exact,1.0,1.0
5835f227f9232e0f778c5aa48a0b144f,8e7e2b36d01118cfd960fc06aef93840,stable_unchanged,exact,exact,1.0,1.0
5835f227f9232e0f778c5aa48a0b144f,f41991b1c62d04564cc9f42720e84c4b,stable_unchanged,exact,exact,1.0,1.0
59084cb2dee1f45d672fe68599af8918,a67004da14e412f39bdf954b028e320b,stable_with_minor_changes,unknown,unknown,,
59084cb2dee1f45d672fe68599af8918,e6ae0e4b9c4c834cf04bedf2365b50d0,stable_with_minor_changes,unknown,unknown,,
59333771f70535082019538556b45182,a64c89b46af6ff1b4193f9ba0fae012b,stable_unchanged,exact,exact,1.0,1.0
59333771f70535082019538556b45182,f029aa7e4a09237f47c1e5b52225f787,stable_unchanged,exact,exact,1.0,1.0
595490260bb9e353370619ef51ebb66a,f929ad307971e5c36acf461146551b38,stable_unchanged,exact,exact,1.0,1.0
59fc7a90dcaa908069680bee6afaeb1b,d5601e31fa37533f4aee158ed1d156c2,stable_unchanged,exact,exact,1.0,1.0
5a2f53dc95d5325787c424e44e9a3015,90583781b41c1dc82d98a0dd7beb801f,stable_unchanged,exact,exact,1.0,1.0
5a2f53dc95d5325787c424e44e9a3015,c7cd54a0d3902c89ea369f8bfa398e15,stable_unchanged,exact,exact,1.0,1.0
5a5b3f15f131821ced41513f60aed417,5ede2d2dbd10127a8050480d09cfec9e,stable_with_minor_changes,unknown,exact,,1.0
5a5b3f15f131821ced41513f60aed417,fad2fbaf843e67bbacc25cd8c6d98643,stable_with_minor_changes,unknown,unknown,,
5b8e84b1b3eb8e69a25633e98329df0d,91b90c4da19aed016c3fd71aa5dce652,stable_unchanged,exact,exact,1.0,1.0
5bedd7f7c5ec78665901912696bd302d,8aa82311095d6d8b8eb77344e0f0e9b9,stable_unchanged,exact,exact,1.0,1.0
5c486480370c30c486489a278fc80a38,a82b2f28b37116a8abd4e592f7b563ba,stable_unchanged,exact,exact,1.0,1.0
5c486480370c30c486489a278fc80a38,e0648f0d15ea4e08ec4f5d7db439e115,stable_unchanged,exact,exact,1.0,1.0
5cac5c44acf61aa91dcdc3512440eda5,9586b6a449bcc0fb3d7979e9a21d27c5,stable_unchanged,exact,exact,1.0,1.0
5cac5c44acf61aa91dcdc3512440eda5,dceb9cca7b96e8761bd5e7e920b4180e,stable_unchanged,exact,exact,1.0,1.0
5cbe544365c09612fc218392bf2de916,ec5f4c8fe7710184cdb4c366e898fbbd,stable_unchanged,exact,exact,1.0,1.0
5d7397b4e1f830c29f70e27a13bbb724,988cdebe2d5355df7087610acb3edd7f,stable_unchanged,exact,exact,1.0,1.0
5e0adb30b08b8e002bb7039cb04cf203,82c7cecba80f16aac673424671ec25ec,stable_unchanged,exact,exact,1.0,1.0
5e3cf6c45659dff4beb6e48b0e590ced,f8455f73ec23ed7a77045406472976de,stable_unchanged,exact,exact,1.0,1.0
5e41ef0940746b41ed1a26721bae7490,fce7ab48c794e6bd14c1c48c345a2762,stable_unchanged,exact,exact,1.0,1.0
5ede2d2dbd10127a8050480d09cfec9e,fad2fbaf843e67bbacc25cd8c6d98643,stable_with_minor_changes,exact,unknown,1.0,
5f0f2651eb674316031552b516162a2e,fecbf39328154fc77e11fa37c91f536c,stable_unchanged,exact,exact,1.0,1.0
5f507395cf199f6fbf22360879a7fb1e,92d59473f9b1d2036e7a53b8a5d516a3,stable_unchanged,exact,exact,1.0,1.0
5f507395cf199f6fbf22360879a7fb1e,ef02a8ee33892941c072967369e8a785,stable_unchanged,exact,exact,1.0,1.0
5f507395cf199f6fbf22360879a7fb1e,f188dcf0bba45ba8c39408d6f849cb88,stable_unchanged,exact,exact,1.0,1.0
5f7f20ef5f820514ac1cd1fc79f95ed2,a10b013be06622b6c5f2b82129b27932,stable_unchanged,exact,exact,1.0,1.0
5fb3b854b84151703deee03f3e14304a,82cc250371a080c4e4a9e30c9f4d104f,stable_unchanged,exact,exact,1.0,1.0
5fcfa78c270b0406bb7abb81ae950260,ddc0a9ba3c1a74f9e9622ca3b80f1147,stable_with_minor_changes,exact,unknown,1.0,
601b86651df7633a8a8da1d147fdc708,634fe3801bec811c27922dd81dd8110c,stable_unchanged,exact,exact,1.0,1.0
603990ae118957fce43a360bccb67e64,646fcf26285f5b35f1b4bd5455b84e02,stable_with_minor_changes,unknown,unknown,,
603990ae118957fce43a360bccb67e64,78a8a0495388a1f149a6ec381355c2b1,stable_with_minor_changes,unknown,unknown,,
603990ae118957fce43a360bccb67e64,b0fef8bf7b01e4e89a6a8c82de36c67c,stable_with_minor_changes,unknown,exact,,1.0
603990ae118957fce43a360bccb67e64,ed06254bb1daf2193cada281a5b7a772,stable_with_minor_changes,unknown,unknown,,
609a74a4bf255ef9fbdecb0afeda684a,7896a738e2186b094ee465a15783532f,stable_unchanged,exact,exact,1.0,1.0
60da33bef35380b5dcc077bfa5a36719,abba862807038ae52accc670bf32321c,stable_unchanged,exact,exact,1.0,1.0
619d7c31b88a8239654998b4dae749fa,bcc97c9b5ef59a7c29266d79fc41df58,stable_unchanged,exact,exact,1.0,1.0
619d7c31b88a8239654998b4dae749fa,e29500b45eaafb552e8ac12c2bb7b4a1,stable_unchanged,exact,exact,1.0,1.0
61c27a310960524fc6351d9ef58a1f14,7d2b7842cce79877b54a7a7c42c48240,stable_unchanged,exact,exact,1.0,1.0
62024dec4d9889446aac0b45c1e84447,bcecd545e47670babb7f951a1b2c42ac,stable_unchanged,exact,exact,1.0,1.0
62024dec4d9889446aac0b45c1e84447,e40376cd908e9f8993946ff180fc7ec8,stable_unchanged,exact,exact,1.0,1.0
62609624268466f7a32fc0f0b3897a6e,6b31606ef955cbb99217f9efc3c82aec,stable_unchanged,exact,exact,1.0,1.0
62931cc15879d72150118c612d40a1c7,9674876bf79b007f75573a6c7de66751,stable_unchanged,exact,exact,1.0,1.0
62acad11bbf73d7e9c6d47f3b3b928be,86fe0e867c56c2b432ff0925f7418d55,stable_unchanged,exact,exact,1.0,1.0
6334b3b14a8c8dfc577877e0482c01fd,71385f4ffe74338a14b7824504341d24,stable_unchanged,exact,exact,1.0,1.0
634fe3801bec811c27922dd81dd8110c,7334a3ecb08d7be924c649df303d18c8,stable_unchanged,exact,exact,1.0,1.0
63b01258f94608888d618a4f17bf0bff,7457608b87ab218defe41769d1a2f272,stable_unchanged,exact,exact,1.0,1.0
6438bba4b9389931e97be643c67c37ec,8633e42cd25abb698be79fa5d6e5d314,stable_with_minor_changes,unknown,unknown,,
6442326f829a3d8e6f20b1f0e06d2025,7d698253b771b64a1132b444f23c064f,stable_unchanged,exact,exact,1.0,1.0
6442326f829a3d8e6f20b1f0e06d2025,c4016bc6acc2cd5b2e4082496e805b91,stable_unchanged,exact,exact,1.0,1.0
6442326f829a3d8e6f20b1f0e06d2025,f8040845658da92d41f01e8c1fca0c83,stable_unchanged,exact,exact,1.0,1.0
6442326f829a3d8e6f20b1f0e06d2025,fe840baf4aa1da09b26fb9fb3f8df047,stable_unchanged,exact,exact,1.0,1.0
646fcf26285f5b35f1b4bd5455b84e02,78a8a0495388a1f149a6ec381355c2b1,stable_with_minor_changes,unknown,unknown,,
646fcf26285f5b35f1b4bd5455b84e02,96385f9b5348b79c469cedb6d1aa4b78,stable_with_minor_changes,unknown,unknown,,
646fcf26285f5b35f1b4bd5455b84e02,b0fef8bf7b01e4e89a6a8c82de36c67c,stable_with_minor_changes,unknown,exact,,1.0
646fcf26285f5b35f1b4bd5455b84e02,ed06254bb1daf2193cada281a5b7a772,stable_with_minor_changes,unknown,unknown,,
64740f7e826b099f6a724767bf74ad7e,f4e44e57038551b0adf6e38bffcbbf98,stable_with_minor_changes,unknown,unknown,,
652106f792025da3cb9a68fc3e73c044,809c5b782795c1ba3da4de1a6ed1ddc8,stable_unchanged,exact,exact,1.0,1.0
65a7678ecc4cb9110f8506491ee2e4a3,9f0c675074301998bdec52a11adbcd14,stable_unchanged,exact,exact,1.0,1.0
65a7678ecc4cb9110f8506491ee2e4a3,dd178c4e3be64aabdd03ca7c72524513,stable_unchanged,exact,exact,1.0,1.0
65a7f638936d150ce186e5f74115666e,eba8100ac2fc5bc7a15c506711475e32,stable_unchanged,exact,exact,1.0,1.0
66009a3acaa448ef91e8332bb09ebb11,77bbe570990358bdaab559e984e77abd,stable_unchanged,exact,exact,1.0,1.0
66009a3acaa448ef91e8332bb09ebb11,8a6e662e98b40b0b26a5f750b310c281,stable_unchanged,exact,exact,1.0,1.0
66f4840ee032632ec8b2ab13a7a0c61d,6c4bdcdde717f7435a99acdccb95b06c,stable_unchanged,exact,exact,1.0,1.0
670cf36a17c63c67912245c5c8d8cb62,8481768235f7b689ef6dff446fbcbdf9,stable_unchanged,exact,exact,1.0,1.0
682ca11d5dff90f02541780f8a3b8161,682ca11d5dff90f02541780f8a3b8161,stable_unchanged,exact,exact,1.0,1.0
6898e0bfa9b8f485c3dff1f1f0c33b66,9edc7d1be8fb5da3f234d7cc074d7962,stable_unchanged,exact,exact,1.0,1.0
6898e0bfa9b8f485c3dff1f1f0c33b66,c7b3fbb055a222ec237e8f03c85ffe3b,stable_unchanged,exact,exact,1.0,1.0
689e749f827eb86580ef364f0e9dacda,a7413ae067c8973642a0aef1397e0b1a,stable_unchanged,exact,exact,1.0,1.0
68eea492c30dc2ae8c47af506351e6c6,f916f280d322ebe8761a8155f6c6db38,stable_unchanged,exact,exact,1.0,1.0
6b8966dc949eacfd8781ad74adba7b8b,9c0e65500c41ecdf24fdc9bcdecfadac,stable_unchanged,exact,exact,1.0,1.0
6c43b8f9781ab9145f6b15a11737471d,6ec0ff3fa0ab1fd9c2996e0effc7254a,stable_unchanged,exact,exact,1.0,1.0
6c43b8f9781ab9145f6b15a11737471d,e6633d2cd20b0e6fc9aa75ff6f01e4d9,stable_unchanged,exact,exact,1.0,1.0
6c726899100be567c125df67390a3ca1,99006a4c695b5d014e563a97fc811c13,stable_unchanged,exact,exact,1.0,1.0
6c726899100be567c125df67390a3ca1,d8587552a39aba241c195dcfe4235011,stable_unchanged,exact,exact,1.0,1.0
6c726899100be567c125df67390a3ca1,fbdc84517f2fbbb3983928f78a333c51,stable_with_minor_changes,exact,unknown,1.0,
6e086ac3c1018541befc4eec664f36e9,f16f1ff67c430009c57c8634ee7cff16,stable_unchanged,exact,exact,1.0,1.0
6e1ff9617dbe8c33fcd5ac2207f89929,e5c1caecedbc3847c11fdb950f77b349,stable_unchanged,exact,exact,1.0,1.0
6e4637e882ea6aa0feb4e6f0dfbff07a,e0cdb2fae3154b9aa946e95b40f64167,stable_unchanged,exact,exact,1.0,1.0
6e727465f7fc4e12526c61e3aec9b973,f2b852c3ba1e9ada260fc4a61f7967eb,stable_unchanged,exact,exact,1.0,1.0
6ec0ff3fa0ab1fd9c2996e0effc7254a,e6633d2cd20b0e6fc9aa75ff6f01e4d9,stable_unchanged,exact,exact,1.0,1.0
6f2a5bdb42a65abc9008c0366d2042f6,87f9279c2f1f24fc66528c0e72452da0,stable_unchanged,exact,exact,1.0,1.0
6f2a5bdb42a65abc9008c0366d2042f6,8c726add7ca2a8f03a00e62003e560ba,stable_unchanged,exact,exact,1.0,1.0
708fe94b6b6493400dee33f748437bb0,89fe6b7adf74e441b2d0c1fdfdb8fbbb,stable_unchanged,exact,exact,1.0,1.0
708fe94b6b6493400dee33f748437bb0,db811b15f10e6892a0035b909077c5b3,stable_unchanged,exact,exact,1.0,1.0
708fe94b6b6493400dee33f748437bb0,df7bf9250d56d79c53aff88f94b44669,stable_unchanged,exact,exact,1.0,1.0
7281be3c7df0333371b9d342bba9e0f8,ba1868ed08eac2f264d4bbbd31d6c995,stable_with_minor_changes,exact,unknown,1.0,
7380368f48afd9311b4b6440e15b9695,ab4efef787c4b76938fb778b99137dd5,stable_unchanged,exact,exact,1.0,1.0
7380368f48afd9311b4b6440e15b9695,d00021045eb0b0946a9159752d4f3de2,stable_unchanged,exact,exact,1.0,1.0
7401d1d1f7b3f631de2ef9c7d4e193d9,844c9bde4c73025c7abafc6bd25bc457,stable_unchanged,exact,exact,1.0,1.0
75dfec0d2f994252ad9f965488b4dff1,bc823fd15a22cc07ed7b42f895961e2a,stable_unchanged,exact,exact,1.0,1.0
760a8289b7a3ce9b9316f8d5cecde796,d161794cbf3ca72830ac227e4c8a56c6,stable_unchanged,exact,exact,1.0,1.0
7634c45cba407d755e4a59e2650213b2,8f8653dd5d48983edcd683fb5d2a607f,stable_unchanged,exact,exact,1.0,1.0
7634c45cba407d755e4a59e2650213b2,f5ab833d5354877d988a9f72cd1601f0,stable_unchanged,exact,exact,1.0,1.0
768ff0db5abb94d7614f7e224d94a850,7ec0814a292c745d663cfafb035ce5c8,stable_unchanged,exact,exact,1.0,1.0
76a089d36558aea26f24707dbcef1cf0,780451f7a00659107f2f58b19170ed44,stable_unchanged,exact,exact,1.0,1.0
771c409d22156ba7d667a946116048f8,cf33e30608c44522b9a63a09f82f5d5c,stable_unchanged,exact,exact,1.0,1.0
7725e217881054504753209bc83f1f9c,809c5b782795c1ba3da4de1a6ed1ddc8,stable_unchanged,exact,exact,1.0,1.0
772a45c37777215dc516be56182e72a5,f16f1ff67c430009c57c8634ee7cff16,stable_unchanged,exact,exact,1.0,1.0
772a9cdb8189baa689c40386310a3fac,d13ff06016855ed89f6811399092f2af,stable_unchanged,exact,exact,1.0,1.0
773c61ce06bd38626a072074abf4392c,96d41fbaa2bf791f7ada85c0ec57d885,stable_unchanged,exact,exact,1.0,1.0
778fdcd1737ecc3a60edbd6d13a519f0,9a0ebc2d99a7d2fc9387b726cc72f83b,stable_unchanged,exact,exact,1.0,1.0
77bbe570990358bdaab559e984e77abd,7fd1ce667b3e25be2d88caf90a47f011,stable_unchanged,exact,exact,1.0,1.0
77bbe570990358bdaab559e984e77abd,8a6e662e98b40b0b26a5f750b310c281,stable_unchanged,exact,exact,1.0,1.0
77bbe570990358bdaab559e984e77abd,c405c112dbc3a3282ea57d0c4042424f,stable_unchanged,exact,exact,1.0,1.0
77bbe570990358bdaab559e984e77abd,f1ec78315d5491bef2c58a9a1d38da4e,stable_unchanged,exact,exact,1.0,1.0
77bbe570990358bdaab559e984e77abd,fe9722c2c86652df1f7ba613fbf9db7b,stable_unchanged,exact,exact,1.0,1.0
786a6c4e11c80079bee51da47612f43d,df2840df40bf1a1d858114ac0c3bc95c,stable_unchanged,exact,exact,1.0,1.0
7892edfe41d2a7157f8a55e1dab9a33b,b84c279949a95bd38a202a356ee8c1c2,stable_unchanged,exact,exact,1.0,1.0
78a8a0495388a1f149a6ec381355c2b1,96385f9b5348b79c469cedb6d1aa4b78,stable_with_minor_changes,unknown,unknown,,
78a8a0495388a1f149a6ec381355c2b1,b0fef8bf7b01e4e89a6a8c82de36c67c,stable_with_minor_changes,unknown,exact,,1.0
78a8a0495388a1f149a6ec381355c2b1,ed06254bb1daf2193cada281a5b7a772,stable_with_minor_changes,unknown,unknown,,
7a8b978f707aa5b9ec8e5391b45e5f16,9ca8f021b43962fed3a67a98ce3fc39e,stable_unchanged,exact,exact,1.0,1.0
7a8b978f707aa5b9ec8e5391b45e5f16,af3878ab3dbb3d2db3fe8fdf8f1f7e0c,stable_unchanged,exact,exact,1.0,1.0
7b3cc70ed78835fe76cb65f79e884cb4,91eefe450cb6a02b9777556ef95294b0,stable_unchanged,exact,exact,1.0,1.0
7b413570d7d737a64e8afd85135f7d32,e63be134ae902c0e87dfdd4d099a9857,stable_unchanged,exact,exact,1.0,1.0
7b7d09a371f21d54a7dada1ca9ea79be,d0b1633a5887583879cbc749835c9835,stable_unchanged,exact,exact,1.0,1.0
7ba97139efffd6926bbbba6cc02c09eb,92d5aa1e5aaf986fbe7ec2e701448032,stable_unchanged,exact,exact,1.0,1.0
7c4013e8f345ed5f226382897e491c01,9123297949755b4cd4dc707d602fd8b6,stable_unchanged,exact,exact,1.0,1.0
7c550c9f98f4933931cfeadca9326c7e,d5727ed204ce0ba4115c1ed5e79a6917,stable_with_minor_changes,unknown,unknown,,
7cb47f4ac64e87885237022f2285d541,a0d388a1c554c14804dca39c83812591,stable_unchanged,exact,exact,1.0,1.0
7cb47f4ac64e87885237022f2285d541,ee8f2d305a7d95257e64005adc9afa83,stable_unchanged,exact,exact,1.0,1.0
7cb47f4ac64e87885237022f2285d541,f174b8202fe6afb1ea167afdafd8a69e,stable_unchanged,exact,exact,1.0,1.0
7cb47f4ac64e87885237022f2285d541,fe54389df1a3b70a88487c710e99e061,stable_unchanged,exact,exact,1.0,1.0
7ce1041db5da836b3af7c27deb95c686,7f413671602da5141c85847d74ae6d03,stable_unchanged,exact,exact,1.0,1.0
7ce1041db5da836b3af7c27deb95c686,fbf619dd9e760d6612f7e9bae3fc212b,stable_unchanged,exact,exact,1.0,1.0
7d63c5cb9188dc5f1918c4c494cfbb91,ffefb11c7832fff0065b8c24323bb595,stable_unchanged,exact,exact,1.0,1.0
7d698253b771b64a1132b444f23c064f,c4016bc6acc2cd5b2e4082496e805b91,stable_unchanged,exact,exact,1.0,1.0
7d698253b771b64a1132b444f23c064f,f8040845658da92d41f01e8c1fca0c83,stable_unchanged,exact,exact,1.0,1.0
7d698253b771b64a1132b444f23c064f,fe840baf4aa1da09b26fb9fb3f8df047,stable_unchanged,exact,exact,1.0,1.0
7e3b0e0d5248755b32bcb92644c35b90,b1d08916b45fc20c296cdf196a9310b2,stable_unchanged,exact,exact,1.0,1.0
7edd2daba2eb8518f7fab33b3683d5d1,fa61aa42dc1cd17d89206356fab5faae,stable_unchanged,exact,exact,1.0,1.0
7f413671602da5141c85847d74ae6d03,9768107fe07ea6ff189320c7cf6e1223,stable_unchanged,exact,exact,1.0,1.0
7f413671602da5141c85847d74ae6d03,9a11dbce1a84ec4a3a710b84c416f07b,stable_unchanged,exact,exact,1.0,1.0
7f413671602da5141c85847d74ae6d03,fbf619dd9e760d6612f7e9bae3fc212b,stable_unchanged,exact,exact,1.0,1.0
7f6b68c16527e104d90d3e62e54266b6,ee042f30d44f86b65290cf9e8b5a75f1,stable_unchanged,exact,exact,1.0,1.0
7fd1ce667b3e25be2d88caf90a47f011,c405c112dbc3a3282ea57d0c4042424f,stable_unchanged,exact,exact,1.0,1.0
7fd1ce667b3e25be2d88caf90a47f011,f1ec78315d5491bef2c58a9a1d38da4e,stable_unchanged,exact,exact,1.0,1.0
7fd1ce667b3e25be2d88caf90a47f011,fe9722c2c86652df1f7ba613fbf9db7b,stable_unchanged,exact,exact,1.0,1.0
8049400b684cf5c988bb6f61bb1d2914,8722be0729170a497eca009b40f22348,stable_unchanged,exact,exact,1.0,1.0
8049400b684cf5c988bb6f61bb1d2914,9784f036fa0dadf2a0204be68622a29a,stable_unchanged,exact,exact,1.0,1.0
809c5b782795c1ba3da4de1a6ed1ddc8,9edc7d1be8fb5da3f234d7cc074d7962,stable_unchanged,exact,exact,1.0,1.0
809c5b782795c1ba3da4de1a6ed1ddc8,aa5671239444dd9e1e1fdcba1612cf63,stable_unchanged,exact,exact,1.0,1.0
809c5b782795c1ba3da4de1a6ed1ddc8,b20ccc21b199a427f9cc93f62e6f28dd,stable_unchanged,exact,exact,1.0,1.0
8240bd93c87fbbb7a53f2ee9e900d2db,a25a44cf6a8794d2ead5b2a2ea62d5b9,stable_unchanged,exact,exact,1.0,1.0
8240bd93c87fbbb7a53f2ee9e900d2db,b9fd2148fb635a952ff7c8afb0b292c8,stable_unchanged,exact,token_hash,1.0,1.0
8240bd93c87fbbb7a53f2ee9e900d2db,eb11cc36e14d7e09ce34475968afeda9,stable_unchanged,exact,exact,1.0,1.0
84738d39cda4d33c137ee1fa6a57e6ac,da7b0101abc10a108bad2ed142b660d4,stable_unchanged,exact,exact,1.0,1.0
84c2fdd1f9f0a277a848a46a006e7e7e,a83edae834fde2e1ef6e1e17e9dbc461,stable_unchanged,exact,exact,1.0,1.0
84c2fdd1f9f0a277a848a46a006e7e7e,bc5bdbf3ab63827d94d71468b9c20f97,stable_unchanged,exact,exact,1.0,1.0
84c2fdd1f9f0a277a848a46a006e7e7e,be8287330d3aaaddec7075c246e53406,stable_unchanged,exact,exact,1.0,1.0
84c3893e3f9865d9b9e178c8cd9b19d9,e5b98777907464de0a02c724f20e4409,stable_unchanged,exact,exact,1.0,1.0
8722be0729170a497eca009b40f22348,9784f036fa0dadf2a0204be68622a29a,stable_unchanged,exact,exact,1.0,1.0
874c86be3685308fb1139f674b3e8c3c,bb97673cf41e74cf0c4e182307e11cb0,stable_unchanged,exact,exact,1.0,1.0
879ecd9bc7414258c696809605f4e16d,bc22071ea4ea4b27e4d4c5e85a356879,stable_with_minor_changes,unknown,unknown,,
87cba7e6df2a8b95c8dc8d985d873a98,feb6f28854d27fac9e62ee82ac868bf8,stable_unchanged,exact,exact,1.0,1.0
87f9279c2f1f24fc66528c0e72452da0,8c726add7ca2a8f03a00e62003e560ba,stable_unchanged,exact,exact,1.0,1.0
887265d7e9e5f7e582f80372b4015a91,acfe7ca04fc67ff3768463cc0435276f,stable_unchanged,exact,exact,1.0,1.0
8921c4a7faaffd8c66287ae122964b1b,ddc0a9ba3c1a74f9e9622ca3b80f1147,stable_with_minor_changes,exact,unknown,1.0,
89782c5de74406a9fd173c51ee500927,a99b3b9643b5fe3ded9d97f70a5761af,stable_unchanged,exact,exact,1.0,1.0
89782c5de74406a9fd173c51ee500927,b834aa93adba57b1ab51fd33f11b05d8,stable_unchanged,exact,exact,1.0,1.0
89fe6b7adf74e441b2d0c1fdfdb8fbbb,db811b15f10e6892a0035b909077c5b3,stable_unchanged,exact,exact,1.0,1.0
8b39cce9f67dc2126bd678295d22140d,ef29e51573dc1ff682487041f9456a94,stable_with_minor_changes,exact,unknown,1.0,
8b9281d081018bf0fc444bbfa9b1eeb1,ac8721b39a49785e4622401cec79fc55,stable_unchanged,exact,exact,1.0,1.0
8cd0e8315511449ae90989f36d3daa94,c94559bd602d3a6e11172bf194625b0c,stable_unchanged,exact,exact,1.0,1.0
8d69d167ec6e3373e33f34adef859dff,d2dddad5eff9b9600052d1ca37d25fc3,stable_unchanged,exact,exact,1.0,1.0
8d69d167ec6e3373e33f34adef859dff,feb76765b322ba49c62c61f0ae6f23d9,stable_unchanged,exact,exact,1.0,1.0
8dcebbaa6b6047e3d8b5abb63d1e61a0,cda30abe0547d8da0d1ff2d1040186eb,stable_unchanged,exact,exact,1.0,1.0
8e7e2b36d01118cfd960fc06aef93840,f41991b1c62d04564cc9f42720e84c4b,stable_unchanged,exact,exact,1.0,1.0
8ec3789e3afbda341cb47d7c184eb546,f4e44e57038551b0adf6e38bffcbbf98,stable_with_minor_changes,unknown,unknown,,
8f8653dd5d48983edcd683fb5d2a607f,f5ab833d5354877d988a9f72cd1601f0,stable_unchanged,exact,exact,1.0,1.0
907518bf280fb5c25b3413b78a396890,ef72454a7894f5e510b0346bf4537067,stable_unchanged,exact,exact,1.0,1.0
90aeeedc0dc05810892c88c56df6a160,f87ff74342a1fefc805bb9c810beefce,stable_unchanged,exact,exact,1.0,1.0
91309440171d34fb08f4149516cd2722,e98726bce5b6e1d4d5bebee751a5b430,stable_unchanged,exact,exact,1.0,1.0
913b7ec1947677e97665418184e8417d,d13d1d675099af7db4d34bbafa0728d3,stable_with_minor_changes,exact,unknown,1.0,
913e318da94b59a8d6046e4af2b110b2,dac83ab1cffc0e0f18a438e507be0f44,stable_unchanged,exact,exact,1.0,1.0
9180c2cfccb38276e3f65430ea98c122,f111d7c588ee26beaa71aead8a195831,stable_unchanged,exact,exact,1.0,1.0
9226efbcd50c83fd7753e3b3489cf987,9ee5945bbdbebe8f609886878b65225d,stable_unchanged,exact,exact,1.0,1.0
9226efbcd50c83fd7753e3b3489cf987,b2defe37f0fbea093bf98874fcd42b51,stable_unchanged,exact,exact,1.0,1.0
926a63aa082f3ee8ce213809d777df89,e2740bd6872fb559a90fa3f2432067df,stable_unchanged,exact,exact,1.0,1.0
92d59473f9b1d2036e7a53b8a5d516a3,ef02a8ee33892941c072967369e8a785,stable_unchanged,exact,exact,1.0,1.0
92d59473f9b1d2036e7a53b8a5d516a3,f188dcf0bba45ba8c39408d6f849cb88,stable_unchanged,exact,exact,1.0,1.0
94e042cfe4818099bdd5af92acc22c46,c6b799f7aeeb98864a11af71784cfcd8,stable_unchanged,exact,exact,1.0,1.0
9586b6a449bcc0fb3d7979e9a21d27c5,dceb9cca7b96e8761bd5e7e920b4180e,stable_unchanged,exact,exact,1.0,1.0
96385f9b5348b79c469cedb6d1aa4b78,ed06254bb1daf2193cada281a5b7a772,stable_with_minor_changes,unknown,unknown,,
96577dea7f2f450b72531bef5e60b494,c537c5ad5facc693537ba9d3afe4db74,stable_with_minor_changes,unknown,unknown,,
9674876bf79b007f75573a6c7de66751,9674876bf79b007f75573a6c7de66751,stable_unchanged,exact,exact,1.0,1.0
99006a4c695b5d014e563a97fc811c13,d8587552a39aba241c195dcfe4235011,stable_unchanged,exact,exact,1.0,1.0
99006a4c695b5d014e563a97fc811c13,da5f627156c46b6b9412f394df491833,stable_unchanged,exact,exact,1.0,1.0
99006a4c695b5d014e563a97fc811c13,fbdc84517f2fbbb3983928f78a333c51,stable_with_minor_changes,exact,unknown,1.0,
9949ca6cc53e672654a19e388ebff6cd,f3e7a4b2947caa1eb74ccba990ae8fd9,stable_unchanged,exact,exact,1.0,1.0
99b7308e889cdb33d75e9fdde86a59d0,99b7308e889cdb33d75e9fdde86a59d0,stable_unchanged,exact,exact,1.0,1.0
99fc8f567b7a786285a28753cebf33b4,b2defe37f0fbea093bf98874fcd42b51,stable_unchanged,exact,exact,1.0,1.0
9a35b2eeefeac919371cc27ecf9db350,ce40971fa17199cf467ec302192286a9,stable_unchanged,exact,exact,1.0,1.0
9a35b2eeefeac919371cc27ecf9db350,fdafaaee32e664de1ad957021012ea43,stable_unchanged,exact,exact,1.0,1.0
9b30ef8570fd5c355218d5f5f0597a2e,dcd62e9a7fdef495e15ba0e1f0bfbe2e,stable_unchanged,exact,exact,1.0,1.0
9b9139bc6bd059b231cf851ed8a86027,dcedae7c71629ef5a4fb44af092b2018,stable_unchanged,exact,exact,1.0,1.0
9c17ddba2dcb390a2651b4b991688e53,e49b2e5a22a6877e6fbbda3587602f60,stable_unchanged,exact,exact,1.0,1.0
9ca8f021b43962fed3a67a98ce3fc39e,af3878ab3dbb3d2db3fe8fdf8f1f7e0c,stable_unchanged,exact,exact,1.0,1.0
9d2db67c9e99927bff188343ab13a4b8,b3b047e45e4c5caba26b91440bbed4b1,stable_unchanged,exact,exact,1.0,1.0
9de71449ed22ad205dd58051a19f11f8,e71e9bdb8cc625f674d29b25806ecfcf,stable_unchanged,exact,exact,1.0,1.0
9e803f1a0e311e64bcb71f1ba28dc25c,f25c705672be34ca864e386ea6808c6c,stable_unchanged,exact,exact,1.0,1.0
9edc7d1be8fb5da3f234d7cc074d7962,dc1fa6908933f9ea77c5c97acb0df95e,stable_unchanged,exact,exact,1.0,1.0
9ee5945bbdbebe8f609886878b65225d,b2defe37f0fbea093bf98874fcd42b51,stable_unchanged,exact,exact,1.0,1.0
9f0c675074301998bdec52a11adbcd14,dd178c4e3be64aabdd03ca7c72524513,stable_unchanged,exact,exact,1.0,1.0
a0105277e8f3aa14380104617287182d,db44caabc0ecefa3bd3d4b169622627a,stable_unchanged,exact,exact,1.0,1.0
a083967c224a9014b032ae8fd8d90ca2,ca7077ca2e9d563e3006213e15ab5e42,stable_unchanged,exact,exact,1.0,1.0
a0d388a1c554c14804dca39c83812591,ee8f2d305a7d95257e64005adc9afa83,stable_unchanged,exact,exact,1.0,1.0
a0d388a1c554c14804dca39c83812591,f174b8202fe6afb1ea167afdafd8a69e,stable_unchanged,exact,exact,1.0,1.0
a0d388a1c554c14804dca39c83812591,fe54389df1a3b70a88487c710e99e061,stable_unchanged,exact,exact,1.0,1.0
a134c1d68941c8bd26e01cbed6b7e472,dd178c4e3be64aabdd03ca7c72524513,stable_unchanged,exact,exact,1.0,1.0
a1f148583416034c03b3cbb4955ae67c,ccc06d826ab74b8c15ba2e88805c45db,stable_unchanged,exact,exact,1.0,1.0
a25a44cf6a8794d2ead5b2a2ea62d5b9,b9fd2148fb635a952ff7c8afb0b292c8,stable_unchanged,exact,token_hash,1.0,1.0
a25a44cf6a8794d2ead5b2a2ea62d5b9,eb11cc36e14d7e09ce34475968afeda9,stable_unchanged,exact,exact,1.0,1.0
a30f8e1373cd54960c77595d01ba4a15,aaadd7b97fce0fe9e8d74291f20d0541,stable_unchanged,exact,exact,1.0,1.0
a337b26c5202c486afc9ef9c8920517e,c9f498d8ced6d6c03906b1762b0fa377,stable_with_minor_changes,unknown,exact,,1.0
a337b26c5202c486afc9ef9c8920517e,e351ac5a6b3cbf5198adfa9b913e3f6a,stable_with_minor_changes,unknown,exact,,1.0
a3c98212ccea4daed81556505fe6c37d,ebb732e3afce606d674d8fe8af7d7ad2,stable_unchanged,exact,exact,1.0,1.0
a614ceb3dd28e24a384f70846b3d217f,b1d08916b45fc20c296cdf196a9310b2,stable_unchanged,exact,exact,1.0,1.0
a64c89b46af6ff1b4193f9ba0fae012b,f029aa7e4a09237f47c1e5b52225f787,stable_unchanged,exact,exact,1.0,1.0
a67004da14e412f39bdf954b028e320b,e6ae0e4b9c4c834cf04bedf2365b50d0,stable_with_minor_changes,unknown,unknown,,
a755980d319690e43033d9c9a6f7193f,dd4ccb4aff8369623f3b7c0cbb5a6c1f,stable_unchanged,exact,exact,1.0,1.0
a83edae834fde2e1ef6e1e17e9dbc461,bc5bdbf3ab63827d94d71468b9c20f97,stable_unchanged,exact,exact,1.0,1.0
a83edae834fde2e1ef6e1e17e9dbc461,be8287330d3aaaddec7075c246e53406,stable_unchanged,exact,exact,1.0,1.0
a99b3b9643b5fe3ded9d97f70a5761af,b834aa93adba57b1ab51fd33f11b05d8,stable_unchanged,exact,exact,1.0,1.0
a9ab6cf2a0bac47918d6ec4665623b88,b826f6656737752c9f8de3780dc8037f,stable_unchanged,exact,exact,1.0,1.0
aa0a81ab3425d3cbc53b41b7fa6d6482,b78e05e80fbdaada08da68bf7673b409,stable_unchanged,exact,exact,1.0,1.0
aa808b5da06328a23ed32fc56f3ab479,c774b9a6bc994e621476b0ad765860de,stable_unchanged,exact,exact,1.0,1.0
aa91b8b7c116c25d5a8cb4116dc1fd26,ef5711c639dc8e051165ac5a335478f6,stable_unchanged,exact,exact,1.0,1.0
aaddc9b545263e0946afbebf34518107,ce40971fa17199cf467ec302192286a9,stable_unchanged,exact,exact,1.0,1.0
ab0d9a149d31eb88b4d4352081ba3f80,dc30168cab9db6f0f6df788df789ce23,stable_unchanged,exact,exact,1.0,1.0
ab4efef787c4b76938fb778b99137dd5,d00021045eb0b0946a9159752d4f3de2,stable_unchanged,exact,exact,1.0,1.0
ad213de09727c851f74b7aa2aab32070,fb944851fe84d1013a59de6bdab5129f,stable_unchanged,exact,exact,1.0,1.0
ae62be5f3c5bc7e7f4f7ca28e916be57,e9dd271743e172c9c87554e0b93e2c68,stable_unchanged,exact,exact,1.0,1.0
b0fef8bf7b01e4e89a6a8c82de36c67c,ed06254bb1daf2193cada281a5b7a772,stable_with_minor_changes,exact,unknown,1.0,
b2e91914ed4d55ef13710decce71e925,b84ed48518b0b44767f27f76f9a67f1e,stable_unchanged,exact,exact,1.0,1.0
b2e91914ed4d55ef13710decce71e925,ee6e719da149e9eb0f1b95cb7077d480,stable_unchanged,exact,exact,1.0,1.0
b37d2312f1d9472e21bb414cdabda0dc,bf785c7c6be79ef5e26d347e0d1c422f,stable_unchanged,exact,exact,1.0,1.0
b491e24c283c52b1c87780054f4aa04b,fd072e92a163eeb4c0fb73e9192a1cec,stable_unchanged,exact,exact,1.0,1.0
b61c0558944c32f52f292d26f4abcc3e,e845dfb455a9ce0a46876cb58b721452,stable_unchanged,exact,exact,1.0,1.0
b66e47c665e8fa99677481534b2323d2,c3fac8c8d13342855ba5ad4235c53afd,stable_unchanged,exact,exact,1.0,1.0
b6f01cd4d787cf7b871904565f232b9d,b6fea0a8b147e73110dc725ed37651fe,stable_unchanged,exact,exact,1.0,1.0
b84ed48518b0b44767f27f76f9a67f1e,ee6e719da149e9eb0f1b95cb7077d480,stable_unchanged,exact,exact,1.0,1.0
b868638a58e7e7f8eabacdcc84c698f0,df0ee2309b9c9efcab02bc3e72af4eac,stable_unchanged,exact,exact,1.0,1.0
b980605e951c594a1abc95602769be0e,d91f4457f56d4644a18ca6849e1d7c71,stable_unchanged,exact,exact,1.0,1.0
b9fd2148fb635a952ff7c8afb0b292c8,eb11cc36e14d7e09ce34475968afeda9,stable_unchanged,token_hash,exact,1.0,1.0
bb6a52793f9a7960b4ddf091ac250c05,eca0b4bb89016fd18fada95a1c7cd6b8,stable_unchanged,exact,exact,1.0,1.0
bc5bdbf3ab63827d94d71468b9c20f97,be8287330d3aaaddec7075c246e53406,stable_unchanged,exact,exact,1.0,1.0
bcc97c9b5ef59a7c29266d79fc41df58,e29500b45eaafb552e8ac12c2bb7b4a1,stable_unchanged,exact,exact,1.0,1.0
bcecd545e47670babb7f951a1b2c42ac,e40376cd908e9f8993946ff180fc7ec8,stable_unchanged,exact,exact,1.0,1.0
bf0e6382df587bf0637600c21f4bbdb6,d007557aa69ed207f922172227eb8518,stable_unchanged,exact,exact,1.0,1.0
c035a33aa5d33e438f6924c70ddbd3fd,d58044e17f5dca2d6ee89f8be7b96923,stable_unchanged,exact,exact,1.0,1.0
c2deda5029f827533339f9b101a51613,d4628a9c0c22eee62ef2ba78f2b17c8f,stable_unchanged,exact,exact,1.0,1.0
c3d0b7f7a1a64fd5382189a53515c8a9,fb2936a1b177c091249eedc2b761e723,stable_unchanged,exact,exact,1.0,1.0
c4016bc6acc2cd5b2e4082496e805b91,f8040845658da92d41f01e8c1fca0c83,stable_unchanged,exact,exact,1.0,1.0
c4016bc6acc2cd5b2e4082496e805b91,fe840baf4aa1da09b26fb9fb3f8df047,stable_unchanged,exact,exact,1.0,1.0
c405c112dbc3a3282ea57d0c4042424f,f1ec78315d5491bef2c58a9a1d38da4e,stable_unchanged,exact,exact,1.0,1.0
c405c112dbc3a3282ea57d0c4042424f,fe9722c2c86652df1f7ba613fbf9db7b,stable_unchanged,exact,exact,1.0,1.0
c649de8c7926e8a766591aacdc4b611f,dc09beab7dfdbfa8ba8bd02cf562b497,stable_unchanged,exact,exact,1.0,1.0
c7cd54a0d3902c89ea369f8bfa398e15,f945de5626cd569b19e66e2d8dd69fd0,stable_unchanged,exact,exact,1.0,1.0
c9704cb315c9106d87f8a3e8cc99e345,f78173ca68cf5a0fdd0e9c0ad4648ad7,stable_unchanged,exact,exact,1.0,1.0
ce40971fa17199cf467ec302192286a9,fdafaaee32e664de1ad957021012ea43,stable_unchanged,exact,exact,1.0,1.0
d161794cbf3ca72830ac227e4c8a56c6,ed44727f1e534c0c41a2b39d3a0ffebd,stable_unchanged,exact,exact,1.0,1.0
d2dddad5eff9b9600052d1ca37d25fc3,da9d1616fa811e0dd60cb5555f05fa2e,stable_unchanged,exact,exact,1.0,1.0
d2dddad5eff9b9600052d1ca37d25fc3,feb76765b322ba49c62c61f0ae6f23d9,stable_unchanged,exact,exact,1.0,1.0
d8587552a39aba241c195dcfe4235011,da5f627156c46b6b9412f394df491833,stable_unchanged,exact,exact,1.0,1.0
d8587552a39aba241c195dcfe4235011,fbdc84517f2fbbb3983928f78a333c51,stable_with_minor_changes,exact,unknown,1.0,
da5f627156c46b6b9412f394df491833,fbdc84517f2fbbb3983928f78a333c51,stable_with_minor_changes,exact,unknown,1.0,
dd7b0130ad350a99cc7fbeb5b6492646,fdfddfd2345aa56d55095a16ec5e4688,stable_unchanged,exact,exact,1.0,1.0
dd7f56070598b893888535c89587ec4f,f22103ef507b537a56ef3c7cc31505dd,stable_with_minor_changes,exact,unknown,1.0,
ddf145d8c4987051504e51f4186466f3,e927f341d29b94c4542c0a614a523f86,stable_unchanged,exact,exact,1.0,1.0
e0e1b940b7bfdda834634bead17b91b8,eebb2e6369c9cfaa7ca0ca6b4c25e94f,stable_unchanged,exact,exact,1.0,1.0
e5c8dd371a8df4c2fb26404f277fbab6,f188dcf0bba45ba8c39408d6f849cb88,stable_unchanged,exact,exact,1.0,1.0
e98726bce5b6e1d4d5bebee751a5b430,f99aa256bed11425510cacc00f048555,stable_unchanged,exact,exact,1.0,1.0
ea0d1f55508af5e5ebea21edd6d4ff94,fb1b252d7ffb21ee0fcb5a315a94ae28,stable_unchanged,exact,exact,1.0,1.0
ee8f2d305a7d95257e64005adc9afa83,f174b8202fe6afb1ea167afdafd8a69e,stable_unchanged,exact,exact,1.0,1.0
ee8f2d305a7d95257e64005adc9afa83,fe54389df1a3b70a88487c710e99e061,stable_unchanged,exact,exact,1.0,1.0
ef02a8ee33892941c072967369e8a785,f188dcf0bba45ba8c39408d6f849cb88,stable_unchanged,exact,exact,1.0,1.0
ef5711c639dc8e051165ac5a335478f6,f0456d36179d4f44b394395b195d4578,stable_unchanged,exact,exact,1.0,1.0
efd4990a52fb035f7967053d739cb2ab,f188dcf0bba45ba8c39408d6f849cb88,stable_unchanged,exact,exact,1.0,1.0
f174b8202fe6afb1ea167afdafd8a69e,fe54389df1a3b70a88487c710e99e061,stable_unchanged,exact,exact,1.0,1.0
f1ec78315d5491bef2c58a9a1d38da4e,fe9722c2c86652df1f7ba613fbf9db7b,stable_unchanged,exact,exact,1.0,1.0
f6567ead598bf12c0ba982886484deb4,f94c02c57caf5e8e481a2b17e5a93195,stable_unchanged,exact,exact,1.0,1.0
f8040845658da92d41f01e8c1fca0c83,fe840baf4aa1da09b26fb9fb3f8df047,stable_unchanged,exact,exact,1.0,1.0
f8455f73ec23ed7a77045406472976de,f8455f73ec23ed7a77045406472976de,stable_unchanged,exact,exact,1.0,1.0
f84fbf5daf30057f489a5391b7bb8898,f84fbf5daf30057f489a5391b7bb8898,stable_unchanged,exact,exact,1.0,1.0
