92d5aa1e5aaf986fbe7ec2e701448032,7ba97139efffd6926bbbba6cc02c09eb,75,
8e7e2b36d01118cfd960fc06aef93840,2ae341f11aeb5140b966b1603b4aa016,68,92
5835f227f9232e0f778c5aa48a0b144f,2ae341f11aeb5140b966b1603b4aa016,59,88
92d5aa1e5aaf986fbe7ec2e701448032,29052d981acf30ddf711d4af46da8009,34,90
041bed2bc0908241b55c29cdc40d2cb7,9027388ccd9d86042416b847a7bf07b5,46,72
8e7e2b36d01118cfd960fc06aef93840,5835f227f9232e0f778c5aa48a0b144f,68,92
0ef47f82f52f4f2c943dd366f1b337ef,7ba97139efffd6926bbbba6cc02c09eb,57,88
7ba97139efffd6926bbbba6cc02c09eb,29052d981acf30ddf711d4af46da8009,34,90
f84fbf5daf30057f489a5391b7bb8898,f84fbf5daf30057f489a5391b7bb8898,100,
6e543087e35edba4c054439483c16547,d3148bb29b165596da58df01c55ac132,59,88
23b49b146f57f459b40be9a544dcd688,f43312bc8bae6c3cd2955adea84d90dc,100,
38a44501cedaae513ee32e9ce4d93012,3ff9a3f8c5a01596f96dc9f35834d7c4,26,70
634fe3801bec811c27922dd81dd8110c,7334a3ecb08d7be924c649df303d18c8,35,84
0ef47f82f52f4f2c943dd366f1b337ef,92d5aa1e5aaf986fbe7ec2e701448032,57,88
aaadd7b97fce0fe9e8d74291f20d0541,a30f8e1373cd54960c77595d01ba4a15,57,91
23b49b146f57f459b40be9a544dcd688,2fb1b0d1d6817b5f7ad2879e9fa24d47,100,
601b86651df7633a8a8da1d147fdc708,634fe3801bec811c27922dd81dd8110c,14,75
41c9c12af5626a58004a76d71a5637a1,1d210796addca37849785c7c768c68f0,59,93
619d7c31b88a8239654998b4dae749fa,e29500b45eaafb552e8ac12c2bb7b4a1,37,93
634fe3801bec811c27922dd81dd8110c,2234187952a4c0c968cd033fe2b73200,35,84
7334a3ecb08d7be924c649df303d18c8,2234187952a4c0c968cd033fe2b73200,81,
7892edfe41d2a7157f8a55e1dab9a33b,b84c279949a95bd38a202a356ee8c1c2,100,
619d7c31b88a8239654998b4dae749fa,bcc97c9b5ef59a7c29266d79fc41df58,18,87
088a22b67477e69c97cdc09ff46d1b7c,47c2049b12019a8cc90d788be678f3f3,56,86
e29500b45eaafb552e8ac12c2bb7b4a1,bcc97c9b5ef59a7c29266d79fc41df58,11,76
887265d7e9e5f7e582f80372b4015a91,acfe7ca04fc67ff3768463cc0435276f,100,
374889278cf90bef9a1f7c09ecdd4ba8,7457608b87ab218defe41769d1a2f272,52,86
088a22b67477e69c97cdc09ff46d1b7c,da7b0101abc10a108bad2ed142b660d4,32,72
6b911e921ea30b57838ee7549d91a865,13886c25bfe59ea6a1b4d3292a06bd68,41,76
63b01258f94608888d618a4f17bf0bff,7457608b87ab218defe41769d1a2f272,35,79
4c96c8c12b524739c91d5912f534659a,c1585c2a530dd1d495b70491b021aa99,50,82
da7b0101abc10a108bad2ed142b660d4,47c2049b12019a8cc90d788be678f3f3,32,72
84738d39cda4d33c137ee1fa6a57e6ac,47c2049b12019a8cc90d788be678f3f3,32,72
26d18f41f1569dfce88b5ad2f9571517,78e464360d1b65c58a57317af19ff5d2,43,77
84c3893e3f9865d9b9e178c8cd9b19d9,e5b98777907464de0a02c724f20e4409,100,
3f6f11d0ca6aa1b8c6149ef9880ed351,14d505f527bcefcaf760d1e4c598f0b4,61,84
1f911db9bc24194c75e27a8011112ac7,26d18f41f1569dfce88b5ad2f9571517,28,75
8e7e2b36d01118cfd960fc06aef93840,f41991b1c62d04564cc9f42720e84c4b,18,76
5835f227f9232e0f778c5aa48a0b144f,f41991b1c62d04564cc9f42720e84c4b,13,76
2ae341f11aeb5140b966b1603b4aa016,f41991b1c62d04564cc9f42720e84c4b,13,73
ff2dbe6396621b6b470ae7258b98fe2b,27ddb1cfaf17a93cb6a0db925082c8af,18,74
745fe1ccb469655865ba03c9da29be0e,2b622abeb3f17bf68842d87f1c177149,73,
b82c8bcf4ff669c9aa0dfd52c1ff9f57,b0e0e8cea2b088c9c690f1e6baa9f39f,46,96
a1be820e6ec3536753775d1b25be358a,0ce2bb09fae08e8aaa8b24e1d27d526b,61,84
53bf0ef1ee574b041cf7ae73fc5b4541,6b14d6e3acdf23fe8d33df271c63e347,33,96
a10b013be06622b6c5f2b82129b27932,5f7f20ef5f820514ac1cd1fc79f95ed2,76,
38d92e58e3952b093c485170fdabc1b6,2c344b595a53930fd5308dc4f318bf9a,100,
7450462fd90ad7c7016aea60bd87ccb4,9efbc013ee934b19c9631247ba55e8ed,46,80
670cf36a17c63c67912245c5c8d8cb62,8481768235f7b689ef6dff446fbcbdf9,22,87
46f8069e46c59a984b00961352aa1eab,9efbc013ee934b19c9631247ba55e8ed,48,80
e49b2e5a22a6877e6fbbda3587602f60,9c17ddba2dcb390a2651b4b991688e53,73,
25488531a7f06f7d25c3f8a5e5d58958,5df36ccf8f5427c2bce25325cc6f89b4,31,71
c4b9685f17bf4a0884d5715f09a79f9a,c4db7af68a62b54756777dbe69e5f165,73,
da8a72cc91e37dc34ab5da4a02c8d4a7,1193081e5bee5b2f8f24ce7eb196dbf3,22,77
bc5bdbf3ab63827d94d71468b9c20f97,84c2fdd1f9f0a277a848a46a006e7e7e,31,84
bc5bdbf3ab63827d94d71468b9c20f97,be8287330d3aaaddec7075c246e53406,85,
84c2fdd1f9f0a277a848a46a006e7e7e,be8287330d3aaaddec7075c246e53406,18,83
a83edae834fde2e1ef6e1e17e9dbc461,be8287330d3aaaddec7075c246e53406,18,77
47e9bbf07883be6932d602f9cc63a226,1b1bf7aa40dd9e35a34a2c8b506e16d8,90,
66f4840ee032632ec8b2ab13a7a0c61d,6c4bdcdde717f7435a99acdccb95b06c,100,
bc5bdbf3ab63827d94d71468b9c20f97,a83edae834fde2e1ef6e1e17e9dbc461,31,78
84c2fdd1f9f0a277a848a46a006e7e7e,a83edae834fde2e1ef6e1e17e9dbc461,55,86
088a22b67477e69c97cdc09ff46d1b7c,84738d39cda4d33c137ee1fa6a57e6ac,32,72
da7b0101abc10a108bad2ed142b660d4,84738d39cda4d33c137ee1fa6a57e6ac,76,
296d13a40bfbe40fe251bffa82cf0781,6c19f2c4b9bd85ce318b39f1a1d29de8,31,73
7450462fd90ad7c7016aea60bd87ccb4,46f8069e46c59a984b00961352aa1eab,53,88
6dececde116d7d21866d4f7eefcee88b,e012dfd6642ab9de3f604a87d5212903,52,71
088a22b67477e69c97cdc09ff46d1b7c,5733b5bcf5154027c8c01be74f6deecb,76,
da7b0101abc10a108bad2ed142b660d4,5733b5bcf5154027c8c01be74f6deecb,32,72
84738d39cda4d33c137ee1fa6a57e6ac,5733b5bcf5154027c8c01be74f6deecb,32,72
47c2049b12019a8cc90d788be678f3f3,5733b5bcf5154027c8c01be74f6deecb,56,86
d50eb708e1a5f107bf74c7fe74d0edd2,473bbb49764d028a92658705e52bcb23,24,80
7892edfe41d2a7157f8a55e1dab9a33b,1b8ab2bbdeb2fabead9691498a9085c7,12,72
b84c279949a95bd38a202a356ee8c1c2,1b8ab2bbdeb2fabead9691498a9085c7,15,78
6dececde116d7d21866d4f7eefcee88b,b868638a58e7e7f8eabacdcc84c698f0,67,83
22b160acaabe4dd388663c027debc6d5,3bc03204fe183c920f80531bfb449898,56,92
ad213de09727c851f74b7aa2aab32070,a131d3f92fb834b3a7758a64e5e36688,33,80
3b3af0440a08de88aa240a6a0566a1d4,7437e8a5d1fd79b35611342c559f13bb,61,97
b84c279949a95bd38a202a356ee8c1c2,4b931384f8b76157ca1cdc4319bacc9b,15,73
b84ed48518b0b44767f27f76f9a67f1e,ee6e719da149e9eb0f1b95cb7077d480,47,85
915a86f4c7911d652bc6edce020dfe0a,4582f90ba0d8131a12bc917ef2074369,65,95
5dd1c55911da2484b5394ac356a801b1,998334db371cc1d6ae277404dd7cadeb,81,
18c959016a10ed5813ffc4eb473b1ab1,8bdd33727e2e87bd04e26dc351fb56a9,91,
a7413ae067c8973642a0aef1397e0b1a,689e749f827eb86580ef364f0e9dacda,52,89
22b160acaabe4dd388663c027debc6d5,0bfce300886845fe4bfe061b44f42f6c,62,95
a1fbd98d4737551d612cfbc900381e7f,c2efac060498b16caf48c752b9ec1428,30,85
18c959016a10ed5813ffc4eb473b1ab1,4f7711d1d324e78ab9d627feb93f7a26,84,
1b1bf7aa40dd9e35a34a2c8b506e16d8,f3015b8c4bf4897d46af5339b327af00,83,
47e9bbf07883be6932d602f9cc63a226,f3015b8c4bf4897d46af5339b327af00,90,
47e9bbf07883be6932d602f9cc63a226,8912e554cd71c23e84b777fbe99c14d7,94,
1b1bf7aa40dd9e35a34a2c8b506e16d8,8912e554cd71c23e84b777fbe99c14d7,81,
47e9bbf07883be6932d602f9cc63a226,45fc34cbccbecf2837d9f804ec7895d8,94,
1b1bf7aa40dd9e35a34a2c8b506e16d8,45fc34cbccbecf2837d9f804ec7895d8,81,
fe4dd5e3688b87ed313a158b8f1b1dca,e58e1ac64e4a474d2adc2d8eaff629fc,27,84
1586e26c1e083fccd73db355effab6c9,16b8ca2774de5502b85d2aff62ce4fc5,33,72
a083967c224a9014b032ae8fd8d90ca2,ca7077ca2e9d563e3006213e15ab5e42,47,80
8737d3a0ac9d9b63e5d8830d1cc93c28,2eaa57b8dd9c7dd6c1812afc71e80fab,27,74
d007557aa69ed207f922172227eb8518,bf0e6382df587bf0637600c21f4bbdb6,71,
ca98605a05f5eabe7748a22be0057898,fa7543f56b7bd7042005c1848d682215,67,92
24669443307627ab3f5e3693f8c4a7ac,fa7543f56b7bd7042005c1848d682215,67,92
c537c5ad5facc693537ba9d3afe4db74,3f441dad353a18acd63099ddf777a355,69,94
ca98605a05f5eabe7748a22be0057898,8b12d8de0c017a817c046a493c5c8ae3,67,92
24669443307627ab3f5e3693f8c4a7ac,8b12d8de0c017a817c046a493c5c8ae3,67,92
fa7543f56b7bd7042005c1848d682215,8b12d8de0c017a817c046a493c5c8ae3,77,
adc9f3d1a0682ef7c9e9185157b6d8e9,0b161098f197afa93ccbc84300fd0885,100,
18f9db58a04a7f36b9c28e311bc3090a,77611db3a23afe5a78637a0116923b93,100,
16d35b74bacf48d23c5aa58a73f0004d,8ddf81bee2740f2bfa797684e66c5f3a,100,
39aec442b1cfee5174e4ca1b26e97bc4,0c77a9768a8595723670e24df9be9fc9,30,85
e012dfd6642ab9de3f604a87d5212903,b868638a58e7e7f8eabacdcc84c698f0,100,
16d35b74bacf48d23c5aa58a73f0004d,25914b6f523aca3704e041f85eadf176,86,
0ad8676e42e8338d671d096bc36760a3,25914b6f523aca3704e041f85eadf176,86,
adc9f3d1a0682ef7c9e9185157b6d8e9,25914b6f523aca3704e041f85eadf176,83,
ba49a3910523d79d10813820873be772,25914b6f523aca3704e041f85eadf176,83,
51bd90faa54a4781fe5d7cb3e67fe65a,25914b6f523aca3704e041f85eadf176,100,
16d35b74bacf48d23c5aa58a73f0004d,0ad8676e42e8338d671d096bc36760a3,100,
6d3768898627ce0a81ad36d79f8e7e11,15b66e7ff23aea243e367cb253135c56,67,92
0f1f08c9698c3104a1a28ac53ce9c9c0,eb11cc36e14d7e09ce34475968afeda9,71,
fae9c9870f33cb5dbb6a1584ae9dfd1e,665da07f40dd4d57dd18802b8074f5ab,45,85
45f849645c4d6595621de71f226b80e4,78e2abdb2925109a40d464a0fdc8e4ba,54,90
65c06a569c038a116e9d2c59da745581,1f5168fd491c17ff35a8c15f1951d1e1,47,95
ca98605a05f5eabe7748a22be0057898,24669443307627ab3f5e3693f8c4a7ac,69,92
fdafaaee32e664de1ad957021012ea43,0a5cfe304a84c0d05e8a37e6b235bb82,43,79
d98f1adc854718209216706c5d96b6e6,5431052aeece876ba50b0c46174ad041,36,84
34cde0171d70d9d761d7b9b20c7015ec,369cf548f2931f3f0e5d3746baf6abac,34,70
15743d834ffb032a3995a22cb09d66f5,ce40971fa17199cf467ec302192286a9,71,
aaddc9b545263e0946afbebf34518107,ce40971fa17199cf467ec302192286a9,45,74
51bd90faa54a4781fe5d7cb3e67fe65a,2e03adb57588a6ca7ddc98c105316d38,100,
f8a134e77f1e29691e6851d2be9fe750,4a46974ee72db3b97553bb4e96af6bf0,42,77
adc9f3d1a0682ef7c9e9185157b6d8e9,ba49a3910523d79d10813820873be772,100,
0b161098f197afa93ccbc84300fd0885,2e03adb57588a6ca7ddc98c105316d38,29,78
16d35b74bacf48d23c5aa58a73f0004d,51bd90faa54a4781fe5d7cb3e67fe65a,46,72
e2515c041baa4315c622448c217e7a34,ee1bf6c99d7af96c15c833dda7dfb2e3,25,75
0f1f08c9698c3104a1a28ac53ce9c9c0,8240bd93c87fbbb7a53f2ee9e900d2db,82,
8a012d07355b7855317ac32a613d9276,35466c441d6977ef27c06f9b2f847c93,43,92
cce6cedb25c660d2670893a43ecad77a,d12254a84877792cf422763a370b21fb,85,
2f59ddf0a0d402b780ac84d9ff4ab510,eae4ec072532a8f5ddb8529b8d39ce52,23,84
adc9f3d1a0682ef7c9e9185157b6d8e9,51bd90faa54a4781fe5d7cb3e67fe65a,48,73
0f1f08c9698c3104a1a28ac53ce9c9c0,a25a44cf6a8794d2ead5b2a2ea62d5b9,38,76
0b161098f197afa93ccbc84300fd0885,51bd90faa54a4781fe5d7cb3e67fe65a,29,78
6e25946d7795be588ac8e8a9fcfac4d7,3d3d03e35d2f67ec0e9aa8b882d74404,41,83
8240bd93c87fbbb7a53f2ee9e900d2db,a25a44cf6a8794d2ead5b2a2ea62d5b9,38,76
eb11cc36e14d7e09ce34475968afeda9,a25a44cf6a8794d2ead5b2a2ea62d5b9,50,89
92110ff063d8a1921aa0139a0edfac80,05ad564086f021bb349f1f501bdfb130,100,
62609624268466f7a32fc0f0b3897a6e,6b31606ef955cbb99217f9efc3c82aec,100,
15743d834ffb032a3995a22cb09d66f5,fdafaaee32e664de1ad957021012ea43,36,79
fdafaaee32e664de1ad957021012ea43,220cfd5dabc73a0bb7a53f9565bf6f76,47,79
a5fbe3c816f26eb2979ebdd1291b1d56,94224bb154e1c41632bebb453f78938f,71,
ce40971fa17199cf467ec302192286a9,fdafaaee32e664de1ad957021012ea43,43,83
8240bd93c87fbbb7a53f2ee9e900d2db,eb11cc36e14d7e09ce34475968afeda9,63,90
b84d43a3dd1c9203b78aaaad54a1ec62,6a77014f45ba55f03d7c559d64ea329c,41,70
15743d834ffb032a3995a22cb09d66f5,9a35b2eeefeac919371cc27ecf9db350,34,72
aaddc9b545263e0946afbebf34518107,15743d834ffb032a3995a22cb09d66f5,45,74
ce40971fa17199cf467ec302192286a9,9a35b2eeefeac919371cc27ecf9db350,34,72
fdafaaee32e664de1ad957021012ea43,9a35b2eeefeac919371cc27ecf9db350,47,79
0a5cfe304a84c0d05e8a37e6b235bb82,9a35b2eeefeac919371cc27ecf9db350,41,70
220cfd5dabc73a0bb7a53f9565bf6f76,9a35b2eeefeac919371cc27ecf9db350,52,88
8ddf81bee2740f2bfa797684e66c5f3a,91c0537b4bafc6dde7c04586b46bfca3,22,85
8ddf81bee2740f2bfa797684e66c5f3a,fffb086d486d176b615be86db0a9b917,31,87
6b907c7c63fa3305f398aa30244c835b,974db3e36af511167388294e2791e159,100,
424e92bfc50136b9e95db0ff6cf64734,14ffbba644dda0830b8016fb049c2ed0,100,
16d35b74bacf48d23c5aa58a73f0004d,795b858c5a39db122d7f2258c5313ebb,25,72
8ddf81bee2740f2bfa797684e66c5f3a,795b858c5a39db122d7f2258c5313ebb,31,87
efbd9f48173ff3f8fb379f7cc632448c,9759bc5a965e16ae7743aea5680621a7,25,74
8ddf81bee2740f2bfa797684e66c5f3a,76911d83cd172f57d13c89bc517c1acc,22,85
01a9322f3b9f4b8cf159ad85310b1e4e,01a9322f3b9f4b8cf159ad85310b1e4e,100,
01a9322f3b9f4b8cf159ad85310b1e4e,01a9322f3b9f4b8cf159ad85310b1e4e,100,
61c27a310960524fc6351d9ef58a1f14,7d2b7842cce79877b54a7a7c42c48240,23,76
01a9322f3b9f4b8cf159ad85310b1e4e,01a9322f3b9f4b8cf159ad85310b1e4e,100,
1f2e6d75944b0eda3cb22977a845eb97,77c8516c9dd0f898e18369a5f96fed14,53,88
b82e288cbfba9ea769d9bafe97eb06df,b82e288cbfba9ea769d9bafe97eb06df,100,
34cde0171d70d9d761d7b9b20c7015ec,37ef1cad8c37c38bd2dee998a5921720,22,76
7ebd790593b05cf4ae1bfdbedcf71f0a,1d790104b4fe56a1553dc2eab694c9e5,40,83
5b899d24a3d85a0de8b820c6f9073533,64f9431e84ee1bd163e7979969fc8e49,71,
f535c29394cd23e565bd4a4a11fc8c26,b0f3bf9eeec2af4c2edafc4c434951ab,32,81
ad8b20761d7cf506b3b786cfce3f9e3e,b6fca750209a86c64e46a800c11f11d5,39,71
116df0eee7bea21c268aefb8d6345644,2f2b8d5ef23f904d7e0b5b8e8501d323,68,94
116df0eee7bea21c268aefb8d6345644,160765cf2785e420ef4e0c75c4d90ea2,52,87
2f2b8d5ef23f904d7e0b5b8e8501d323,160765cf2785e420ef4e0c75c4d90ea2,30,87
032adbdd9ce3056513bb81da3bec1d54,a9ab6cf2a0bac47918d6ec4665623b88,100,
b826f6656737752c9f8de3780dc8037f,a9ab6cf2a0bac47918d6ec4665623b88,100,
320c04e2ef19e28824678eefbcab37f4,d795dd51578851aba502b2ae018b44cf,77,
52ff762e03651a7d080b1d549c41b23e,2ecf842b89535fa153e64462505bad83,100,
032adbdd9ce3056513bb81da3bec1d54,b826f6656737752c9f8de3780dc8037f,100,
320c04e2ef19e28824678eefbcab37f4,8238eedaeab81e3cd5fd6d613c4d6205,77,
67258c7e11e9f5d12f7ec4277fbf2339,1a1d1b5397684633f644d17de59ecda8,76,
d795dd51578851aba502b2ae018b44cf,8238eedaeab81e3cd5fd6d613c4d6205,61,91
786a6c4e11c80079bee51da47612f43d,df2840df40bf1a1d858114ac0c3bc95c,50,80
78f9d0c9ce9a12e8eeb08b3d8fac766b,4b14dd50c1feaedb011e2dbd5edf9943,56,83
508d3b5fe16d783bb87eb8e5476c25fc,cec9a85413102d95ab7010e81b863f41,100,
4280f369a600f486b914c34a479c93e3,447014162c1bd85fbd2ec557d3d911d4,81,
cc533b07b08163a8ee81c4fc2f93589f,ca239a1bd4a56b5106af8e49e756f51b,28,70
c0a1573be8e221951a373b6767e0b0e9,8176b425db6667db34030e25e0a5e55a,100,
320c04e2ef19e28824678eefbcab37f4,435c19e32cd0f4fe85575c30bd818ed7,75,
d795dd51578851aba502b2ae018b44cf,435c19e32cd0f4fe85575c30bd818ed7,70,
248ab9a648741027201715bcf0b11d9b,4b4f6180593c9d6c27b734bc0c4e9d69,32,84
d2abad2e76a84cba309cbff10591e992,6320542b3c82b470956a5db5ac18cfc1,86,
2de520d31e5c1a686cd661c81207e39c,35b2707b973d266fd6056f04a0a7fe8e,70,
8238eedaeab81e3cd5fd6d613c4d6205,435c19e32cd0f4fe85575c30bd818ed7,60,88
bfd89edc4365b7ba583dad3700940a41,f6fe14f532c272cb940e36fc2308f955,42,84
eed64f28d020bf8c7ec89f98c662c4de,435c19e32cd0f4fe85575c30bd818ed7,69,91
546fa4515ea12e151cee94015062c683,438dc4363feec8987b0d2ad7b46e759d,61,81
5920d279272cd8c4320a954ba1ed3a69,62816b13823194d2ee9350327970cec1,22,77
1b8ab2bbdeb2fabead9691498a9085c7,4b931384f8b76157ca1cdc4319bacc9b,100,
109164ad149e139ea7c05cb66b3da487,6ea7e7f99e61a3fa4217e4f697c004eb,100,
5fdea5608c3adfaef8196633132589e5,8c8b28bdca7e59da36845dd4ce4c617d,46,73
aad9f397dd04cbf22b73ef45d701959e,70460ea0c1616697de475539ccf8a85c,18,70
116df0eee7bea21c268aefb8d6345644,818e765c51c10a3b47b000d3e0c4f7c1,51,87
bfd89edc4365b7ba583dad3700940a41,07d79f8399d55e6080d9d735ca8b88b4,51,92
2f2b8d5ef23f904d7e0b5b8e8501d323,818e765c51c10a3b47b000d3e0c4f7c1,28,87
160765cf2785e420ef4e0c75c4d90ea2,818e765c51c10a3b47b000d3e0c4f7c1,74,
bfd89edc4365b7ba583dad3700940a41,3b086b878894e06dd7ab21b9ef5ce192,41,87
f6fe14f532c272cb940e36fc2308f955,3b086b878894e06dd7ab21b9ef5ce192,40,75
f6fe14f532c272cb940e36fc2308f955,07d79f8399d55e6080d9d735ca8b88b4,45,73
438dc4363feec8987b0d2ad7b46e759d,8c8b28bdca7e59da36845dd4ce4c617d,59,81
07d79f8399d55e6080d9d735ca8b88b4,3b086b878894e06dd7ab21b9ef5ce192,41,79
320c04e2ef19e28824678eefbcab37f4,eed64f28d020bf8c7ec89f98c662c4de,62,89
d795dd51578851aba502b2ae018b44cf,eed64f28d020bf8c7ec89f98c662c4de,76,
8238eedaeab81e3cd5fd6d613c4d6205,eed64f28d020bf8c7ec89f98c662c4de,78,
3b24f026aee6ff1b3cf8d25f10ed6ef8,fdcde22a7b2734cf7f22d8270d6c0f55,46,74
3b24f026aee6ff1b3cf8d25f10ed6ef8,8c8b28bdca7e59da36845dd4ce4c617d,64,86
e967c076090d93c77c85294e63e504a8,cefcf5f1c9d6c1f0d6e97f4ef29114ee,48,85
a7dba4e52ce61bac3301e3fb2a5a82da,77919216f61dd6019fe68310adce1a12,100,
fffb086d486d176b615be86db0a9b917,795b858c5a39db122d7f2258c5313ebb,100,
f34fa25e842d247e904a7b8826ceddf8,8c8b28bdca7e59da36845dd4ce4c617d,39,75
3b24f026aee6ff1b3cf8d25f10ed6ef8,aab4fb00d91806e63e04114d9b56e2e8,30,74
fffb086d486d176b615be86db0a9b917,7228d5ec9c09e30b5e995a47ce98274e,18,80
6a549cc77df30a61279694061d4a6b97,53432e8c55426a87ef0e02dc5e4835ed,64,85
cc533b07b08163a8ee81c4fc2f93589f,a62317845c55870b15ed331b76e779af,36,76
166b44da28ad874a9226849a2e396898,aab4fb00d91806e63e04114d9b56e2e8,76,
1e41beb10365e42c987479375ae5798c,334be766612c68a98e2d4d0de2bc589b,26,77
fffb086d486d176b615be86db0a9b917,76911d83cd172f57d13c89bc517c1acc,56,77
795b858c5a39db122d7f2258c5313ebb,76911d83cd172f57d13c89bc517c1acc,70,
91c0537b4bafc6dde7c04586b46bfca3,76911d83cd172f57d13c89bc517c1acc,100,
9e803f1a0e311e64bcb71f1ba28dc25c,24ddb9dd14c2ee784b762927c41cfb5e,46,91
9e803f1a0e311e64bcb71f1ba28dc25c,469590749ad1ec773d274062765b60ac,46,91
24ddb9dd14c2ee784b762927c41cfb5e,469590749ad1ec773d274062765b60ac,50,87
f25c705672be34ca864e386ea6808c6c,469590749ad1ec773d274062765b60ac,50,87
ed44727f1e534c0c41a2b39d3a0ffebd,d161794cbf3ca72830ac227e4c8a56c6,32,88
6b46f9bf4824bd73168e7c28df2886df,c7358301a76cfb62c1c5960a9abc5b7c,100,
91c0537b4bafc6dde7c04586b46bfca3,7228d5ec9c09e30b5e995a47ce98274e,18,80
760a8289b7a3ce9b9316f8d5cecde796,d161794cbf3ca72830ac227e4c8a56c6,67,86
44cc27aaf0fdd1374a9157e99d0b4879,aad9f397dd04cbf22b73ef45d701959e,12,75
fffb086d486d176b615be86db0a9b917,91c0537b4bafc6dde7c04586b46bfca3,69,94
795b858c5a39db122d7f2258c5313ebb,91c0537b4bafc6dde7c04586b46bfca3,70,
248ab9a648741027201715bcf0b11d9b,8e4d71968b75d708ca501c1a78064d58,39,84
4b4f6180593c9d6c27b734bc0c4e9d69,8e4d71968b75d708ca501c1a78064d58,50,91
0ff5874d2b83bfeeb63d80b1a0bf3d76,7281be3c7df0333371b9d342bba9e0f8,11,85
99853041868ce7d05e7763b76a6db0e7,91c0537b4bafc6dde7c04586b46bfca3,69,93
4e4c664eb32664f3cf3db503963aef14,cad4bf8a2825fae0409c8d9a6e89bae3,25,70
5fdea5608c3adfaef8196633132589e5,438dc4363feec8987b0d2ad7b46e759d,62,74
13ee5ea7e62db5f46089b6892e3f2208,8c8b28bdca7e59da36845dd4ce4c617d,20,78
d2abad2e76a84cba309cbff10591e992,fa81a46372456635b54fcfffc8e980eb,28,83
78a8a0495388a1f149a6ec381355c2b1,603990ae118957fce43a360bccb67e64,36,84
11458ab4951de46cbef8f19096694904,cad4bf8a2825fae0409c8d9a6e89bae3,23,71
1dffe98bd8ec345e7ae79f93d0984a3c,13ee5ea7e62db5f46089b6892e3f2208,22,84
6320542b3c82b470956a5db5ac18cfc1,fa81a46372456635b54fcfffc8e980eb,28,83
1b01f5d4dce2967b2d444aebbff7462b,603990ae118957fce43a360bccb67e64,31,80
546fa4515ea12e151cee94015062c683,13ee5ea7e62db5f46089b6892e3f2208,11,82
546fa4515ea12e151cee94015062c683,291208ae76866c183339043c574d20a1,61,82
1e7f3f51b8fed8eefd7df374acbf09d6,603990ae118957fce43a360bccb67e64,31,80
1dffe98bd8ec345e7ae79f93d0984a3c,4ca81beeebe3277908537993497660af,13,76
438dc4363feec8987b0d2ad7b46e759d,291208ae76866c183339043c574d20a1,61,73
b5e98366227505b4c1271c592ce78a81,23c67fc06cc602b65c86aae7fdbd08a6,73,
db3af1fdb11fc5adff69c88728621be3,4e25023a60a3cab034e2baef80979d67,80,
5fdea5608c3adfaef8196633132589e5,291208ae76866c183339043c574d20a1,59,72
fffb086d486d176b615be86db0a9b917,99853041868ce7d05e7763b76a6db0e7,100,
8c8b28bdca7e59da36845dd4ce4c617d,291208ae76866c183339043c574d20a1,59,79
6a549cc77df30a61279694061d4a6b97,f7a525d3323238a7113820ce784ee02e,81,
c052c20e8486fc51e81125d448b09fd7,291208ae76866c183339043c574d20a1,70,
9e803f1a0e311e64bcb71f1ba28dc25c,f25c705672be34ca864e386ea6808c6c,46,91
24ddb9dd14c2ee784b762927c41cfb5e,f25c705672be34ca864e386ea6808c6c,50,87
c3fac8c8d13342855ba5ad4235c53afd,b66e47c665e8fa99677481534b2323d2,18,79
96385f9b5348b79c469cedb6d1aa4b78,646fcf26285f5b35f1b4bd5455b84e02,23,86
1b01f5d4dce2967b2d444aebbff7462b,646fcf26285f5b35f1b4bd5455b84e02,31,92
1e7f3f51b8fed8eefd7df374acbf09d6,646fcf26285f5b35f1b4bd5455b84e02,31,92
78a8a0495388a1f149a6ec381355c2b1,646fcf26285f5b35f1b4bd5455b84e02,27,92
ba1868ed08eac2f264d4bbbd31d6c995,7281be3c7df0333371b9d342bba9e0f8,11,85
1b01f5d4dce2967b2d444aebbff7462b,1f537ba165a96dd161e065c9d26d4131,36,92
1e7f3f51b8fed8eefd7df374acbf09d6,1f537ba165a96dd161e065c9d26d4131,36,92
1b01f5d4dce2967b2d444aebbff7462b,112c8a6ad2a620f93656f3ff239b3131,31,73
1e7f3f51b8fed8eefd7df374acbf09d6,112c8a6ad2a620f93656f3ff239b3131,31,73
78a8a0495388a1f149a6ec381355c2b1,1f537ba165a96dd161e065c9d26d4131,27,76
91c0537b4bafc6dde7c04586b46bfca3,1c4da0cd2f1c657a4e299f25db3422e2,100,
fffb086d486d176b615be86db0a9b917,1c4da0cd2f1c657a4e299f25db3422e2,71,
99853041868ce7d05e7763b76a6db0e7,1c4da0cd2f1c657a4e299f25db3422e2,71,
9a56640e9c0b95673496d15cd371911a,cad4bf8a2825fae0409c8d9a6e89bae3,21,75
232dc42fe77eb1e964203ba5faf78584,9f8ff7c03d93e3ca383675f29af8e854,36,77
78a8a0495388a1f149a6ec381355c2b1,96385f9b5348b79c469cedb6d1aa4b78,31,80
78a8a0495388a1f149a6ec381355c2b1,1b01f5d4dce2967b2d444aebbff7462b,31,76
96385f9b5348b79c469cedb6d1aa4b78,1b01f5d4dce2967b2d444aebbff7462b,27,84
53432e8c55426a87ef0e02dc5e4835ed,f7a525d3323238a7113820ce784ee02e,63,85
7228d5ec9c09e30b5e995a47ce98274e,9c245d218385a958ceea843c01f0ec1e,100,
fffb086d486d176b615be86db0a9b917,9c245d218385a958ceea843c01f0ec1e,21,81
1b01f5d4dce2967b2d444aebbff7462b,b0fef8bf7b01e4e89a6a8c82de36c67c,36,88
1e7f3f51b8fed8eefd7df374acbf09d6,b0fef8bf7b01e4e89a6a8c82de36c67c,36,88
99853041868ce7d05e7763b76a6db0e7,9c245d218385a958ceea843c01f0ec1e,21,81
78a8a0495388a1f149a6ec381355c2b1,b0fef8bf7b01e4e89a6a8c82de36c67c,31,80
91c0537b4bafc6dde7c04586b46bfca3,9c245d218385a958ceea843c01f0ec1e,21,81
1c4da0cd2f1c657a4e299f25db3422e2,9c245d218385a958ceea843c01f0ec1e,21,81
ad8b20761d7cf506b3b786cfce3f9e3e,5894498334b1dd4aab2118c8211d88da,18,70
4e4c664eb32664f3cf3db503963aef14,11458ab4951de46cbef8f19096694904,36,80
1259b63cfc17d50a218447850950d577,72a7dd87344d2d94a00251edce38167f,77,
232dc42fe77eb1e964203ba5faf78584,cbb2c52e20327e97902b4b521d0d7b95,43,81
4e4c664eb32664f3cf3db503963aef14,46388eedeebfeee25015da4072051ed3,34,78
9f8ff7c03d93e3ca383675f29af8e854,cbb2c52e20327e97902b4b521d0d7b95,13,74
4e4c664eb32664f3cf3db503963aef14,cbb2c52e20327e97902b4b521d0d7b95,13,77
11458ab4951de46cbef8f19096694904,cbb2c52e20327e97902b4b521d0d7b95,13,77
8fe745471e9cf576a32512815d3cc123,cbb2c52e20327e97902b4b521d0d7b95,13,81
46388eedeebfeee25015da4072051ed3,cbb2c52e20327e97902b4b521d0d7b95,13,77
11458ab4951de46cbef8f19096694904,46388eedeebfeee25015da4072051ed3,69,91
4e4c664eb32664f3cf3db503963aef14,def16f35c3b90abd38fa14c284a9c321,34,71
9a56640e9c0b95673496d15cd371911a,cbb2c52e20327e97902b4b521d0d7b95,13,81
1dffe98bd8ec345e7ae79f93d0984a3c,25c05e8349de6ac1d5f01ccb06d7d3d7,18,76
64af433846a9a5001c67dc8b3c481bca,37171d3706834b8bdc41bd4135a0488f,33,84
1dffe98bd8ec345e7ae79f93d0984a3c,b479d6b5d304e52f6671439f4c44927b,18,76
b9c9690cd3e0fb4a09293ef37b7fcebb,b641c491baca789a53969429edf79df1,54,73
8fe745471e9cf576a32512815d3cc123,46388eedeebfeee25015da4072051ed3,33,74
1dffe98bd8ec345e7ae79f93d0984a3c,61f28d43da0b58c0288b31765ae7de42,13,80
8c8b28bdca7e59da36845dd4ce4c617d,8b39cce9f67dc2126bd678295d22140d,14,77
4e4c664eb32664f3cf3db503963aef14,8fe745471e9cf576a32512815d3cc123,50,83
1dffe98bd8ec345e7ae79f93d0984a3c,5a7f2d09ac545ff5e846ab277a21e6c4,18,80
0ff5874d2b83bfeeb63d80b1a0bf3d76,ba1868ed08eac2f264d4bbbd31d6c995,11,85
11458ab4951de46cbef8f19096694904,8fe745471e9cf576a32512815d3cc123,32,75
96385f9b5348b79c469cedb6d1aa4b78,ed06254bb1daf2193cada281a5b7a772,20,86
1b01f5d4dce2967b2d444aebbff7462b,ed06254bb1daf2193cada281a5b7a772,36,92
1e7f3f51b8fed8eefd7df374acbf09d6,ed06254bb1daf2193cada281a5b7a772,36,92
78a8a0495388a1f149a6ec381355c2b1,ed06254bb1daf2193cada281a5b7a772,31,92
1b01f5d4dce2967b2d444aebbff7462b,1e7f3f51b8fed8eefd7df374acbf09d6,54,92
78a8a0495388a1f149a6ec381355c2b1,1e7f3f51b8fed8eefd7df374acbf09d6,31,76
96385f9b5348b79c469cedb6d1aa4b78,1e7f3f51b8fed8eefd7df374acbf09d6,27,84
9f8ff7c03d93e3ca383675f29af8e854,1136e1e47b7fda4e87f2d9a012706bfb,13,70
9a56640e9c0b95673496d15cd371911a,d415ed35ea7862a46059999ff0986d84,43,80
9a56640e9c0b95673496d15cd371911a,def16f35c3b90abd38fa14c284a9c321,20,72
9f8ff7c03d93e3ca383675f29af8e854,9a56640e9c0b95673496d15cd371911a,16,72
1b01f5d4dce2967b2d444aebbff7462b,09856b8d0765e997dd958d97bf7a4a14,40,92
1e7f3f51b8fed8eefd7df374acbf09d6,09856b8d0765e997dd958d97bf7a4a14,40,92
78a8a0495388a1f149a6ec381355c2b1,09856b8d0765e997dd958d97bf7a4a14,31,80
8fe745471e9cf576a32512815d3cc123,1136e1e47b7fda4e87f2d9a012706bfb,26,71
8fe745471e9cf576a32512815d3cc123,9a56640e9c0b95673496d15cd371911a,27,76
0d6747b6389aafaf72adf77a29b901d8,aa188330ebbcdeebe14666b6abf6ba78,14,73
9a56640e9c0b95673496d15cd371911a,1136e1e47b7fda4e87f2d9a012706bfb,69,88
232dc42fe77eb1e964203ba5faf78584,9a56640e9c0b95673496d15cd371911a,18,77
232dc42fe77eb1e964203ba5faf78584,1136e1e47b7fda4e87f2d9a012706bfb,14,76
4d9d18d3deaa1255460cb54cc89650b8,b95ead60da8f25be75f88ddc75526427,47,77
9a56640e9c0b95673496d15cd371911a,f9cde1e22da68068f1f2fbff1a318855,42,81
0ff5874d2b83bfeeb63d80b1a0bf3d76,53b633a440f7f3121ad651f56557b8a9,11,85
ba1868ed08eac2f264d4bbbd31d6c995,53b633a440f7f3121ad651f56557b8a9,11,85
46388eedeebfeee25015da4072051ed3,81921e3ffedd4915377df45ab2ed2c6e,39,71
53b633a440f7f3121ad651f56557b8a9,7281be3c7df0333371b9d342bba9e0f8,11,85
9056a1f0a4ea6d466e1f2a58bada05c3,9b34b7d5a6d2d6e702a609ac2ba16bc1,42,82
94490c903e8872362a180f75f8989015,9b34b7d5a6d2d6e702a609ac2ba16bc1,51,87
ed06254bb1daf2193cada281a5b7a772,112c8a6ad2a620f93656f3ff239b3131,42,83
ed06254bb1daf2193cada281a5b7a772,603990ae118957fce43a360bccb67e64,20,81
646fcf26285f5b35f1b4bd5455b84e02,112c8a6ad2a620f93656f3ff239b3131,26,83
646fcf26285f5b35f1b4bd5455b84e02,603990ae118957fce43a360bccb67e64,17,81
05d7c0adf6f4d467aa2d4cd221633434,b7df4f97e020e3737660fc4f643d1e25,15,77
f9cde1e22da68068f1f2fbff1a318855,cad4bf8a2825fae0409c8d9a6e89bae3,21,73
67c970ee20f20760635d306cb6f5f016,bf8f2c4921117461f5dba2f109d38933,39,87
c73dc24d4c325e7b295b18d2462bc6cb,bf8f2c4921117461f5dba2f109d38933,35,75
f9cde1e22da68068f1f2fbff1a318855,d415ed35ea7862a46059999ff0986d84,76,
1136e1e47b7fda4e87f2d9a012706bfb,cad4bf8a2825fae0409c8d9a6e89bae3,21,71
b0c43282cd4a4f6bdaf2456d1f46f7ff,dcd62e9a7fdef495e15ba0e1f0bfbe2e,34,85
745ab374328631097a5a25f32e803af8,bc9f0407aeb14715dc650109e270349a,37,77
ed06254bb1daf2193cada281a5b7a772,646fcf26285f5b35f1b4bd5455b84e02,55,87
f9cde1e22da68068f1f2fbff1a318855,1136e1e47b7fda4e87f2d9a012706bfb,42,84
ffefb11c7832fff0065b8c24323bb595,145b70f6f35c7924e08fdaffae18da0b,34,85
112c8a6ad2a620f93656f3ff239b3131,1f537ba165a96dd161e065c9d26d4131,26,70
d415ed35ea7862a46059999ff0986d84,cad4bf8a2825fae0409c8d9a6e89bae3,21,73
9056a1f0a4ea6d466e1f2a58bada05c3,94490c903e8872362a180f75f8989015,65,88
561d60e523d9021c45c52e5806222630,e0f86382a526b5d4b11933f5f9d4db83,25,70
ed06254bb1daf2193cada281a5b7a772,1f537ba165a96dd161e065c9d26d4131,21,84
09b77a2d62f3c936ae69dab04960fa35,cad4bf8a2825fae0409c8d9a6e89bae3,27,76
1136e1e47b7fda4e87f2d9a012706bfb,def16f35c3b90abd38fa14c284a9c321,21,72
646fcf26285f5b35f1b4bd5455b84e02,1f537ba165a96dd161e065c9d26d4131,24,84
603990ae118957fce43a360bccb67e64,1f537ba165a96dd161e065c9d26d4131,21,71
def16f35c3b90abd38fa14c284a9c321,cad4bf8a2825fae0409c8d9a6e89bae3,27,76
b2176212184e4d5aa10c5bf467ecbd16,5951288cfe667b2fa80dc41790bccd50,100,
d8833902225cb43709e51c5dc2dbf396,185099c55478a38c9525bdf33abaac1a,21,83
489dc6f0d6d3fc115ef9c5638b09e9c7,185099c55478a38c9525bdf33abaac1a,40,94
b4d9463a1733449bfb7ccb4ea990b4f0,b9a7b264ed8479942997e3b84207dee3,63,87
b2ef7ee3245dfc600114c45069509949,476ff5b62385800954b98e51ba5dc626,45,83
3ded7f243d8b1e9b804eea1c664d5072,476ff5b62385800954b98e51ba5dc626,45,83
0587bd47a9297e9579c0fa5f2c4f9c54,476ff5b62385800954b98e51ba5dc626,48,84
b2ef7ee3245dfc600114c45069509949,1c6dd1dea55d97ece7e7887314b786dd,20,75
09856b8d0765e997dd958d97bf7a4a14,b0fef8bf7b01e4e89a6a8c82de36c67c,33,92
1136e1e47b7fda4e87f2d9a012706bfb,d415ed35ea7862a46059999ff0986d84,48,84
09b77a2d62f3c936ae69dab04960fa35,def16f35c3b90abd38fa14c284a9c321,66,90
bf8f2c4921117461f5dba2f109d38933,8a37be8b4886b3b82f97c993a99093d5,28,75
2c31afd8d7defaee1aa4f76b83f57bd3,cbb2c52e20327e97902b4b521d0d7b95,13,77
ed06254bb1daf2193cada281a5b7a772,b0fef8bf7b01e4e89a6a8c82de36c67c,21,78
7d63c5cb9188dc5f1918c4c494cfbb91,ffefb11c7832fff0065b8c24323bb595,45,76
ed06254bb1daf2193cada281a5b7a772,09856b8d0765e997dd958d97bf7a4a14,24,84
14f3c4da366cf4f543431c1b5bbca846,8a37be8b4886b3b82f97c993a99093d5,32,87
f9cde1e22da68068f1f2fbff1a318855,cbb2c52e20327e97902b4b521d0d7b95,13,81
646fcf26285f5b35f1b4bd5455b84e02,b0fef8bf7b01e4e89a6a8c82de36c67c,21,78
646fcf26285f5b35f1b4bd5455b84e02,09856b8d0765e997dd958d97bf7a4a14,21,84
2e1b62bc0fe5f9770c424420a1fa5e17,42498e9b2cac85483297343ff0090d26,51,91
1136e1e47b7fda4e87f2d9a012706bfb,cbb2c52e20327e97902b4b521d0d7b95,13,81
1f537ba165a96dd161e065c9d26d4131,b0fef8bf7b01e4e89a6a8c82de36c67c,21,76
1f537ba165a96dd161e065c9d26d4131,09856b8d0765e997dd958d97bf7a4a14,24,84
c58a0d971f07608f87d6c3cbfbcc4839,42498e9b2cac85483297343ff0090d26,51,91
d415ed35ea7862a46059999ff0986d84,cbb2c52e20327e97902b4b521d0d7b95,13,81
603990ae118957fce43a360bccb67e64,b0fef8bf7b01e4e89a6a8c82de36c67c,20,71
603990ae118957fce43a360bccb67e64,09856b8d0765e997dd958d97bf7a4a14,21,71
ac2f0fb2e232801c4157dbae8357eb7f,42498e9b2cac85483297343ff0090d26,66,92
09b77a2d62f3c936ae69dab04960fa35,cbb2c52e20327e97902b4b521d0d7b95,13,81
112c8a6ad2a620f93656f3ff239b3131,b0fef8bf7b01e4e89a6a8c82de36c67c,26,70
2e1b62bc0fe5f9770c424420a1fa5e17,ac2f0fb2e232801c4157dbae8357eb7f,51,91
b2ef7ee3245dfc600114c45069509949,b5c7199b96c41b29cd8fb446e142c7e8,30,75
cf33e30608c44522b9a63a09f82f5d5c,771c409d22156ba7d667a946116048f8,15,72
c58a0d971f07608f87d6c3cbfbcc4839,ac2f0fb2e232801c4157dbae8357eb7f,51,91
3ded7f243d8b1e9b804eea1c664d5072,b5c7199b96c41b29cd8fb446e142c7e8,30,75
d8833902225cb43709e51c5dc2dbf396,489dc6f0d6d3fc115ef9c5638b09e9c7,36,86
b2ef7ee3245dfc600114c45069509949,3ded7f243d8b1e9b804eea1c664d5072,65,87
0587bd47a9297e9579c0fa5f2c4f9c54,b5c7199b96c41b29cd8fb446e142c7e8,54,82
6822b89faad671b2e22f5919f6398cb4,ed7d069dcb307c40cc180d6a1bbdacb1,37,81
f38e60225cf67862ab54ed5c88957255,b5c7199b96c41b29cd8fb446e142c7e8,54,77
2e1b62bc0fe5f9770c424420a1fa5e17,c58a0d971f07608f87d6c3cbfbcc4839,60,91
476ff5b62385800954b98e51ba5dc626,b5c7199b96c41b29cd8fb446e142c7e8,51,94
b2ef7ee3245dfc600114c45069509949,f38e60225cf67862ab54ed5c88957255,45,83
bf013fbbb0c3bb5761b50dcb54241d5c,b5c7199b96c41b29cd8fb446e142c7e8,51,94
3ded7f243d8b1e9b804eea1c664d5072,f38e60225cf67862ab54ed5c88957255,45,83
1c6dd1dea55d97ece7e7887314b786dd,b5c7199b96c41b29cd8fb446e142c7e8,22,77
0587bd47a9297e9579c0fa5f2c4f9c54,f38e60225cf67862ab54ed5c88957255,65,87
2e733ee6ca6bcebb1650720bba7a9ab7,b5c7199b96c41b29cd8fb446e142c7e8,22,77
e434fe7d115240c46b0bcbb9d2d56500,4acc0f8e1492616eaac20dff4e82282e,42,71
2f8fa20ca9f763e2ae72750ade8fa2c1,bb124412881e142292dd4add59e47db4,67,86
b4d9463a1733449bfb7ccb4ea990b4f0,c3fa8c5e28ba7aefbb4c20ba46a04635,29,85
ec5f4c8fe7710184cdb4c366e898fbbd,5cbe544365c09612fc218392bf2de916,100,
b9a7b264ed8479942997e3b84207dee3,c3fa8c5e28ba7aefbb4c20ba46a04635,29,85
dedc46b8369ecebbbfb808ce09d3bba5,f4c9c9e0e80262eb509c232ab307294a,24,73
0d872e4572ec9c285d5e59b3e00ca63e,e38725cfa26807ca7bbf2e515e4fad3f,40,75
3ded7f243d8b1e9b804eea1c664d5072,1c6dd1dea55d97ece7e7887314b786dd,20,75
0587bd47a9297e9579c0fa5f2c4f9c54,1c6dd1dea55d97ece7e7887314b786dd,31,71
def16f35c3b90abd38fa14c284a9c321,cbb2c52e20327e97902b4b521d0d7b95,13,74
476ff5b62385800954b98e51ba5dc626,1c6dd1dea55d97ece7e7887314b786dd,24,80
12773f8b41c4e571cd2a72e8088e5ab4,326f939b34c75e07af38ad5fe2ab7d42,54,86
bf013fbbb0c3bb5761b50dcb54241d5c,1c6dd1dea55d97ece7e7887314b786dd,24,80
cad4bf8a2825fae0409c8d9a6e89bae3,2c31afd8d7defaee1aa4f76b83f57bd3,23,75
b2ef7ee3245dfc600114c45069509949,da82a4d40d5bb026ceda6189eb658136,30,83
3ded7f243d8b1e9b804eea1c664d5072,da82a4d40d5bb026ceda6189eb658136,30,83
dcd62e9a7fdef495e15ba0e1f0bfbe2e,9b30ef8570fd5c355218d5f5f0597a2e,13,74
0d42bdbdb44439d9bc2d5ba64d1aa13d,251c0ff49457cbd631766eca33398878,100,
97fbd734bb40b24cba3eb7f867e2e4fc,00c36bcb01167a983ad267ae41ccf01a,35,79
a9a7dc6becf17b7220317c22523789e7,00c36bcb01167a983ad267ae41ccf01a,20,75
23c67fc06cc602b65c86aae7fdbd08a6,f3015b8c4bf4897d46af5339b327af00,40,70
ccc06d826ab74b8c15ba2e88805c45db,a1f148583416034c03b3cbb4955ae67c,87,
03d0647e52185ea31d3482efa6417cdf,c9236aca2823a2eefa4fd9f5025e2844,72,
42d09b06d5cb47c30c2aa9f39f2561ea,36b8228bc41a6e131f4257b591ed1b60,39,85
81921e3ffedd4915377df45ab2ed2c6e,2c31afd8d7defaee1aa4f76b83f57bd3,24,79
002be1a7a978bf1de4490aef53986416,e0cdb2fae3154b9aa946e95b40f64167,100,
858692df30c2f332004c4583173ab73b,440661ad2078bb790ea7d7d273de922f,54,90
b2ef7ee3245dfc600114c45069509949,0587bd47a9297e9579c0fa5f2c4f9c54,45,83
3ded7f243d8b1e9b804eea1c664d5072,0587bd47a9297e9579c0fa5f2c4f9c54,45,83
e1dc57df61dc39babae787673f757890,076dd2370fa12277079763135f6932ad,38,79
aa808b5da06328a23ed32fc56f3ab479,c774b9a6bc994e621476b0ad765860de,27,73
09b77a2d62f3c936ae69dab04960fa35,fabbdc16aad24c82dd7775038e843612,36,71
def16f35c3b90abd38fa14c284a9c321,fabbdc16aad24c82dd7775038e843612,37,73
cad4bf8a2825fae0409c8d9a6e89bae3,fabbdc16aad24c82dd7775038e843612,29,79
05d7c0adf6f4d467aa2d4cd221633434,0a55fe1fd88ce889c5eef78a07a5f35b,15,76
b7df4f97e020e3737660fc4f643d1e25,0a55fe1fd88ce889c5eef78a07a5f35b,20,78
bf8f2c4921117461f5dba2f109d38933,14f3c4da366cf4f543431c1b5bbca846,46,84
67c970ee20f20760635d306cb6f5f016,14f3c4da366cf4f543431c1b5bbca846,39,84
bb181fc3efe8339684b488881344d6e3,b447431b1f2f5424c543c8cb052c6af6,100,
788086e4d38e623d2bf68052aa782e25,9bccfe68899e84ec797c6cc3b45d90cd,100,
ab0d9a149d31eb88b4d4352081ba3f80,dc30168cab9db6f0f6df788df789ce23,76,
7b7d09a371f21d54a7dada1ca9ea79be,d0b1633a5887583879cbc749835c9835,20,71
09b77a2d62f3c936ae69dab04960fa35,81921e3ffedd4915377df45ab2ed2c6e,35,71
def16f35c3b90abd38fa14c284a9c321,81921e3ffedd4915377df45ab2ed2c6e,37,72
4f24f4454c5e9286bf45242a7791c082,9841fcbd005a69d79dfd7015e4b5019f,27,81
cad4bf8a2825fae0409c8d9a6e89bae3,81921e3ffedd4915377df45ab2ed2c6e,23,73
fabbdc16aad24c82dd7775038e843612,81921e3ffedd4915377df45ab2ed2c6e,61,89
57e4f53f1206bda425f6c07ad0d60ee3,a604ac7c67f8051d7ab28e756e2f9274,19,73
b2ef7ee3245dfc600114c45069509949,b0c43282cd4a4f6bdaf2456d1f46f7ff,30,83
3ded7f243d8b1e9b804eea1c664d5072,b0c43282cd4a4f6bdaf2456d1f46f7ff,30,83
b2ef7ee3245dfc600114c45069509949,bf013fbbb0c3bb5761b50dcb54241d5c,45,83
3ded7f243d8b1e9b804eea1c664d5072,bf013fbbb0c3bb5761b50dcb54241d5c,45,83
0587bd47a9297e9579c0fa5f2c4f9c54,bf013fbbb0c3bb5761b50dcb54241d5c,48,84
476ff5b62385800954b98e51ba5dc626,bf013fbbb0c3bb5761b50dcb54241d5c,82,
b2ef7ee3245dfc600114c45069509949,2e733ee6ca6bcebb1650720bba7a9ab7,20,75
3ded7f243d8b1e9b804eea1c664d5072,2e733ee6ca6bcebb1650720bba7a9ab7,20,75
0587bd47a9297e9579c0fa5f2c4f9c54,2e733ee6ca6bcebb1650720bba7a9ab7,31,71
476ff5b62385800954b98e51ba5dc626,2e733ee6ca6bcebb1650720bba7a9ab7,24,80
bf013fbbb0c3bb5761b50dcb54241d5c,2e733ee6ca6bcebb1650720bba7a9ab7,24,80
1c6dd1dea55d97ece7e7887314b786dd,2e733ee6ca6bcebb1650720bba7a9ab7,81,
b2ef7ee3245dfc600114c45069509949,4895cb06c90de5aea79e6a70ddcda0ea,30,83
3ded7f243d8b1e9b804eea1c664d5072,4895cb06c90de5aea79e6a70ddcda0ea,30,83
da82a4d40d5bb026ceda6189eb658136,4895cb06c90de5aea79e6a70ddcda0ea,70,
8bdd33727e2e87bd04e26dc351fb56a9,4f7711d1d324e78ab9d627feb93f7a26,93,
9a40d3cc8964c0bad508d359267285a5,60ff1cd8951dca006ae70503b3b2a047,100,
31f5ff7a2113d4787995ce55e5ab781b,865aa055ae8582b7d013099ca823bda7,14,70
150775d14368ecd5432c184183db94fc,1ba0e91356d64aabcd84e980c0a2360b,51,87
ea368fba83ab4defb07e953410e837cc,7b3cc70ed78835fe76cb65f79e884cb4,100,
ac8721b39a49785e4622401cec79fc55,1d93b0891d0b0fa6071528c18ab440d7,56,86
f52739a908ffcc4639e08f741d829822,3c646a1dc32cb483de0c23c39e72f0f6,52,81
1fc8afd6237792085d1746f1928e02fa,fad2fbaf843e67bbacc25cd8c6d98643,25,78
6f2a5bdb42a65abc9008c0366d2042f6,87f9279c2f1f24fc66528c0e72452da0,66,96
9b887de85369324330bc8bd9d0e7c0d7,d96d889683006e815b945f9ebd312b4b,48,85
1fc8afd6237792085d1746f1928e02fa,5a5b3f15f131821ced41513f60aed417,28,84
fad2fbaf843e67bbacc25cd8c6d98643,5a5b3f15f131821ced41513f60aed417,76,
8c726add7ca2a8f03a00e62003e560ba,87f9279c2f1f24fc66528c0e72452da0,66,96
8b9281d081018bf0fc444bbfa9b1eeb1,1d93b0891d0b0fa6071528c18ab440d7,62,92
378513111bb97c33a4c4654079383cbf,d2dddad5eff9b9600052d1ca37d25fc3,100,
2e54d04b0161b55732c483b288ce27b5,8b9281d081018bf0fc444bbfa9b1eeb1,24,71
ae44c9624c61ec44ac2d7abb6c8ceb22,62938c3e9cb8f94e97e5b8e22a594c20,100,
7f413671602da5141c85847d74ae6d03,a60353323a4a846723e5c318dcfe7270,59,84
7f413671602da5141c85847d74ae6d03,7ce1041db5da836b3af7c27deb95c686,59,84
4abac3cb169242c1dbe2f0d4d48cc0b7,db1d3556b14728b7057126d10fe66c9b,43,74
ac8721b39a49785e4622401cec79fc55,8b9281d081018bf0fc444bbfa9b1eeb1,64,96
2b584cdeaef025014ae6b2c4a4bf8c5f,6ea259cb3b13bab3b2cc3a7c69213f28,40,86
2fde0b1938c6ac95e3a3fcaee239b99b,44c6485ebe7a91c63fc7d7d3996527a6,34,74
11fe9eaba54eecfdee044dc42b2b16c7,81c43f35ac07400f28b19e4cd0741f0e,32,75
8019a099fd30746638ee33ad51be5d9a,a60353323a4a846723e5c318dcfe7270,28,74
8019a099fd30746638ee33ad51be5d9a,7ce1041db5da836b3af7c27deb95c686,48,91
7896a738e2186b094ee465a15783532f,609a74a4bf255ef9fbdecb0afeda684a,51,83
844c9bde4c73025c7abafc6bd25bc457,7401d1d1f7b3f631de2ef9c7d4e193d9,52,88
e63be134ae902c0e87dfdd4d099a9857,7b413570d7d737a64e8afd85135f7d32,100,
6f2a5bdb42a65abc9008c0366d2042f6,8c726add7ca2a8f03a00e62003e560ba,88,
7f413671602da5141c85847d74ae6d03,e04e195fee5028ce256ef60f4df54b56,31,84
378513111bb97c33a4c4654079383cbf,3381f8076d962ca44fcce0e353c6d6c5,72,
d2dddad5eff9b9600052d1ca37d25fc3,3381f8076d962ca44fcce0e353c6d6c5,76,
8b27bdc7b01d825c9f85bd9f5364ded6,3381f8076d962ca44fcce0e353c6d6c5,100,
ed788d399c1755f732441847d28d86a3,2fde0b1938c6ac95e3a3fcaee239b99b,36,70
ddc0a9ba3c1a74f9e9622ca3b80f1147,5fcfa78c270b0406bb7abb81ae950260,11,71
f9b7929a7d99f703c1260473f7704ead,da52e8bd6d687b061708138977b1929a,61,86
34110309fa36d3a83ac3a191b6fe6c79,6a44e5fca881b6f1347bffde1102bb3d,63,84
44c6485ebe7a91c63fc7d7d3996527a6,5fcfa78c270b0406bb7abb81ae950260,39,77
2b584cdeaef025014ae6b2c4a4bf8c5f,01b736183f8036b0f2c9e14e347dc085,19,70
6ea259cb3b13bab3b2cc3a7c69213f28,01b736183f8036b0f2c9e14e347dc085,19,70
4e47f92521f37865f96096ad91ac1253,6a44e5fca881b6f1347bffde1102bb3d,63,84
9e8f87cebd5de3794cc04fa0fda98de7,65a7678ecc4cb9110f8506491ee2e4a3,28,90
dd178c4e3be64aabdd03ca7c72524513,65a7678ecc4cb9110f8506491ee2e4a3,71,
44c6485ebe7a91c63fc7d7d3996527a6,57b6d055ac2a8578666c4e15a139290f,30,81
01b736183f8036b0f2c9e14e347dc085,5fcfa78c270b0406bb7abb81ae950260,19,70
9e8f87cebd5de3794cc04fa0fda98de7,dd178c4e3be64aabdd03ca7c72524513,44,91
34110309fa36d3a83ac3a191b6fe6c79,4e47f92521f37865f96096ad91ac1253,93,
8019a099fd30746638ee33ad51be5d9a,9768107fe07ea6ff189320c7cf6e1223,39,70
913e318da94b59a8d6046e4af2b110b2,1930623a0d31bdbec61f13af0c7b726d,17,73
dac83ab1cffc0e0f18a438e507be0f44,1930623a0d31bdbec61f13af0c7b726d,17,74
04493f4fc1c2f5c92f2c66286f8f3031,5fcfa78c270b0406bb7abb81ae950260,23,70
7f413671602da5141c85847d74ae6d03,9768107fe07ea6ff189320c7cf6e1223,54,84
cbbb5c357edd5f87400dc9d1914dce67,1ad57a9b563d0c44e0eebf06828d8289,34,79
01a03d134420e799dc597b7f256dd0cc,00624f0a9e3e7b328d8791b1e1d9055f,100,
d2dddad5eff9b9600052d1ca37d25fc3,8b27bdc7b01d825c9f85bd9f5364ded6,76,
8de99722af4b6caabf1b920ff5653c55,0a8e9448fd8f8ce5b5521957fdc8589c,44,83
38dfd41f825c72d128af6e80cfb15a6e,a724c74e517e97684f7f3197caee8869,29,76
4907675dfec6f893fdea6bb31f97a16b,eb735339d1834d17b20a0e936bed543d,34,76
aeacbe9736c230cc467052d043bcfa48,e2b2e9171753b1ad84d1907e52a0fd17,100,
150775d14368ecd5432c184183db94fc,7d2b7842cce79877b54a7a7c42c48240,38,88
1ba0e91356d64aabcd84e980c0a2360b,7d2b7842cce79877b54a7a7c42c48240,33,84
7f413671602da5141c85847d74ae6d03,8019a099fd30746638ee33ad51be5d9a,54,84
8f58fb09614f57eefdb373c0c911d237,01a03d134420e799dc597b7f256dd0cc,21,81
913e318da94b59a8d6046e4af2b110b2,dac83ab1cffc0e0f18a438e507be0f44,14,73
2b584cdeaef025014ae6b2c4a4bf8c5f,04493f4fc1c2f5c92f2c66286f8f3031,11,70
9c15e10ee561d4eb0f8f0e162f6433c2,25abbb15fe3177c910fa0d989d071efb,27,74
1930623a0d31bdbec61f13af0c7b726d,a9a0b988438e6b4099ef935faaea0d4e,15,73
a9acf9924453886d217a156086499d49,4774ce688f987d9b28f45d44a0fe8a5a,10,70
4e0981e3444eb80ea3b189e538f858a0,02093639edc798804455ce6914e00eb7,36,76
6ea259cb3b13bab3b2cc3a7c69213f28,04493f4fc1c2f5c92f2c66286f8f3031,11,73
ddc0a9ba3c1a74f9e9622ca3b80f1147,e4b59c9031778eed2dc92bea7db4d9c6,44,89
34b4e1a10a963213ddf107c0b42d9be1,7ae266324a845fd4619ac5ec818cf461,30,79
1930623a0d31bdbec61f13af0c7b726d,de0ef0c0133a44d4a5cdf85513be4d19,16,76
3be8cf3c0b43d9eb62caf00bcc23844c,a9a0b988438e6b4099ef935faaea0d4e,19,75
9e8f87cebd5de3794cc04fa0fda98de7,9f0c675074301998bdec52a11adbcd14,25,85
dd178c4e3be64aabdd03ca7c72524513,9f0c675074301998bdec52a11adbcd14,63,89
65a7678ecc4cb9110f8506491ee2e4a3,9f0c675074301998bdec52a11adbcd14,71,
e3afc131bfd7e6763ce48f025925b5b0,39785c745dc74b05c44a6e436cd2bcc8,18,73
3be8cf3c0b43d9eb62caf00bcc23844c,095295195b85f810a54a049e7cad5b98,18,70
f666808ae558503ab32e3e1f72c46a13,478239a24adebce0825573a67c67e8b6,21,80
16dce220ba1f141acdd2f879c5698058,7be24d99705972feab34c67a0a846e70,52,88
0bbe83ebe625b09a2e37dca7ac876572,478239a24adebce0825573a67c67e8b6,10,76
a9a0b988438e6b4099ef935faaea0d4e,095295195b85f810a54a049e7cad5b98,16,71
c10fd4375e9078fd8a848e42fa0f5539,8bd3d828a4037f826cfdf0364abfb9c9,36,78
150ffe62f3bb66028ee2ca6ac77a7ed1,6a7e5f364fd12b63dea3daa2d400a2b1,86,
03d7508a6fc6e4b3516e13a32b649116,b3bec09724ec1f151a9f50b081928b1f,24,72
04493f4fc1c2f5c92f2c66286f8f3031,2bb6352c5dbc364fb598d5efa614fb74,19,70
d3839b1d6db0a57180847450d905f76a,542ea43d0efef13d3ab8d26c20299a49,55,78
1930623a0d31bdbec61f13af0c7b726d,3be8cf3c0b43d9eb62caf00bcc23844c,17,70
de0ef0c0133a44d4a5cdf85513be4d19,3be8cf3c0b43d9eb62caf00bcc23844c,19,75
095295195b85f810a54a049e7cad5b98,03d7508a6fc6e4b3516e13a32b649116,21,71
e1da0b02c46601dcdb7a2fa3657c7e63,402fb3f6c1f960d304c5ed34be41809b,31,70
3bc03204fe183c920f80531bfb449898,0bfce300886845fe4bfe061b44f42f6c,46,74
25d2227e8e2b7f0ec8a6be7b89a53202,7b4a4ee0e899b6676f506177ec8f854b,32,78
f612284aecca5c71270b624b3efdd480,509fa90ce4b6ea118ffb4e6859c7d176,100,
b6fea0a8b147e73110dc725ed37651fe,b6f01cd4d787cf7b871904565f232b9d,100,
d645dd000262474635dca6112b7755a1,4fd0d03f78a0527b72c1a04070ccb8ad,100,
ef29e51573dc1ff682487041f9456a94,8b39cce9f67dc2126bd678295d22140d,28,76
07b1e05573dd5a4d4ee8ace3dd309e46,2161fbfc8d335e8c549896df94c65cbf,21,70
9469aec30c700c99f2784aee7185504d,6896d12e25877d2eeb1d7825c71539cc,100,
ab4efef787c4b76938fb778b99137dd5,d00021045eb0b0946a9159752d4f3de2,63,80
2bb6352c5dbc364fb598d5efa614fb74,b3849777818d4bb63ba6b94dd4101d9c,34,82
8a3d4b053efbd27f79382e683f663dc1,019444dc887004808d8dcb2db026539e,38,79
dceb9cca7b96e8761bd5e7e920b4180e,31f6e6a3cfa3eaacf5f1a0eb9c875dd3,100,
f4c9a9761912e8dfd973de97ce2ed882,cdb53fc4b3364ba6d11e636f2c1872db,27,81
07b1e05573dd5a4d4ee8ace3dd309e46,dbbc993e696501abacaac7d1311f0ffc,56,87
38096338eef508d83fe489e41d32626e,4f26da95e8dac4a55fcbb0cfbb663e06,44,81
2e0b6da532db232f3e8b735afb318696,2967d11e40b7f14ad05b13c3d346625e,64,82
9b1696a82dab4a89466befd9f10eb770,67626c530881d3969373baa06b9b3958,100,
4f26da95e8dac4a55fcbb0cfbb663e06,f083986a9d96dafa75cb4ba466bebea1,60,88
04236c83e4404a00cd31a766f1510a66,1807cad5e881595e2c97785e8301dcb4,48,86
ab4efef787c4b76938fb778b99137dd5,7380368f48afd9311b4b6440e15b9695,63,80
d00021045eb0b0946a9159752d4f3de2,7380368f48afd9311b4b6440e15b9695,63,80
8a4803f30b7b7256cb35ba70b0a65ad4,6acc6e4775bc9f1f47bb4088f5cd1ea5,84,
7eb51df417a30cda3624b41906cfc61f,23a4b9db516e7746c2feb9c42fd6ea0d,44,86
dceb9cca7b96e8761bd5e7e920b4180e,5cac5c44acf61aa91dcdc3512440eda5,58,91
40bdf26f155aeef4cdcf6ab5c657df3c,8da3723a38bb7226cfdc146f87a4dd26,60,91
2380fe7d698b28e0a4cba442912fd493,5567ce6e0c12f87adf3fadc8abf8dc40,69,92
31f6e6a3cfa3eaacf5f1a0eb9c875dd3,5cac5c44acf61aa91dcdc3512440eda5,63,98
9586b6a449bcc0fb3d7979e9a21d27c5,5cac5c44acf61aa91dcdc3512440eda5,100,
04bad04488c2b1fd7737e2829607dea4,6b4fb8a449bee5fb28cdc8bddad34782,23,84
dceb9cca7b96e8761bd5e7e920b4180e,9586b6a449bcc0fb3d7979e9a21d27c5,64,97
490a426c77893e3d123892cf6b0c0c4b,490a426c77893e3d123892cf6b0c0c4b,100,
682ca11d5dff90f02541780f8a3b8161,490a426c77893e3d123892cf6b0c0c4b,80,
490a426c77893e3d123892cf6b0c0c4b,490a426c77893e3d123892cf6b0c0c4b,100,
7b0ac512b5e838acd10b80804cfadedf,8001450b5cd4ed8c60e68b8fe5ae59bc,82,
f083986a9d96dafa75cb4ba466bebea1,ce816eed3c27d9ae584b7d9dc362782a,77,
d9aa75ebb723e1fe785905e11a443f43,8001450b5cd4ed8c60e68b8fe5ae59bc,35,71
3d042e22f6317b4e7d11e19a04553b6b,ce816eed3c27d9ae584b7d9dc362782a,22,75
1218d8d004859a7ee6d31e5212965853,abf86494b2aae017c769174625ac3dd2,27,75
6c1c2fd8b0648487b62af266820442c6,42998cb344f838df8b617eccaf4466a3,18,70
4257e0ebfb979be6893d294892ba292d,db8a834cc73f63385c2fc96116a5a049,83,
fd49c75594fa5bf7eda86a1b8e14a685,285de3edbaab86bf43142966fabc14b3,81,
4d698021f76b8c8c17cdd867590b7cdf,e04cd066c5b403a2307dd1ecc08b828f,26,70
9b1696a82dab4a89466befd9f10eb770,b8b563711022eeaee773486f7127b8bd,100,
490a426c77893e3d123892cf6b0c0c4b,682ca11d5dff90f02541780f8a3b8161,80,
67626c530881d3969373baa06b9b3958,b8b563711022eeaee773486f7127b8bd,65,94
fd072e92a163eeb4c0fb73e9192a1cec,b491e24c283c52b1c87780054f4aa04b,100,
c62d83e45dcf2063947464d48debc4d3,ca216526af00e733d4bc3c2fb9344514,88,
31f6e6a3cfa3eaacf5f1a0eb9c875dd3,9586b6a449bcc0fb3d7979e9a21d27c5,63,98
874d43109af1d9061c6442a1ac4e3a08,4f4f30846302d179b025801f16f24bf7,13,73
cebfb92536d426f85d780a13919fe9fe,38852332efb333a0b9dcac27116c3129,23,76
5980c61ba8fb19eba5cb8a06d97ee298,22179a092ac888a91903418c66f2681f,91,
e1a27966306b03167cbc531caff3c122,354b980ed825b5796b1e9b7e8b140e01,100,
3fa147e575ff06ecd05f7f3a5f338395,402fb3f6c1f960d304c5ed34be41809b,18,83
e74802b84f1214fe78aa208b62a5152d,7b4a4ee0e899b6676f506177ec8f854b,24,80
f083986a9d96dafa75cb4ba466bebea1,c4ca25461c9b4fc41849f7b62371a586,34,77
396db8464df2146cb079c753729d59f9,f738164872c44d3a7555f1965509fea0,30,81
3d042e22f6317b4e7d11e19a04553b6b,c4ca25461c9b4fc41849f7b62371a586,61,92
08c8000c01ff2a6ffb75bf1020dcd835,c3c89aa21cadf512e0f87aa43613c7bb,52,86
f94c02c57caf5e8e481a2b17e5a93195,f6567ead598bf12c0ba982886484deb4,65,86
ce816eed3c27d9ae584b7d9dc362782a,c4ca25461c9b4fc41849f7b62371a586,34,76
cfc67394f9e217cea6c332024b21134b,6eb2f12ada0cbde1b08c0ae3213b6e2f,66,96
de9f46ba1f84bf8fe1bda0b05bbe2a1c,3d042e22f6317b4e7d11e19a04553b6b,41,83
12790695a924a2986093552eeac30f3a,a22eae8346f3a9698f54179656ca2711,20,72
490a426c77893e3d123892cf6b0c0c4b,490a426c77893e3d123892cf6b0c0c4b,100,
682ca11d5dff90f02541780f8a3b8161,490a426c77893e3d123892cf6b0c0c4b,80,
7788c4cbab4dd2769736ad99618d7a1e,4c883d0a63495e120a03cd5f07fc58da,58,87
d9aa75ebb723e1fe785905e11a443f43,7b0ac512b5e838acd10b80804cfadedf,39,75
2a323e7924987f7ccc14a9a071ba90cd,7d1242692122c8dc989b5f10aee576c7,18,80
2c84068c03dd9201a4eb2d5a04d379fc,16bc287d9adbc8ce3174cc940e584a82,100,
0c0fd9caab31730a24584eaf8b5ec3d6,7f6b68c16527e104d90d3e62e54266b6,100,
c62d83e45dcf2063947464d48debc4d3,d6579f85f8e0dfacc4159650038d5fac,41,89
09d0be8d910c07fdaaccee428c2a49e7,b6d80c9c11a4235eb376d11da79d98c7,44,76
a22eae8346f3a9698f54179656ca2711,874d43109af1d9061c6442a1ac4e3a08,31,73
ca216526af00e733d4bc3c2fb9344514,d6579f85f8e0dfacc4159650038d5fac,36,80
12790695a924a2986093552eeac30f3a,874d43109af1d9061c6442a1ac4e3a08,27,92
4447caf27d7bed9f6c149a45a5289587,874d43109af1d9061c6442a1ac4e3a08,13,76
8cd0e8315511449ae90989f36d3daa94,c94559bd602d3a6e11172bf194625b0c,19,75
277203d6606d548f81ae4aa94175a982,9da6fd9a75caa44ce19f78add5e8c564,44,82
0ec5105498c3fc5aeaaf78962a7918b5,3ed787332691d54a0a2164a06136c75d,41,72
abf86494b2aae017c769174625ac3dd2,f607e61d16c960fdf623b320fe0b57ee,18,77
0ec5105498c3fc5aeaaf78962a7918b5,afb229db4fa7896b8c76d6eaa442fce9,38,87
7d1242692122c8dc989b5f10aee576c7,5fd3470c7cf09ce1b89923a1583a4abb,11,70
93f6292b9578a40d6de41878c61ade80,97690dfef36ef0a1a5ba643c13636099,57,86
a3b6e9924c897cc15e7786029f4b8eda,b361ac9f43f76559af49758455f367c7,12,73
01a9322f3b9f4b8cf159ad85310b1e4e,01a9322f3b9f4b8cf159ad85310b1e4e,100,
d33d53e53973d5a684e16f2c828092e7,ba6d73c915f536daadf9dbe9eb033cc0,17,81
8c7dda1b55563bbe1e4a903689150996,78ed59a5ce0d6953c0886348ffda1a3a,50,89
8c7dda1b55563bbe1e4a903689150996,1fdc7da36b4b8c3bcc2199e458a34ce8,50,89
e212b97c6517959c8da300396f4b610f,ff0006f32d675ba441de341a32fa42a4,30,70
5894498334b1dd4aab2118c8211d88da,a9819e74d788ae265663dfd26bfb1e2a,70,
78ed59a5ce0d6953c0886348ffda1a3a,1fdc7da36b4b8c3bcc2199e458a34ce8,50,89
0c650676cb1dbd5949aa0bf9eeb054ee,ff0006f32d675ba441de341a32fa42a4,26,70
d5fafe9f35d22508fe53a29f59ecf673,220377048031faf1c81c168978f9b565,72,
01a9322f3b9f4b8cf159ad85310b1e4e,01a9322f3b9f4b8cf159ad85310b1e4e,100,
01a9322f3b9f4b8cf159ad85310b1e4e,01a9322f3b9f4b8cf159ad85310b1e4e,100,
03be27f13cc928dad784fbcc7b811cbe,5436e4fd9ed168802b1e3512b7dbefc5,24,79
eb98c1496900065f6896832c83136661,8db25a3083c70fbcf26d4300f991b52e,100,
cd9b389437737a3694739f3bba040892,220377048031faf1c81c168978f9b565,65,91
5c486480370c30c486489a278fc80a38,e0648f0d15ea4e08ec4f5d7db439e115,13,73
8a5b275886d0b750b80653b29302839a,220377048031faf1c81c168978f9b565,44,82
479d571117247b4aafa24a66ddda36ae,32ca0551f1fec62c3a6ee59b4ea30d55,11,70
1f894c5d29f7559a96b8a1551a7f4e9c,32ca0551f1fec62c3a6ee59b4ea30d55,42,73
9674876bf79b007f75573a6c7de66751,7fa62257c8bf1ff50d6c632ccefbc630,50,81
9674876bf79b007f75573a6c7de66751,9674876bf79b007f75573a6c7de66751,100,
d5fafe9f35d22508fe53a29f59ecf673,e522988bda8128fbc654566846f46f71,38,86
9674876bf79b007f75573a6c7de66751,7fa62257c8bf1ff50d6c632ccefbc630,50,81
cd9b389437737a3694739f3bba040892,e522988bda8128fbc654566846f46f71,38,86
220377048031faf1c81c168978f9b565,e522988bda8128fbc654566846f46f71,38,86
8a5b275886d0b750b80653b29302839a,e522988bda8128fbc654566846f46f71,22,82
c79a561df18924c4a66fff06cd405416,d69ace36e297e2402a36d3661eff5a22,59,90
d5fafe9f35d22508fe53a29f59ecf673,8a5b275886d0b750b80653b29302839a,47,87
2b72444756cc745f0e4eeb31f8906814,da267c45ce8a5b70d8713f0332146a9a,100,
d5fafe9f35d22508fe53a29f59ecf673,cd9b389437737a3694739f3bba040892,61,93
5ab32d6fb65fc27959e9960acc6602d7,a24f5af5d11dac731756d69d3a657554,28,70
b4d51f32089f4cc8a669a1019ffc8ec3,3308e4454f3fced95d7ac4fec0e91c4c,21,70
9974b69b5380d24decbb1d8456392803,454fcaab12dd6f3cdce5adf0b0da0736,30,73
8a5b275886d0b750b80653b29302839a,cd9b389437737a3694739f3bba040892,39,85
3308e4454f3fced95d7ac4fec0e91c4c,e95d29eb5e6ae79ddb19ad02af9f3fb7,21,72
5ab32d6fb65fc27959e9960acc6602d7,e95d29eb5e6ae79ddb19ad02af9f3fb7,28,81
5ab32d6fb65fc27959e9960acc6602d7,454fcaab12dd6f3cdce5adf0b0da0736,23,72
59cb78a41f857939fbb0ca93d094559e,8552e6b1fee8c9af73857e1dbbf3bb0e,53,90
b4d51f32089f4cc8a669a1019ffc8ec3,6677ba7409dd4a78c5d09c6f3160c102,22,70
59333771f70535082019538556b45182,f029aa7e4a09237f47c1e5b52225f787,20,79
fe54389df1a3b70a88487c710e99e061,26e9bd730740906fbfbdbbbba3b4ed54,22,82
3308e4454f3fced95d7ac4fec0e91c4c,5ab32d6fb65fc27959e9960acc6602d7,26,74
ee8f2d305a7d95257e64005adc9afa83,26e9bd730740906fbfbdbbbba3b4ed54,21,79
3308e4454f3fced95d7ac4fec0e91c4c,6677ba7409dd4a78c5d09c6f3160c102,21,72
de009fa94a76526575601549a84ac200,98819653de89c4467cda648699961e5a,25,70
c79a561df18924c4a66fff06cd405416,5ab32d6fb65fc27959e9960acc6602d7,19,72
ac7f958c6fdb73b3779ac5478ceded96,72414962e35ac029f2d64e238bbdfafc,100,
fe54389df1a3b70a88487c710e99e061,213825af0a506bb6e8727c1224b034c3,28,85
d69ace36e297e2402a36d3661eff5a22,5ab32d6fb65fc27959e9960acc6602d7,19,72
624757c8201b0d79270d96aa6d15d089,98819653de89c4467cda648699961e5a,22,75
a337b26c5202c486afc9ef9c8920517e,c9f498d8ced6d6c03906b1762b0fa377,100,
ee8f2d305a7d95257e64005adc9afa83,213825af0a506bb6e8727c1224b034c3,13,77
19e70fa112857359bbe11520e6690635,aa082c09e5c3506e2056ce3ee53214e0,100,
50ee33a03ddd20dc308f72f4410b1c5a,5015f3203e2986c9e9e1b518db8f03e3,100,
ef5711c639dc8e051165ac5a335478f6,aa91b8b7c116c25d5a8cb4116dc1fd26,100,
6677ba7409dd4a78c5d09c6f3160c102,5ab32d6fb65fc27959e9960acc6602d7,26,73
fe54389df1a3b70a88487c710e99e061,a0d388a1c554c14804dca39c83812591,28,85
d4087b85be4f48bd03e633902839dfaf,cbb0cf275590e15feeb6c9542d8fd272,67,91
7634c45cba407d755e4a59e2650213b2,f5ab833d5354877d988a9f72cd1601f0,78,
ee8f2d305a7d95257e64005adc9afa83,a0d388a1c554c14804dca39c83812591,13,76
77d628a00b996eacee8edf5d803851a0,59c3435a8419c18468272bb738f1c7e1,100,
213825af0a506bb6e8727c1224b034c3,a0d388a1c554c14804dca39c83812591,48,92
93119ec2b5204a7478f4161c2bf5554a,59c3435a8419c18468272bb738f1c7e1,26,75
fbd54cc43646efadd40630f7a78423f0,a03faaa981fa17d44754aa795288ae0f,100,
7cb47f4ac64e87885237022f2285d541,a0d388a1c554c14804dca39c83812591,34,85
26e9bd730740906fbfbdbbbba3b4ed54,a0d388a1c554c14804dca39c83812591,14,73
2134809c65e910d6abb4f80249d1ea51,d823071fe7aaed0bfd140b993f06a986,100,
b4d51f32089f4cc8a669a1019ffc8ec3,5ab32d6fb65fc27959e9960acc6602d7,18,73
3490ba9f894c0071095a966cc3ef76ea,a0d388a1c554c14804dca39c83812591,37,85
a99b3b9643b5fe3ded9d97f70a5761af,89782c5de74406a9fd173c51ee500927,16,75
59333771f70535082019538556b45182,b7b3bcd2ac46498c1437b07596c6b660,10,79
568d4e34201101374494ded903e7eada,037ab70b4d7e151d3a67e2e7abf2dcfe,50,71
fe54389df1a3b70a88487c710e99e061,7cb47f4ac64e87885237022f2285d541,16,85
913b7ec1947677e97665418184e8417d,d13d1d675099af7db4d34bbafa0728d3,100,
fa70d1ca0368785c0e2ea3df0c8c610a,138a41eb5c3877219ee67adea2241ca1,17,80
ee8f2d305a7d95257e64005adc9afa83,7cb47f4ac64e87885237022f2285d541,25,85
213825af0a506bb6e8727c1224b034c3,7cb47f4ac64e87885237022f2285d541,82,
59333771f70535082019538556b45182,a64c89b46af6ff1b4193f9ba0fae012b,20,79
fe54389df1a3b70a88487c710e99e061,f174b8202fe6afb1ea167afdafd8a69e,16,85
f029aa7e4a09237f47c1e5b52225f787,a64c89b46af6ff1b4193f9ba0fae012b,66,96
ee8f2d305a7d95257e64005adc9afa83,f174b8202fe6afb1ea167afdafd8a69e,25,85
b4d51f32089f4cc8a669a1019ffc8ec3,a721349b263f6f8e06055ffe7c171649,16,71
213825af0a506bb6e8727c1224b034c3,f174b8202fe6afb1ea167afdafd8a69e,36,92
7cb47f4ac64e87885237022f2285d541,f174b8202fe6afb1ea167afdafd8a69e,50,93
b4d51f32089f4cc8a669a1019ffc8ec3,3f1b3bdc55fe62c61f80529d0aba00b2,12,72
26e9bd730740906fbfbdbbbba3b4ed54,f174b8202fe6afb1ea167afdafd8a69e,18,78
9974b69b5380d24decbb1d8456392803,4d0b3212d74acc5b803570f8b24bb478,51,81
3308e4454f3fced95d7ac4fec0e91c4c,3f1b3bdc55fe62c61f80529d0aba00b2,21,70
454fcaab12dd6f3cdce5adf0b0da0736,4d0b3212d74acc5b803570f8b24bb478,31,75
3490ba9f894c0071095a966cc3ef76ea,f174b8202fe6afb1ea167afdafd8a69e,27,85
a0d388a1c554c14804dca39c83812591,f174b8202fe6afb1ea167afdafd8a69e,85,
ef5711c639dc8e051165ac5a335478f6,f0456d36179d4f44b394395b195d4578,100,
26467df8415e005aaf95bf1ca10dc95c,59333771f70535082019538556b45182,10,70
87438043f68c9dfc04887c01fc25c95d,e219bd9401362dd4a73149198ebca89d,43,87
a99b3b9643b5fe3ded9d97f70a5761af,e219bd9401362dd4a73149198ebca89d,20,75
fe54389df1a3b70a88487c710e99e061,ee8f2d305a7d95257e64005adc9afa83,77,
a721349b263f6f8e06055ffe7c171649,3f1b3bdc55fe62c61f80529d0aba00b2,10,73
5ab32d6fb65fc27959e9960acc6602d7,3f1b3bdc55fe62c61f80529d0aba00b2,23,72
fe54389df1a3b70a88487c710e99e061,3490ba9f894c0071095a966cc3ef76ea,67,98
ee8f2d305a7d95257e64005adc9afa83,3490ba9f894c0071095a966cc3ef76ea,46,88
213825af0a506bb6e8727c1224b034c3,3490ba9f894c0071095a966cc3ef76ea,26,79
7cb47f4ac64e87885237022f2285d541,3490ba9f894c0071095a966cc3ef76ea,14,72
93119ec2b5204a7478f4161c2bf5554a,77d628a00b996eacee8edf5d803851a0,23,71
26e9bd730740906fbfbdbbbba3b4ed54,3490ba9f894c0071095a966cc3ef76ea,41,82
a99b3b9643b5fe3ded9d97f70a5761af,b834aa93adba57b1ab51fd33f11b05d8,38,84
89782c5de74406a9fd173c51ee500927,b834aa93adba57b1ab51fd33f11b05d8,14,72
38b619438afd5332224f8710cf82f5e9,e436930e69e37fb51a2f881f44f56030,32,84
492904b44e1d1b7c773a26a547ae2971,49ee9d3c121604c58a0a72d04ffacd9a,100,
44c17475d46c276e5ec4e0ac16e36a53,92a003abfe34232874ba96bd1dc43965,100,
2a95dc6be72ba57537daae7d43e64f25,10dbda4e50f6ee205ea7ee11154ee814,19,72
86a03430711a142e9d9aba2433f9ed4a,4cc2ba227ef2ae1c814cb140d53351ab,46,87
f8455f73ec23ed7a77045406472976de,5e3cf6c45659dff4beb6e48b0e590ced,38,72
6677ba7409dd4a78c5d09c6f3160c102,f790162df0db5188a92bc9b2d742b551,19,72
5ab32d6fb65fc27959e9960acc6602d7,f790162df0db5188a92bc9b2d742b551,23,72
a721349b263f6f8e06055ffe7c171649,f790162df0db5188a92bc9b2d742b551,17,70
1f43defe875bee2973627ed6592ef0a1,f790162df0db5188a92bc9b2d742b551,17,70
b66a45041aa50b9586d262ddc028ff5e,9477b30735d672ba648f57f538c05875,34,84
c2deda5029f827533339f9b101a51613,7b98803103a95e51bbe689aeab2e0785,69,85
a4249969e3da578e4b59e15a5cee9244,00c152cd14113738ca3a5e85dd0f231b,63,88
6677ba7409dd4a78c5d09c6f3160c102,1f43defe875bee2973627ed6592ef0a1,32,74
a721349b263f6f8e06055ffe7c171649,1f43defe875bee2973627ed6592ef0a1,66,91
ab74090e01a6fa8059e3217049f1e081,f3cce4d8bb15937782283b21b60696c1,100,
a337b26c5202c486afc9ef9c8920517e,e351ac5a6b3cbf5198adfa9b913e3f6a,100,
2b72444756cc745f0e4eeb31f8906814,2a95dc6be72ba57537daae7d43e64f25,19,76
2ddd1c558304da343704f96f8095ff95,ccef1ed59e7605358408040d2d51ba12,28,86
59333771f70535082019538556b45182,03722d6f571db9f2b453686a7bd13365,15,75
82689012d2758e0d3985fafa2d7fdc9d,c3b52113dc9e5d6e4a52d4da3cc196bb,14,70
0664cfc9a1452374fb26c957e60e71af,df86bb964d6da82315c973e9793f2381,100,
10dbda4e50f6ee205ea7ee11154ee814,2d5c35145feab74b724cf266b77183b7,100,
8924a40aa2b0c648e27963f14988d185,3a1910fa17ae088ed91889e124e642d6,39,72
b37d2312f1d9472e21bb414cdabda0dc,bf785c7c6be79ef5e26d347e0d1c422f,39,81
dd4ccb4aff8369623f3b7c0cbb5a6c1f,a755980d319690e43033d9c9a6f7193f,100,
0fed3720a74b8f9f4273b0bed6b1984b,e927f341d29b94c4542c0a614a523f86,37,85
e72bd0f46d2f7cbd2eaec6eaf3285db1,21543064328b3e0c79cf24449d234464,39,72
7da68870211b89dd3f92d0cf7ad91401,e63a5721b7d4565ab5c4d97d338f99c3,70,
9c0c301d90a6984f08f572065f5fd6ec,21543064328b3e0c79cf24449d234464,48,75
3247dcf9190be181ed8dc338688aa9cb,a1b19762553a3fe6043108587b23284f,39,82
b37d2312f1d9472e21bb414cdabda0dc,b37d2312f1d9472e21bb414cdabda0dc,100,
5366cdfc082b4d474a8700abab2dda0f,260d7b2beb49d4131ff72616b49cfd55,100,
bf785c7c6be79ef5e26d347e0d1c422f,b37d2312f1d9472e21bb414cdabda0dc,39,81
ab394515f33e4621052f48093d1e6f63,f39541293d696d2d43b292917efe50db,100,
e98726bce5b6e1d4d5bebee751a5b430,91309440171d34fb08f4149516cd2722,60,92
3336980d8eae94f9e417a9b4bd89ffe7,66acb9ef744ed4e0570250b0b754ad31,65,88
92c6160c4c00bfe4347069f2b57e6a63,f5ab76126569bfb0e08da8b417098bb6,20,70
64f9431e84ee1bd163e7979969fc8e49,c722c2c7bd5aa06d377640a57e8d7656,100,
33191b1b9ffb00478fcc62f0d8068820,2a7415491101d9a627147258e93819e1,61,78
5569176f5cd99e5e2c591a9f7916c57d,88d45c3fa82cd87ff3b6f628e176826d,37,74
4d16e529707da50d95787c6ded6747d3,0b2d0a78cf8fd7adc1f31d548024f354,100,
604a634a15a78b1ab821874aad84095f,0b2d0a78cf8fd7adc1f31d548024f354,60,96
a8d8ecfc1ad55d02b0e2acecc15bf00f,bb6b09aa1a5feb4e60567eab012ce525,26,72
f8eb614ffe17833506aca192833e804d,a850919ef1ea486ea63496d014df0ed7,100,
4d16e529707da50d95787c6ded6747d3,604a634a15a78b1ab821874aad84095f,100,
502807d20751680f089824025f4b06ec,16affc14edad63b3aecf19411e1fd93d,25,77
f8eb614ffe17833506aca192833e804d,f5a93b8184d8b36be3b4fbd320268ee9,100,
e01997d16e5cc01ddff809b533d084b6,cb2af4dc40dd0e60e54e4cc8f14d74f1,68,88
2b25af12c00b357c1688b7ed941082e0,be2187cfcc91ed2585bff397e2b91dc5,79,
ecc4abfa1d53734d3fd9ec807f7f8985,0ce772c56495099a45f51d8262fa1473,100,
8f8c2e21a8370bd633ebae17dfa8b993,be2187cfcc91ed2585bff397e2b91dc5,57,86
b4d40bc220fdecc7b4e934048a12d4db,5c01bd4d132a5aa599dba73be32ece15,30,75
5ab660dde4b0be636fcdbb637d08bbc1,9cc236cf59650ce2add2a294de12dd05,81,
f99aa256bed11425510cacc00f048555,e98726bce5b6e1d4d5bebee751a5b430,35,74
70d79b653e09111f7d939098acc93d35,7c4b38d165e88bcf406f6f0612b8c903,52,94
3c36d1b1ac9a061be8f322c780e6eb75,7c4b38d165e88bcf406f6f0612b8c903,46,93
8dac86ed317ccc0f57f09041d8e44496,33191b1b9ffb00478fcc62f0d8068820,56,75
7b67d80d212ca9865672bec7c0e6fe0a,e54b3ad53ea1cea2bab64c462f71d12f,28,72
8f8c2e21a8370bd633ebae17dfa8b993,2b25af12c00b357c1688b7ed941082e0,57,86
b076f52c6b130e43fabab8b3333308d3,33191b1b9ffb00478fcc62f0d8068820,32,75
c035a33aa5d33e438f6924c70ddbd3fd,f935ae7d32859d9615cd4be21475cda7,41,93
08f7368f75498ed627c50b55bad89656,46b576bb99487bfd5f031b4ba9670cf0,41,80
e98726bce5b6e1d4d5bebee751a5b430,08f7368f75498ed627c50b55bad89656,35,81
e98726bce5b6e1d4d5bebee751a5b430,46b576bb99487bfd5f031b4ba9670cf0,30,77
8d4f7df5fca3afd864066dae4e4705bf,b4da3d168520ca97328dcea5f8a62035,71,
8dac86ed317ccc0f57f09041d8e44496,b076f52c6b130e43fabab8b3333308d3,39,75
e01997d16e5cc01ddff809b533d084b6,e071dee2b84e587e785259bf1f9b39d6,25,74
cb2af4dc40dd0e60e54e4cc8f14d74f1,e071dee2b84e587e785259bf1f9b39d6,38,80
72f0ac1d036ac0c78129df49f18c0ffc,9a4bf6f049fec67323a8814ef5dad677,21,71
0309af813b896833f52901103ffc25a6,6416dbe97520f6f69d12e2bcdb57b957,55,81
64f9431e84ee1bd163e7979969fc8e49,c91f7fad00e1ebe7011b4f089651f404,12,83
c722c2c7bd5aa06d377640a57e8d7656,c91f7fad00e1ebe7011b4f089651f404,12,83
8f8c2e21a8370bd633ebae17dfa8b993,e597b8ac20a71fb28808230ca83276d8,11,76
542ea43d0efef13d3ab8d26c20299a49,4b8ffb2c23ee7a5dea507770ce5ff8d6,59,80
f5050b0349de2b454d339649e23e7494,52f5c12893ba8ee647e3e3a0aa59d554,23,71
9ee5945bbdbebe8f609886878b65225d,b2defe37f0fbea093bf98874fcd42b51,26,84
5366cdfc082b4d474a8700abab2dda0f,dcef4f32e3ca8e72d0e77066ffc5145b,40,84
260d7b2beb49d4131ff72616b49cfd55,dcef4f32e3ca8e72d0e77066ffc5145b,29,81
121908813f59c6e55d2ab2da84929ec9,3173d3fa466c911fdeedb78edb9450d6,47,95
59fc7a90dcaa908069680bee6afaeb1b,d5601e31fa37533f4aee158ed1d156c2,100,
0fed3720a74b8f9f4273b0bed6b1984b,ddf145d8c4987051504e51f4186466f3,31,82
e927f341d29b94c4542c0a614a523f86,ddf145d8c4987051504e51f4186466f3,100,
c722c2c7bd5aa06d377640a57e8d7656,7cab2669bf20377f65e6f0b393d86e7d,12,83
bde1c7678ffa9d80b1995e373739173f,69d2126ae2b2c325ab617cc38a9c6c26,23,73
121908813f59c6e55d2ab2da84929ec9,918449c6fe6d39a251e10df6f4d0de6f,47,95
3173d3fa466c911fdeedb78edb9450d6,918449c6fe6d39a251e10df6f4d0de6f,52,96
7ec0814a292c745d663cfafb035ce5c8,768ff0db5abb94d7614f7e224d94a850,100,
502807d20751680f089824025f4b06ec,7fe52f712e525cc910bf2e17717f3974,100,
518a600ed8fcdd772a6509bba7da988f,488015645aaf78fc29a620dd9fd5e9fa,100,
0720f2938ed92e64c9f66a4a601259fc,fc4aefa35135a3d68ce9b54e0dbc0373,44,93
70d79b653e09111f7d939098acc93d35,3c36d1b1ac9a061be8f322c780e6eb75,100,
c80abc913ad7e0a0133b18233e0bba11,c8f3fa4c15b95faeb858766f39bf4648,56,93
e98726bce5b6e1d4d5bebee751a5b430,3a9e274de0c90785f3e341a7268ecce3,55,77
5366cdfc082b4d474a8700abab2dda0f,cddbaa6e85b4a265819ebb6c9aca9830,26,74
260d7b2beb49d4131ff72616b49cfd55,cddbaa6e85b4a265819ebb6c9aca9830,29,81
fdf32ef5eda995fedd5bda4ff97a70ce,214344a080b101377ac6ff51fc9a6904,58,93
64f9431e84ee1bd163e7979969fc8e49,83cde59a6421d8be8d3ddf25285c8864,100,
ba38f6acd683f3e0b43e783a7d8c8d7e,2246c1a27cc0caf2cf43a686e8f24ca8,42,70
cb2af4dc40dd0e60e54e4cc8f14d74f1,9a089cf1ea12b66c98f2173731368f1b,34,78
dd137572922ae977ccb1b23a0dd1f251,9a089cf1ea12b66c98f2173731368f1b,13,75
7c4b38d165e88bcf406f6f0612b8c903,a8e69de94d339b3dae2bfe707662df24,100,
3c36d1b1ac9a061be8f322c780e6eb75,a8e69de94d339b3dae2bfe707662df24,46,93
c035a33aa5d33e438f6924c70ddbd3fd,96e91f8f936e416d91806b88927ea7e2,10,84
f935ae7d32859d9615cd4be21475cda7,96e91f8f936e416d91806b88927ea7e2,25,84
72f0ac1d036ac0c78129df49f18c0ffc,af64dd66679d8f3e7d7ff2abe4ce83ac,21,71
dda136a3c938a57dace53c138509d313,5af53a39d4528be09051e34ed822708d,70,
267758d941d627ede9c7fe16304d0f93,25cd58d7ac8efc1bc1a59a4274c6b5ae,17,70
3ed533a276a13cc9cabc250d9df4aeba,e9297212abf5820de613fd567d5fd76b,100,
dc1fa6908933f9ea77c5c97acb0df95e,9edc7d1be8fb5da3f234d7cc074d7962,54,75
6898e0bfa9b8f485c3dff1f1f0c33b66,9edc7d1be8fb5da3f234d7cc074d7962,36,73
8912e554cd71c23e84b777fbe99c14d7,45fc34cbccbecf2837d9f804ec7895d8,62,75
809c5b782795c1ba3da4de1a6ed1ddc8,9edc7d1be8fb5da3f234d7cc074d7962,40,76
0b2d3f617b32e102ca6010ee2bf4efe7,8722be0729170a497eca009b40f22348,85,
809c5b782795c1ba3da4de1a6ed1ddc8,b20ccc21b199a427f9cc93f62e6f28dd,40,73
874c86be3685308fb1139f674b3e8c3c,bb97673cf41e74cf0c4e182307e11cb0,30,70
3ef9d30adc4be972f391fa4f1139120d,b557e9decbde49a93011e82827b40671,23,76
29884c8dc780ce080bea2118cae8b086,574050a39696e14dca96d3f2d12f967f,10,71
0c686dfb2f6ee7799b3d9343b71862f8,0fab8ac44a061513483adc60a04535f6,23,79
bc823fd15a22cc07ed7b42f895961e2a,75dfec0d2f994252ad9f965488b4dff1,100,
cb031db97c9356368021826d3fbbb444,297c617e357fc72d0ef8d8140e182adf,14,84
af64dd66679d8f3e7d7ff2abe4ce83ac,9a4bf6f049fec67323a8814ef5dad677,53,80
52f5c12893ba8ee647e3e3a0aa59d554,9a4bf6f049fec67323a8814ef5dad677,59,80
3ef9d30adc4be972f391fa4f1139120d,1f6a17187ab37bf0ab4c3146d7a1769e,13,70
1cc7188a5d2f4583812c0d1ce926a0b9,9f6e8af8007f92aa4edf9433dfbfcf91,100,
b3c545c2158cb67f870ad20963805ab7,3b4ca9b6b702b6aa84be4723fa7bc9a8,11,70
746526bdf90f16f7d8f779e296cc9f25,e037b42b41d67561e36f2312b54e268f,48,72
b557e9decbde49a93011e82827b40671,1d6da87ed37d3272f4a521f5463aada3,52,80
9949ca6cc53e672654a19e388ebff6cd,f3e7a4b2947caa1eb74ccba990ae8fd9,100,
6898e0bfa9b8f485c3dff1f1f0c33b66,c7b3fbb055a222ec237e8f03c85ffe3b,13,76
809c5b782795c1ba3da4de1a6ed1ddc8,652106f792025da3cb9a68fc3e73c044,50,76
54b636953555e5d79a22fddf2af6c784,c7b3fbb055a222ec237e8f03c85ffe3b,12,78
53f3bb1c5f751541f26008e5012926d9,46af1f7c5bcd4db1d73107c959a3ebab,51,81
af64dd66679d8f3e7d7ff2abe4ce83ac,a730488a44a45520a46bd3f1cf61e0cb,51,75
52f5c12893ba8ee647e3e3a0aa59d554,a730488a44a45520a46bd3f1cf61e0cb,56,78
47eb1c2ce5f593eea610d4a9849b1884,f873615496004c253dda686305edfc1c,30,74
999548f9880da7421eeca3bf7c12f640,bc823fd15a22cc07ed7b42f895961e2a,67,81
97866ac98cf1ed38a56e2ff1c10d26ca,1bc88c6b2a1b97992bda03f7db67820a,100,
a3f4816df4ac272803d9b5fa01f4ccbb,f873615496004c253dda686305edfc1c,39,88
329ebf4dbf726400cd830564b49da494,2c59c468c9db5f4235f6aacd8f710f8b,14,76
615b077dc1527ae9dfc8d8789b5d51a8,a6f170180a3f4ed71ea9c91a57edfb81,100,
6898e0bfa9b8f485c3dff1f1f0c33b66,54b636953555e5d79a22fddf2af6c784,36,76
c7cd54a0d3902c89ea369f8bfa398e15,5a2f53dc95d5325787c424e44e9a3015,61,80
329ebf4dbf726400cd830564b49da494,bb98e71a7185c0cba7c18a371b724944,24,79
90583781b41c1dc82d98a0dd7beb801f,5a2f53dc95d5325787c424e44e9a3015,29,71
49f86d43a17a57fd392c3a1682a8669d,48a367e2319362127fa9a7bbfcc8aae7,87,
37052f1bdfc61e6dfcb581e7aab4e952,c7cd54a0d3902c89ea369f8bfa398e15,61,76
2cd2a3617e5c6dfecdb8dec902962db4,7d1b359102faa9204af226d63c90e59a,57,92
f945de5626cd569b19e66e2d8dd69fd0,c7cd54a0d3902c89ea369f8bfa398e15,52,80
3310f92314838767d14a0b555f6f2d18,f7e795bd55a50120e64e29e022aae967,25,83
a9935fc8c809107f91042c68726b532d,080d1e63a5c52a3e171676decc6f8665,82,
bc823fd15a22cc07ed7b42f895961e2a,4195d56016da836ea5de57c6e1872a10,100,
e064f5a2cd8bdfad06673309140938a8,e824ad416c1739d6f9787d47fdd5152f,52,90
75dfec0d2f994252ad9f965488b4dff1,4195d56016da836ea5de57c6e1872a10,100,
e71e9bdb8cc625f674d29b25806ecfcf,9de71449ed22ad205dd58051a19f11f8,12,80
142b63214415c3c60a0ff805a0b7cf14,07a7014cb611a3fb86540005f30be5e9,73,
35c71f518e59bd79a92e1f249deb96f9,20914b0f3795d8757eebcb31829ab40b,100,
af64dd66679d8f3e7d7ff2abe4ce83ac,52f5c12893ba8ee647e3e3a0aa59d554,59,75
37052f1bdfc61e6dfcb581e7aab4e952,429418c7e2ead92ea5dade18c36ca798,48,78
f945de5626cd569b19e66e2d8dd69fd0,429418c7e2ead92ea5dade18c36ca798,34,74
c7cd54a0d3902c89ea369f8bfa398e15,429418c7e2ead92ea5dade18c36ca798,61,76
93157582484a79d9567e21922dbd31e5,035c108d4556f5e61ca1e5468278965d,49,87
cb50f036b99c39cac7b192a129a14f09,4d132242925e01dde73937d3f61f4a4c,52,82
37052f1bdfc61e6dfcb581e7aab4e952,f945de5626cd569b19e66e2d8dd69fd0,34,77
0c686dfb2f6ee7799b3d9343b71862f8,53c069c6a66e5ec2908ae34ddf68dcbc,16,70
0fab8ac44a061513483adc60a04535f6,53c069c6a66e5ec2908ae34ddf68dcbc,16,73
434395dc924eead3dbec7314131cd950,b1d16ff65fb575aaf8853077b2dd24f5,49,70
809c5b782795c1ba3da4de1a6ed1ddc8,7725e217881054504753209bc83f1f9c,22,73
809c5b782795c1ba3da4de1a6ed1ddc8,267758d941d627ede9c7fe16304d0f93,22,73
87254e7309fde339266264d400fad154,8693f72058b186ea1dd107a31133b534,100,
88985367bf1f6b642a7e826ae980a5ef,5ef0105b62f4de93fdcc1b97e290e8e4,37,78
d5f966548c45af15c057da86c2c7b482,3453a2fa7a88f8814c02975d1e3ceae2,25,82
9aefede01437bc4d8f7f01bc30e1ea98,b3c545c2158cb67f870ad20963805ab7,10,73
f044966bb5d387f00e95ff0839bd5568,55c22e9ab0dbd2d9c9c0e5f98772a586,65,74
9bceda4ab56113b256f5e08fe29ecc21,3a231923da7481fd6093ec354056f9d7,14,76
19dac7f0a4eba96d0513305bf635297b,e8095f74eff63834ae2cc6d98b2abd86,51,90
72026c37258d3a596edad59cb4fabf97,3a231923da7481fd6093ec354056f9d7,14,76
eca0b4bb89016fd18fada95a1c7cd6b8,bb6a52793f9a7960b4ddf091ac250c05,28,75
4774ce688f987d9b28f45d44a0fe8a5a,c4b6032200386e488dfc04d4842dbc2b,15,75
60da33bef35380b5dcc077bfa5a36719,3c28c3b5c45e072dd97c5c7b34e93ac2,50,88
541140644b362ce138da9a7f722b4874,1967767c837c69f3ce845e6cca046ea1,100,
76c7c1ab9eaf77551160fac185b20c3e,5f572776d1f3f502d219386fde765621,43,84
14dbb84721ed3b21baad713564d74bab,400d91efb7378ff40651bc31f9512024,51,72
4fd6f05dacf0c8d4e3a9e8c553232b0a,e2e7d0407b89b8c1f35df2cc9c3471f4,26,77
e59c4b42045671a4097628f2bd9f5951,135524546b389d23f4419b18c7aa8ecf,13,74
dcef4f32e3ca8e72d0e77066ffc5145b,cddbaa6e85b4a265819ebb6c9aca9830,100,
eebb2e6369c9cfaa7ca0ca6b4c25e94f,e0e1b940b7bfdda834634bead17b91b8,36,74
885b8f19593ffe62edef718499de3d75,7111a7d096743720093fdb81cacfb981,100,
e0fdfa38f1e755d99ebd3d279d6f66ad,72026c37258d3a596edad59cb4fabf97,61,90
6b8966dc949eacfd8781ad74adba7b8b,9c0e65500c41ecdf24fdc9bcdecfadac,21,75
6abea58938f9906136bcb3689069f5c8,72026c37258d3a596edad59cb4fabf97,64,93
9bceda4ab56113b256f5e08fe29ecc21,72026c37258d3a596edad59cb4fabf97,100,
7f6c6b0d6d5f4bce81279db97549b30d,f9eca0e3f14c90487e69dd0d3e15b046,100,
4cc2ba227ef2ae1c814cb140d53351ab,8c9a06396e1c2b63b65f90ddaa313406,100,
880c68d71d5a66610aef9857e1d98cf7,72026c37258d3a596edad59cb4fabf97,20,76
78a053741a6735198f38c89196658899,a93797cd4d85b3afa07b930d8fb1739a,21,89
e0fdfa38f1e755d99ebd3d279d6f66ad,abdec930a432c1a6f8d816c1cb3d85e2,26,81
abdec930a432c1a6f8d816c1cb3d85e2,72026c37258d3a596edad59cb4fabf97,20,76
68d8b86a652bdcfaec1e9aa3518a2f22,973241f0c93a3a45f179c68655902c33,27,80
6abea58938f9906136bcb3689069f5c8,abdec930a432c1a6f8d816c1cb3d85e2,26,81
880c68d71d5a66610aef9857e1d98cf7,abdec930a432c1a6f8d816c1cb3d85e2,44,86
8aa82311095d6d8b8eb77344e0f0e9b9,5bedd7f7c5ec78665901912696bd302d,20,72
5e3cf6c45659dff4beb6e48b0e590ced,4071cb60564fbd785b8d50328c44c3ec,33,84
1a256afa07293a492e349d4ddd8da780,5bedd7f7c5ec78665901912696bd302d,36,89
1ca879e5dc6950f8ba828f6f4bc50311,048fa0f493b3018b79b52fc7b70b374b,31,82
0eb803da01f77182d0cc4287b4ed04e1,048fa0f493b3018b79b52fc7b70b374b,31,82
79dd86cc350d746068d2a58a382f8b3b,06f55126a7f333b332fe9cb98f26ea95,39,75
7f6c6b0d6d5f4bce81279db97549b30d,5d7397b4e1f830c29f70e27a13bbb724,17,81
e0fdfa38f1e755d99ebd3d279d6f66ad,880c68d71d5a66610aef9857e1d98cf7,26,81
f872e83dfdb5ae32e67677b21a3ee73f,b1d16ff65fb575aaf8853077b2dd24f5,55,70
82cc250371a080c4e4a9e30c9f4d104f,5fb3b854b84151703deee03f3e14304a,40,73
e0fdfa38f1e755d99ebd3d279d6f66ad,9bceda4ab56113b256f5e08fe29ecc21,66,92
6abea58938f9906136bcb3689069f5c8,880c68d71d5a66610aef9857e1d98cf7,26,81
1ca879e5dc6950f8ba828f6f4bc50311,0eb803da01f77182d0cc4287b4ed04e1,52,82
7cab2669bf20377f65e6f0b393d86e7d,61bae61929cd7b3dee2a2d0269817464,100,
6abea58938f9906136bcb3689069f5c8,9bceda4ab56113b256f5e08fe29ecc21,64,93
94153b12fe39fcd8398376d151b0fb6e,0da45b284385dad9e7cdcbcf21f9e953,52,88
880c68d71d5a66610aef9857e1d98cf7,9bceda4ab56113b256f5e08fe29ecc21,20,76
abdec930a432c1a6f8d816c1cb3d85e2,9bceda4ab56113b256f5e08fe29ecc21,20,76
ee66f47d60a16db544fd7dd4e982b55d,85f8e66a5781d1c060a9277baac2c01c,100,
7cab2669bf20377f65e6f0b393d86e7d,c91f7fad00e1ebe7011b4f089651f404,100,
ee66f47d60a16db544fd7dd4e982b55d,32f8fead74e56afd65e1a9a2074b04d0,100,
b3b047e45e4c5caba26b91440bbed4b1,3f794e9c03819143a1a796b23e3713d2,30,73
8d229acca6880f2c66243bf0fb4366dc,6465d88b128d68b9f0b457a9ab4cc5b7,16,75
9d2db67c9e99927bff188343ab13a4b8,3f794e9c03819143a1a796b23e3713d2,30,73
c83a2f6130b8c009b045bfda5c99f5f5,3f794e9c03819143a1a796b23e3713d2,100,
f16f1ff67c430009c57c8634ee7cff16,6e086ac3c1018541befc4eec664f36e9,28,71
ee66f47d60a16db544fd7dd4e982b55d,95f2a4113af3c6d76fd6b2e943fb2d1f,100,
07f2bf57168ac014ac797a757d1e43f4,fb2936a1b177c091249eedc2b761e723,25,79
343cb9097da183e60d52e0b8b31c20e0,85b59e057981e53558ea4e3e727215ec,100,
772a45c37777215dc516be56182e72a5,f16f1ff67c430009c57c8634ee7cff16,13,71
e0fdfa38f1e755d99ebd3d279d6f66ad,6abea58938f9906136bcb3689069f5c8,100,
79dd86cc350d746068d2a58a382f8b3b,db44caabc0ecefa3bd3d4b169622627a,34,86
60da33bef35380b5dcc077bfa5a36719,abba862807038ae52accc670bf32321c,34,80
3c28c3b5c45e072dd97c5c7b34e93ac2,abba862807038ae52accc670bf32321c,34,80
b2defe37f0fbea093bf98874fcd42b51,99fc8f567b7a786285a28753cebf33b4,15,71
1f768034a4490d1b9956853ae4265b38,8d447faec5829076657b8d2ec5931287,31,72
8dcebbaa6b6047e3d8b5abb63d1e61a0,cda30abe0547d8da0d1ff2d1040186eb,36,88
b3b047e45e4c5caba26b91440bbed4b1,9d2db67c9e99927bff188343ab13a4b8,100,
519952fb528a2fb46d95b259fbc788d8,8aa82311095d6d8b8eb77344e0f0e9b9,53,90
6553d54144833ac8187709e1c78ae939,0e397ab833ac03e782ef8a3f1b47e0b5,100,
d3cda0c2066e9b980696e27f9cace570,215aa7f86414f906316d18ac4a6c5675,32,85
5552355625eb4d8dc3b899b2e01d0e97,c94629dc5ed80038994c89abb5fc3400,21,82
229c81bab1183c210e0ffa2d89b69592,9681d5336965a40c1321787788af095b,100,
