group_id,group_size,avg_similarity,total_methods,deleted_count,deleted_ratio,is_fully_deleted,is_partially_deleted,is_surviving
177,4,83.33333333333333,4,0,0.0,False,False,True
128,5,82.83333333333333,5,0,0.0,False,False,True
571,2,71.0,2,1,0.5,False,True,False
1577,1,0.0,2,0,0.0,False,False,True
581,2,72.0,2,0,0.0,False,False,True
65,7,83.28571428571429,11,0,0.0,False,False,True
309,3,81.5,3,0,0.0,False,False,True
694,2,79.0,2,0,0.0,False,False,True
1576,1,0.0,2,2,1.0,True,False,False
573,2,80.0,2,0,0.0,False,False,True
129,5,86.0,5,1,0.2,False,True,False
5,27,78.91176470588235,27,0,0.0,False,False,True
591,2,74.0,2,0,0.0,False,False,True
308,3,83.0,3,3,1.0,True,False,False
595,2,78.0,2,2,1.0,True,False,False
572,2,89.0,2,0,0.0,False,False,True
130,5,75.6,5,5,1.0,True,False,False
576,2,73.0,2,2,1.0,True,False,False
316,3,79.0,3,0,0.0,False,False,True
693,2,78.0,2,0,0.0,False,False,True
575,2,73.0,2,2,1.0,True,False,False
577,2,89.0,2,1,0.5,False,True,False
574,2,74.0,2,2,1.0,True,False,False
178,4,88.66666666666667,4,3,0.75,False,True,False
578,2,90.0,2,0,0.0,False,False,True
310,3,78.33333333333333,5,3,0.6,False,True,False
132,5,77.625,5,3,0.6,False,True,False
584,2,86.0,2,0,0.0,False,False,True
579,2,81.0,2,0,0.0,False,False,True
580,2,90.0,2,0,0.0,False,False,True
593,2,73.0,2,0,0.0,False,False,True
582,2,78.0,2,0,0.0,False,False,True
600,2,93.0,2,2,1.0,True,False,False
583,2,84.0,2,1,0.5,False,True,False
596,2,87.0,2,1,0.5,False,True,False
317,3,80.0,3,1,0.3333333333333333,False,True,False
589,2,76.0,2,1,0.5,False,True,False
695,2,75.0,2,0,0.0,False,False,True
336,3,85.5,3,0,0.0,False,False,True
311,3,76.5,4,0,0.0,False,False,True
586,2,85.0,2,0,0.0,False,False,True
585,2,70.0,2,0,0.0,False,False,True
587,2,86.0,2,0,0.0,False,False,True
588,2,70.0,2,0,0.0,False,False,True
313,3,100.0,3,3,1.0,True,False,False
609,2,100.0,2,0,0.0,False,False,True
312,3,92.5,3,0,0.0,False,False,True
590,2,93.0,2,0,0.0,False,False,True
611,2,77.0,2,0,0.0,False,False,True
604,2,100.0,2,0,0.0,False,False,True
606,2,75.0,2,2,1.0,True,False,False
607,2,100.0,2,0,0.0,False,False,True
315,3,100.0,3,0,0.0,False,False,True
608,2,100.0,2,0,0.0,False,False,True
613,2,74.0,2,1,0.5,False,True,False
319,3,76.0,3,0,0.0,False,False,True
597,2,81.0,2,0,0.0,False,False,True
614,2,78.0,2,0,0.0,False,False,True
610,2,100.0,2,0,0.0,False,False,True
592,2,100.0,2,0,0.0,False,False,True
626,2,90.0,2,0,0.0,False,False,True
314,3,100.0,3,0,0.0,False,False,True
598,2,100.0,2,0,0.0,False,False,True
594,2,79.0,2,0,0.0,False,False,True
602,2,100.0,2,0,0.0,False,False,True
603,2,88.0,2,0,0.0,False,False,True
599,2,100.0,2,0,0.0,False,False,True
672,2,77.0,2,0,0.0,False,False,True
325,3,89.33333333333333,3,0,0.0,False,False,True
642,2,94.0,2,0,0.0,False,False,True
17,14,81.13793103448276,14,0,0.0,False,False,True
318,3,100.0,3,0,0.0,False,False,True
179,4,87.33333333333333,4,0,0.0,False,False,True
4,30,80.3030303030303,30,0,0.0,False,False,True
650,2,75.0,2,0,0.0,False,False,True
66,7,88.16666666666667,7,0,0.0,False,False,True
601,2,100.0,2,0,0.0,False,False,True
631,2,100.0,2,0,0.0,False,False,True
638,2,84.0,2,2,1.0,True,False,False
636,2,100.0,2,0,0.0,False,False,True
605,2,100.0,2,0,0.0,False,False,True
641,2,100.0,2,0,0.0,False,False,True
67,7,85.5,7,0,0.0,False,False,True
617,2,80.0,2,0,0.0,False,False,True
616,2,83.0,2,0,0.0,False,False,True
131,5,86.8,5,0,0.0,False,False,True
646,2,89.0,2,0,0.0,False,False,True
627,2,72.0,2,0,0.0,False,False,True
180,4,89.16666666666667,4,0,0.0,False,False,True
648,2,100.0,2,0,0.0,False,False,True
678,2,89.0,2,0,0.0,False,False,True
1578,1,0.0,2,0,0.0,False,False,True
680,2,87.0,2,0,0.0,False,False,True
681,2,87.0,2,0,0.0,False,False,True
679,2,75.0,2,0,0.0,False,False,True
30,10,83.07142857142857,12,0,0.0,False,False,True
682,2,93.0,2,0,0.0,False,False,True
133,5,100.0,5,0,0.0,False,False,True
619,2,100.0,2,0,0.0,False,False,True
615,2,100.0,2,0,0.0,False,False,True
612,2,100.0,2,0,0.0,False,False,True
620,2,100.0,2,0,0.0,False,False,True
666,2,82.0,2,0,0.0,False,False,True
639,2,100.0,2,0,0.0,False,False,True
621,2,100.0,2,0,0.0,False,False,True
684,2,85.0,2,0,0.0,False,False,True
625,2,78.0,2,0,0.0,False,False,True
618,2,70.0,2,0,0.0,False,False,True
623,2,84.0,2,0,0.0,False,False,True
181,4,73.4,4,0,0.0,False,False,True
629,2,100.0,2,0,0.0,False,False,True
665,2,76.0,2,0,0.0,False,False,True
633,2,90.0,2,0,0.0,False,False,True
320,3,100.0,3,0,0.0,False,False,True
632,2,100.0,2,0,0.0,False,False,True
667,2,100.0,2,0,0.0,False,False,True
653,2,100.0,2,0,0.0,False,False,True
321,3,73.0,3,0,0.0,False,False,True
622,2,77.0,2,0,0.0,False,False,True
184,4,75.5,4,0,0.0,False,False,True
640,2,83.0,2,0,0.0,False,False,True
668,2,87.0,2,0,0.0,False,False,True
182,4,78.66666666666667,4,0,0.0,False,False,True
635,2,100.0,2,0,0.0,False,False,True
662,2,100.0,2,0,0.0,False,False,True
94,6,80.6,6,0,0.0,False,False,True
624,2,74.0,2,1,0.5,False,True,False
673,2,83.0,2,0,0.0,False,False,True
628,2,87.0,2,0,0.0,False,False,True
91,6,86.2,6,0,0.0,False,False,True
643,2,76.0,2,0,0.0,False,False,True
630,2,73.0,2,0,0.0,False,False,True
675,2,70.0,2,0,0.0,False,False,True
692,2,75.0,2,0,0.0,False,False,True
634,2,79.0,2,0,0.0,False,False,True
322,3,72.0,3,1,0.3333333333333333,False,True,False
20,12,81.96428571428571,12,0,0.0,False,False,True
333,3,80.0,3,0,0.0,False,False,True
332,3,79.5,3,0,0.0,False,False,True
687,2,76.0,2,0,0.0,False,False,True
53,8,76.0,8,0,0.0,False,False,True
134,5,89.0,5,0,0.0,False,False,True
637,2,100.0,2,0,0.0,False,False,True
329,3,84.0,3,0,0.0,False,False,True
95,6,76.2,6,0,0.0,False,False,True
93,6,73.2,6,0,0.0,False,False,True
689,2,88.0,2,0,0.0,False,False,True
331,3,82.33333333333333,3,0,0.0,False,False,True
330,3,76.5,3,0,0.0,False,False,True
183,4,83.8,4,2,0.5,False,True,False
327,3,90.0,3,0,0.0,False,False,True
326,3,72.5,3,0,0.0,False,False,True
657,2,100.0,2,0,0.0,False,False,True
652,2,100.0,2,0,0.0,False,False,True
644,2,100.0,2,0,0.0,False,False,True
334,3,83.0,3,0,0.0,False,False,True
324,3,91.5,3,0,0.0,False,False,True
654,2,70.0,2,0,0.0,False,False,True
674,2,87.0,2,0,0.0,False,False,True
685,2,71.0,2,0,0.0,False,False,True
645,2,90.0,2,0,0.0,False,False,True
688,2,87.0,2,0,0.0,False,False,True
683,2,85.0,2,0,0.0,False,False,True
677,2,72.0,2,0,0.0,False,False,True
323,3,78.0,3,0,0.0,False,False,True
690,2,77.0,2,0,0.0,False,False,True
691,2,92.0,2,0,0.0,False,False,True
647,2,100.0,2,0,0.0,False,False,True
651,2,88.0,2,0,0.0,False,False,True
649,2,79.0,2,0,0.0,False,False,True
92,6,73.42857142857143,6,0,0.0,False,False,True
655,2,72.0,2,0,0.0,False,False,True
658,2,100.0,2,0,0.0,False,False,True
659,2,90.0,2,0,0.0,False,False,True
686,2,76.0,2,0,0.0,False,False,True
671,2,81.0,2,0,0.0,False,False,True
660,2,100.0,2,0,0.0,False,False,True
335,3,78.66666666666667,3,0,0.0,False,False,True
661,2,79.0,2,0,0.0,False,False,True
656,2,94.0,2,2,1.0,True,False,False
676,2,70.0,2,0,0.0,False,False,True
664,2,90.0,2,0,0.0,False,False,True
328,3,100.0,3,1,0.3333333333333333,False,True,False
663,2,88.0,2,0,0.0,False,False,True
669,2,95.0,2,0,0.0,False,False,True
670,2,82.0,2,0,0.0,False,False,True
794,2,79.0,2,1,0.5,False,True,False
696,2,100.0,2,0,0.0,False,False,True
728,2,78.0,2,0,0.0,False,False,True
201,4,77.0,4,0,0.0,False,False,True
337,3,84.0,3,0,0.0,False,False,True
701,2,76.0,2,1,0.5,False,True,False
757,2,72.0,2,0,0.0,False,False,True
185,4,82.66666666666667,4,0,0.0,False,False,True
697,2,100.0,2,0,0.0,False,False,True
700,2,100.0,2,0,0.0,False,False,True
347,3,78.66666666666667,3,0,0.0,False,False,True
2,34,78.70270270270271,38,2,0.05263157894736842,False,True,False
353,3,87.5,3,0,0.0,False,False,True
187,4,91.0,4,4,1.0,True,False,False
729,2,100.0,2,0,0.0,False,False,True
698,2,100.0,2,0,0.0,False,False,True
100,6,80.57142857142857,6,0,0.0,False,False,True
188,4,89.0,4,0,0.0,False,False,True
699,2,100.0,2,0,0.0,False,False,True
354,3,89.5,3,0,0.0,False,False,True
352,3,84.66666666666667,3,0,0.0,False,False,True
708,2,70.0,2,0,0.0,False,False,True
706,2,100.0,2,0,0.0,False,False,True
703,2,100.0,2,0,0.0,False,False,True
99,6,85.25,6,0,0.0,False,False,True
96,6,96.0,6,5,0.8333333333333334,False,True,False
68,7,77.75,7,0,0.0,False,False,True
731,2,80.0,2,0,0.0,False,False,True
705,2,100.0,2,0,0.0,False,False,True
730,2,85.0,2,0,0.0,False,False,True
189,4,93.0,4,0,0.0,False,False,True
186,4,100.0,4,0,0.0,False,False,True
36,9,84.92307692307692,9,0,0.0,False,False,True
707,2,100.0,2,0,0.0,False,False,True
341,3,85.66666666666667,3,0,0.0,False,False,True
722,2,77.0,2,0,0.0,False,False,True
738,2,95.0,2,0,0.0,False,False,True
772,2,89.0,2,0,0.0,False,False,True
739,2,100.0,2,0,0.0,False,False,True
725,2,80.0,2,0,0.0,False,False,True
762,2,90.0,2,0,0.0,False,False,True
193,4,83.33333333333333,4,0,0.0,False,False,True
732,2,95.0,2,0,0.0,False,False,True
737,2,76.0,2,0,0.0,False,False,True
194,4,84.0,4,2,0.5,False,True,False
743,2,89.0,2,0,0.0,False,False,True
197,4,80.66666666666667,4,0,0.0,False,False,True
745,2,92.0,2,0,0.0,False,False,True
747,2,90.0,2,0,0.0,False,False,True
749,2,87.0,2,0,0.0,False,False,True
751,2,79.0,2,0,0.0,False,False,True
752,2,74.0,2,0,0.0,False,False,True
753,2,92.0,2,0,0.0,False,False,True
754,2,84.0,2,0,0.0,False,False,True
756,2,75.0,2,0,0.0,False,False,True
759,2,75.0,2,0,0.0,False,False,True
764,2,90.0,2,0,0.0,False,False,True
37,9,82.0,9,0,0.0,False,False,True
702,2,92.0,2,0,0.0,False,False,True
98,6,84.66666666666667,6,0,0.0,False,False,True
69,7,75.5,7,0,0.0,False,False,True
135,5,77.5,5,0,0.0,False,False,True
704,2,93.0,2,0,0.0,False,False,True
741,2,89.0,2,1,0.5,False,True,False
355,3,85.5,3,0,0.0,False,False,True
763,2,100.0,2,0,0.0,False,False,True
735,2,100.0,2,0,0.0,False,False,True
192,4,85.33333333333333,4,0,0.0,False,False,True
709,2,73.0,2,0,0.0,False,False,True
790,2,86.0,2,1,0.5,False,True,False
710,2,100.0,2,0,0.0,False,False,True
97,6,90.0,6,0,0.0,False,False,True
190,4,83.75,4,0,0.0,False,False,True
766,2,100.0,2,0,0.0,False,False,True
744,2,84.0,2,0,0.0,False,False,True
711,2,70.0,2,0,0.0,False,False,True
768,2,91.0,2,0,0.0,False,False,True
726,2,76.0,2,0,0.0,False,False,True
340,3,100.0,3,3,1.0,True,False,False
349,3,79.66666666666667,3,1,0.3333333333333333,False,True,False
727,2,76.0,2,0,0.0,False,False,True
198,4,76.4,4,0,0.0,False,False,True
767,2,88.0,2,0,0.0,False,False,True
199,4,73.33333333333333,4,0,0.0,False,False,True
9,20,88.07317073170732,20,5,0.25,False,True,False
346,3,96.0,3,0,0.0,False,False,True
769,2,90.0,2,0,0.0,False,False,True
338,3,88.5,3,0,0.0,False,False,True
339,3,100.0,3,1,0.3333333333333333,False,True,False
736,2,80.0,2,0,0.0,False,False,True
343,3,100.0,3,0,0.0,False,False,True
742,2,100.0,2,0,0.0,False,False,True
351,3,100.0,3,0,0.0,False,False,True
713,2,100.0,2,0,0.0,False,False,True
733,2,81.0,2,0,0.0,False,False,True
344,3,100.0,3,0,0.0,False,False,True
773,2,100.0,2,0,0.0,False,False,True
781,2,70.0,2,0,0.0,False,False,True
748,2,81.0,2,0,0.0,False,False,True
734,2,92.0,2,0,0.0,False,False,True
717,2,87.0,2,0,0.0,False,False,True
71,7,90.71428571428572,7,0,0.0,False,False,True
716,2,75.0,2,0,0.0,False,False,True
715,2,75.0,2,0,0.0,False,False,True
348,3,81.0,3,0,0.0,False,False,True
712,2,100.0,2,0,0.0,False,False,True
746,2,75.0,2,0,0.0,False,False,True
191,4,100.0,4,0,0.0,False,False,True
782,2,100.0,2,0,0.0,False,False,True
783,2,100.0,2,0,0.0,False,False,True
740,2,74.0,2,0,0.0,False,False,True
357,3,100.0,3,0,0.0,False,False,True
777,2,85.0,2,0,0.0,False,False,True
784,2,76.0,2,0,0.0,False,False,True
714,2,100.0,2,0,0.0,False,False,True
792,2,70.0,2,0,0.0,False,False,True
750,2,100.0,2,0,0.0,False,False,True
718,2,100.0,2,0,0.0,False,False,True
779,2,83.0,2,0,0.0,False,False,True
358,3,75.0,3,0,0.0,False,False,True
719,2,100.0,2,0,0.0,False,False,True
200,4,76.75,4,0,0.0,False,False,True
791,2,91.0,2,1,0.5,False,True,False
721,2,73.0,2,0,0.0,False,False,True
136,5,97.83333333333331,5,0,0.0,False,False,True
785,2,91.0,2,0,0.0,False,False,True
796,2,88.0,2,0,0.0,False,False,True
720,2,93.0,2,0,0.0,False,False,True
793,2,81.0,2,0,0.0,False,False,True
70,7,80.0,7,1,0.14285714285714285,False,True,False
771,2,78.0,2,1,0.5,False,True,False
788,2,87.0,2,0,0.0,False,False,True
770,2,90.0,2,0,0.0,False,False,True
786,2,100.0,2,0,0.0,False,False,True
798,2,77.0,2,2,1.0,True,False,False
758,2,76.0,2,2,1.0,True,False,False
795,2,83.0,2,0,0.0,False,False,True
797,2,86.0,2,0,0.0,False,False,True
787,2,100.0,2,0,0.0,False,False,True
760,2,86.0,2,0,0.0,False,False,True
755,2,76.0,2,0,0.0,False,False,True
38,9,77.85714285714286,9,0,0.0,False,False,True
345,3,94.33333333333331,3,0,0.0,False,False,True
137,5,76.16666666666667,5,1,0.2,False,True,False
789,2,100.0,2,0,0.0,False,False,True
195,4,82.8,4,0,0.0,False,False,True
342,3,88.0,3,0,0.0,False,False,True
723,2,100.0,2,0,0.0,False,False,True
761,2,89.0,2,0,0.0,False,False,True
350,3,100.0,3,0,0.0,False,False,True
724,2,82.0,2,0,0.0,False,False,True
196,4,92.66666666666669,4,0,0.0,False,False,True
138,5,81.2,5,0,0.0,False,False,True
765,2,100.0,2,0,0.0,False,False,True
774,2,72.0,2,0,0.0,False,False,True
356,3,86.0,3,0,0.0,False,False,True
775,2,100.0,2,0,0.0,False,False,True
776,2,100.0,2,0,0.0,False,False,True
778,2,100.0,2,0,0.0,False,False,True
780,2,96.0,2,0,0.0,False,False,True
809,2,83.0,2,2,1.0,True,False,False
801,2,72.0,2,0,0.0,False,False,True
202,4,100.0,4,0,0.0,False,False,True
813,2,73.0,2,0,0.0,False,False,True
799,2,82.0,2,0,0.0,False,False,True
206,4,80.16666666666667,4,0,0.0,False,False,True
203,4,82.25,4,0,0.0,False,False,True
800,2,73.0,2,0,0.0,False,False,True
72,7,82.3,7,0,0.0,False,False,True
204,4,73.0,4,0,0.0,False,False,True
829,2,90.0,2,0,0.0,False,False,True
359,3,84.33333333333333,3,0,0.0,False,False,True
840,2,79.0,2,0,0.0,False,False,True
815,2,86.0,2,0,0.0,False,False,True
805,2,70.0,2,0,0.0,False,False,True
888,2,80.0,2,0,0.0,False,False,True
887,2,81.0,2,0,0.0,False,False,True
210,4,80.66666666666667,4,0,0.0,False,False,True
869,2,71.0,2,0,0.0,False,False,True
876,2,78.0,2,0,0.0,False,False,True
817,2,100.0,2,0,0.0,False,False,True
386,3,79.0,3,0,0.0,False,False,True
845,2,77.0,2,0,0.0,False,False,True
806,2,86.0,2,0,0.0,False,False,True
207,4,75.33333333333333,4,0,0.0,False,False,True
870,2,94.0,2,0,0.0,False,False,True
18,14,78.76190476190476,14,0,0.0,False,False,True
375,3,100.0,3,1,0.3333333333333333,False,True,False
205,4,74.4,4,0,0.0,False,False,True
369,3,100.0,3,0,0.0,False,False,True
818,2,82.0,2,0,0.0,False,False,True
843,2,100.0,2,0,0.0,False,False,True
816,2,100.0,2,0,0.0,False,False,True
379,3,75.66666666666667,3,0,0.0,False,False,True
139,5,77.33333333333333,5,0,0.0,False,False,True
862,2,85.0,2,0,0.0,False,False,True
819,2,86.0,2,0,0.0,False,False,True
856,2,100.0,2,0,0.0,False,False,True
370,3,79.66666666666667,3,0,0.0,False,False,True
208,4,78.5,4,0,0.0,False,False,True
837,2,82.0,2,0,0.0,False,False,True
891,2,80.0,2,0,0.0,False,False,True
866,2,91.0,2,1,0.5,False,True,False
216,4,84.8,4,2,0.5,False,True,False
892,2,72.0,2,0,0.0,False,False,True
847,2,73.0,2,0,0.0,False,False,True
214,4,72.0,4,0,0.0,False,False,True
850,2,80.0,2,0,0.0,False,False,True
385,3,83.0,3,0,0.0,False,False,True
371,3,93.66666666666669,3,0,0.0,False,False,True
839,2,77.0,2,0,0.0,False,False,True
860,2,83.0,2,0,0.0,False,False,True
802,2,89.0,2,0,0.0,False,False,True
886,2,76.0,2,0,0.0,False,False,True
873,2,70.0,2,1,0.5,False,True,False
209,4,77.0,4,0,0.0,False,False,True
374,3,74.33333333333333,3,0,0.0,False,False,True
849,2,92.0,2,0,0.0,False,False,True
360,3,100.0,3,0,0.0,False,False,True
378,3,85.0,3,0,0.0,False,False,True
838,2,91.0,2,0,0.0,False,False,True
141,5,75.88888888888889,5,0,0.0,False,False,True
833,2,84.0,2,0,0.0,False,False,True
874,2,86.0,2,0,0.0,False,False,True
362,3,100.0,3,0,0.0,False,False,True
854,2,77.0,2,0,0.0,False,False,True
855,2,100.0,2,0,0.0,False,False,True
387,3,72.66666666666667,3,0,0.0,False,False,True
803,2,82.0,2,0,0.0,False,False,True
875,2,76.0,2,0,0.0,False,False,True
821,2,100.0,2,0,0.0,False,False,True
363,3,100.0,3,2,0.6666666666666666,False,True,False
884,2,96.0,2,0,0.0,False,False,True
830,2,81.0,2,1,0.5,False,True,False
857,2,72.0,2,0,0.0,False,False,True
822,2,80.0,2,2,1.0,True,False,False
877,2,100.0,2,0,0.0,False,False,True
804,2,92.0,2,2,1.0,True,False,False
859,2,70.0,2,0,0.0,False,False,True
835,2,92.0,2,0,0.0,False,False,True
836,2,78.0,2,0,0.0,False,False,True
361,3,85.0,3,0,0.0,False,False,True
140,5,81.8,5,0,0.0,False,False,True
825,2,89.0,2,0,0.0,False,False,True
897,2,72.0,2,0,0.0,False,False,True
807,2,88.0,2,0,0.0,False,False,True
56,8,80.0909090909091,8,0,0.0,False,False,True
101,6,79.33333333333333,6,0,0.0,False,False,True
826,2,100.0,2,0,0.0,False,False,True
372,3,100.0,3,0,0.0,False,False,True
364,3,81.33333333333333,3,1,0.3333333333333333,False,True,False
54,8,90.72727272727272,8,1,0.125,False,True,False
211,4,93.25,4,0,0.0,False,False,True
365,3,100.0,3,0,0.0,False,False,True
864,2,100.0,2,0,0.0,False,False,True
381,3,82.33333333333333,3,0,0.0,False,False,True
366,3,83.0,3,0,0.0,False,False,True
865,2,84.0,2,0,0.0,False,False,True
808,2,100.0,2,1,0.5,False,True,False
215,4,100.0,4,0,0.0,False,False,True
863,2,100.0,2,0,0.0,False,False,True
213,4,84.0,4,0,0.0,False,False,True
382,3,100.0,3,0,0.0,False,False,True
367,3,77.5,3,0,0.0,False,False,True
867,2,100.0,2,0,0.0,False,False,True
828,2,77.0,2,0,0.0,False,False,True
383,3,86.66666666666667,3,0,0.0,False,False,True
810,2,93.0,2,0,0.0,False,False,True
894,2,83.0,2,2,1.0,True,False,False
73,7,81.6923076923077,7,0,0.0,False,False,True
893,2,78.0,2,0,0.0,False,False,True
868,2,85.0,2,2,1.0,True,False,False
896,2,100.0,2,0,0.0,False,False,True
890,2,92.0,2,0,0.0,False,False,True
812,2,72.0,2,0,0.0,False,False,True
811,2,73.0,2,1,0.5,False,True,False
217,4,81.66666666666667,4,0,0.0,False,False,True
895,2,85.0,2,1,0.5,False,True,False
212,4,77.0,4,0,0.0,False,False,True
74,7,75.85714285714286,7,0,0.0,False,False,True
368,3,100.0,3,0,0.0,False,False,True
55,8,83.81818181818181,8,0,0.0,False,False,True
1,40,76.03508771929825,40,0,0.0,False,False,True
831,2,76.0,2,0,0.0,False,False,True
376,3,87.66666666666667,3,0,0.0,False,False,True
380,3,89.0,3,0,0.0,False,False,True
814,2,79.0,2,0,0.0,False,False,True
832,2,88.0,2,0,0.0,False,False,True
871,2,100.0,2,0,0.0,False,False,True
377,3,73.66666666666667,3,0,0.0,False,False,True
880,2,85.0,2,0,0.0,False,False,True
881,2,93.0,2,0,0.0,False,False,True
878,2,83.0,2,0,0.0,False,False,True
879,2,88.0,2,0,0.0,False,False,True
384,3,75.0,3,0,0.0,False,False,True
142,5,77.8,5,0,0.0,False,False,True
841,2,86.0,2,0,0.0,False,False,True
882,2,92.0,2,0,0.0,False,False,True
872,2,98.0,2,0,0.0,False,False,True
885,2,77.0,2,0,0.0,False,False,True
883,2,88.0,2,0,0.0,False,False,True
898,2,87.0,2,0,0.0,False,False,True
820,2,100.0,2,0,0.0,False,False,True
842,2,83.0,2,0,0.0,False,False,True
899,2,74.0,2,0,0.0,False,False,True
823,2,100.0,2,0,0.0,False,False,True
844,2,100.0,2,0,0.0,False,False,True
846,2,100.0,2,0,0.0,False,False,True
848,2,82.0,2,0,0.0,False,False,True
851,2,100.0,2,0,0.0,False,False,True
852,2,100.0,2,0,0.0,False,False,True
834,2,73.0,2,0,0.0,False,False,True
853,2,70.0,2,0,0.0,False,False,True
824,2,100.0,2,0,0.0,False,False,True
858,2,100.0,2,0,0.0,False,False,True
827,2,81.0,2,0,0.0,False,False,True
861,2,85.0,2,0,0.0,False,False,True
373,3,96.66666666666669,3,0,0.0,False,False,True
889,2,81.0,2,0,0.0,False,False,True
975,2,87.0,2,0,0.0,False,False,True
900,2,84.0,2,0,0.0,False,False,True
405,3,79.33333333333333,3,2,0.6666666666666666,False,True,False
992,2,77.0,2,2,1.0,True,False,False
218,4,81.25,4,2,0.5,False,True,False
901,2,88.0,2,2,1.0,True,False,False
951,2,81.0,2,2,1.0,True,False,False
955,2,100.0,2,0,0.0,False,False,True
224,4,76.33333333333333,4,1,0.25,False,True,False
902,2,86.0,2,2,1.0,True,False,False
219,4,85.66666666666667,4,0,0.0,False,False,True
903,2,85.0,2,0,0.0,False,False,True
906,2,90.0,2,2,1.0,True,False,False
905,2,81.0,2,2,1.0,True,False,False
977,2,88.0,2,2,1.0,True,False,False
388,3,74.0,3,3,1.0,True,False,False
412,3,79.0,3,0,0.0,False,False,True
907,2,100.0,2,0,0.0,False,False,True
904,2,87.0,2,0,0.0,False,False,True
960,2,71.0,2,0,0.0,False,False,True
910,2,87.0,2,0,0.0,False,False,True
909,2,85.0,2,0,0.0,False,False,True
916,2,82.0,2,0,0.0,False,False,True
969,2,75.0,2,0,0.0,False,False,True
912,2,100.0,2,0,0.0,False,False,True
410,3,84.0,4,2,0.5,False,True,False
1579,1,0.0,2,2,1.0,True,False,False
965,2,83.0,2,1,0.5,False,True,False
414,3,80.5,3,0,0.0,False,False,True
921,2,90.0,2,0,0.0,False,False,True
407,3,82.0,3,1,0.3333333333333333,False,True,False
908,2,100.0,2,0,0.0,False,False,True
914,2,72.0,2,0,0.0,False,False,True
961,2,93.0,2,1,0.5,False,True,False
102,6,81.1,6,2,0.3333333333333333,False,True,False
413,3,74.5,3,0,0.0,False,False,True
913,2,88.0,2,0,0.0,False,False,True
220,4,78.66666666666667,4,2,0.5,False,True,False
911,2,89.0,2,0,0.0,False,False,True
962,2,73.0,2,1,0.5,False,True,False
980,2,84.0,2,0,0.0,False,False,True
229,4,94.33333333333331,4,2,0.5,False,True,False
963,2,93.0,2,1,0.5,False,True,False
915,2,100.0,2,0,0.0,False,False,True
964,2,80.0,2,1,0.5,False,True,False
966,2,75.0,2,1,0.5,False,True,False
75,7,77.57142857142857,7,3,0.42857142857142855,False,True,False
996,2,87.0,2,0,0.0,False,False,True
919,2,71.0,2,0,0.0,False,False,True
976,2,100.0,2,0,0.0,False,False,True
389,3,78.5,3,0,0.0,False,False,True
994,2,76.0,2,0,0.0,False,False,True
391,3,76.33333333333333,3,0,0.0,False,False,True
983,2,92.0,2,0,0.0,False,False,True
993,2,76.0,2,0,0.0,False,False,True
917,2,89.0,2,0,0.0,False,False,True
970,2,85.0,2,1,0.5,False,True,False
21,12,80.55555555555556,13,1,0.07692307692307693,False,True,False
982,2,100.0,2,0,0.0,False,False,True
978,2,83.0,2,0,0.0,False,False,True
918,2,100.0,2,0,0.0,False,False,True
920,2,88.0,2,0,0.0,False,False,True
39,9,83.38095238095238,9,1,0.1111111111111111,False,True,False
143,5,74.66666666666667,6,0,0.0,False,False,True
231,4,76.25,4,0,0.0,False,False,True
925,2,100.0,2,0,0.0,False,False,True
390,3,72.5,3,1,0.3333333333333333,False,True,False
923,2,70.0,2,0,0.0,False,False,True
924,2,82.0,2,0,0.0,False,False,True
922,2,74.0,2,0,0.0,False,False,True
979,2,72.0,2,0,0.0,False,False,True
997,2,91.0,2,0,0.0,False,False,True
1001,2,78.0,2,0,0.0,False,False,True
999,2,70.0,2,2,1.0,True,False,False
943,2,76.0,2,0,0.0,False,False,True
981,2,91.0,2,0,0.0,False,False,True
392,3,80.5,3,0,0.0,False,False,True
12,19,84.36666666666666,19,1,0.05263157894736842,False,True,False
941,2,89.0,2,0,0.0,False,False,True
987,2,85.0,2,0,0.0,False,False,True
972,2,83.0,2,1,0.5,False,True,False
988,2,77.0,2,0,0.0,False,False,True
948,2,90.0,2,0,0.0,False,False,True
415,3,100.0,3,0,0.0,False,False,True
986,2,72.0,2,0,0.0,False,False,True
953,2,75.0,2,0,0.0,False,False,True
991,2,76.0,2,0,0.0,False,False,True
406,3,72.0,3,0,0.0,False,False,True
928,2,81.0,2,0,0.0,False,False,True
221,4,84.6,4,0,0.0,False,False,True
393,3,80.5,3,0,0.0,False,False,True
1000,2,79.0,2,0,0.0,False,False,True
971,2,89.0,2,0,0.0,False,False,True
958,2,90.0,2,0,0.0,False,False,True
929,2,96.0,2,0,0.0,False,False,True
967,2,87.0,2,0,0.0,False,False,True
1004,2,82.0,2,0,0.0,False,False,True
1008,2,87.0,2,0,0.0,False,False,True
926,2,93.0,2,0,0.0,False,False,True
927,2,84.0,2,0,0.0,False,False,True
394,3,89.33333333333333,3,0,0.0,False,False,True
968,2,73.0,2,0,0.0,False,False,True
6,27,78.38271604938272,27,1,0.037037037037037035,False,True,False
930,2,89.0,2,0,0.0,False,False,True
22,12,76.3076923076923,12,0,0.0,False,False,True
40,9,81.0,9,0,0.0,False,False,True
1005,2,100.0,2,0,0.0,False,False,True
1002,2,72.0,2,0,0.0,False,False,True
989,2,78.0,2,0,0.0,False,False,True
230,4,81.0,4,0,0.0,False,False,True
3,33,78.76363636363637,33,0,0.0,False,False,True
232,4,85.0,4,0,0.0,False,False,True
932,2,73.0,2,0,0.0,False,False,True
395,3,82.0,3,0,0.0,False,False,True
396,3,84.5,3,0,0.0,False,False,True
990,2,88.0,2,0,0.0,False,False,True
57,8,78.3125,8,0,0.0,False,False,True
985,2,85.0,2,0,0.0,False,False,True
931,2,96.0,2,0,0.0,False,False,True
933,2,72.0,2,0,0.0,False,False,True
223,4,77.66666666666667,4,1,0.25,False,True,False
935,2,87.0,2,0,0.0,False,False,True
937,2,74.0,2,0,0.0,False,False,True
934,2,71.0,2,0,0.0,False,False,True
397,3,83.5,3,0,0.0,False,False,True
411,3,80.5,3,0,0.0,False,False,True
936,2,84.0,2,0,0.0,False,False,True
952,2,71.0,2,0,0.0,False,False,True
222,4,80.66666666666667,4,0,0.0,False,False,True
984,2,79.0,2,0,0.0,False,False,True
227,4,80.5,4,0,0.0,False,False,True
974,2,83.0,2,0,0.0,False,False,True
1007,2,76.0,2,0,0.0,False,False,True
938,2,80.0,2,0,0.0,False,False,True
1012,2,100.0,2,0,0.0,False,False,True
995,2,78.0,2,0,0.0,False,False,True
409,3,85.5,3,0,0.0,False,False,True
954,2,92.0,2,1,0.5,False,True,False
416,3,73.5,3,0,0.0,False,False,True
947,2,95.0,2,0,0.0,False,False,True
1009,2,70.0,2,0,0.0,False,False,True
23,11,83.16363636363636,11,0,0.0,False,False,True
31,10,77.91666666666667,10,0,0.0,False,False,True
973,2,84.0,2,0,0.0,False,False,True
998,2,73.0,2,1,0.5,False,True,False
1010,2,100.0,2,0,0.0,False,False,True
1013,2,82.0,2,0,0.0,False,False,True
1011,2,80.0,2,0,0.0,False,False,True
939,2,88.0,2,0,0.0,False,False,True
959,2,85.0,2,0,0.0,False,False,True
1003,2,87.0,2,0,0.0,False,False,True
940,2,75.0,2,0,0.0,False,False,True
1006,2,96.0,2,0,0.0,False,False,True
944,2,79.0,2,0,0.0,False,False,True
400,3,87.66666666666667,3,0,0.0,False,False,True
398,3,94.33333333333331,3,1,0.3333333333333333,False,True,False
1014,2,100.0,2,0,0.0,False,False,True
945,2,77.0,2,0,0.0,False,False,True
1015,2,75.0,2,0,0.0,False,False,True
956,2,91.0,2,0,0.0,False,False,True
957,2,90.0,2,0,0.0,False,False,True
408,3,79.0,3,0,0.0,False,False,True
228,4,82.0,4,0,0.0,False,False,True
225,4,84.66666666666667,4,0,0.0,False,False,True
942,2,72.0,2,0,0.0,False,False,True
399,3,83.66666666666667,3,0,0.0,False,False,True
226,4,89.0,4,0,0.0,False,False,True
402,3,87.0,3,0,0.0,False,False,True
401,3,83.0,3,0,0.0,False,False,True
946,2,79.0,2,0,0.0,False,False,True
949,2,72.0,2,0,0.0,False,False,True
950,2,100.0,2,0,0.0,False,False,True
403,3,73.0,3,0,0.0,False,False,True
404,3,75.0,3,0,0.0,False,False,True
1018,2,83.0,2,0,0.0,False,False,True
1017,2,73.0,2,0,0.0,False,False,True
1016,2,77.0,2,0,0.0,False,False,True
233,4,90.66666666666669,4,0,0.0,False,False,True
1019,2,100.0,2,0,0.0,False,False,True
14,18,78.49090909090908,18,0,0.0,False,False,True
417,3,89.33333333333333,3,3,1.0,True,False,False
1020,2,88.0,2,0,0.0,False,False,True
1073,2,80.0,2,0,0.0,False,False,True
144,5,75.75,5,1,0.2,False,True,False
1074,2,79.0,2,0,0.0,False,False,True
418,3,78.66666666666667,3,0,0.0,False,False,True
420,3,79.66666666666667,3,0,0.0,False,False,True
434,3,80.0,3,0,0.0,False,False,True
1027,2,92.0,2,0,0.0,False,False,True
1023,2,100.0,2,0,0.0,False,False,True
1080,2,78.0,2,0,0.0,False,False,True
439,3,77.0,3,0,0.0,False,False,True
235,4,75.25,4,0,0.0,False,False,True
41,9,81.22222222222223,9,0,0.0,False,False,True
1055,2,70.0,2,0,0.0,False,False,True
1077,2,77.0,2,0,0.0,False,False,True
1040,2,70.0,2,0,0.0,False,False,True
425,3,91.0,3,0,0.0,False,False,True
1102,2,76.0,2,0,0.0,False,False,True
240,4,82.33333333333333,4,0,0.0,False,False,True
1032,2,72.0,2,0,0.0,False,False,True
1024,2,82.0,2,0,0.0,False,False,True
419,3,82.0,3,0,0.0,False,False,True
1086,2,71.0,2,1,0.5,False,True,False
1062,2,80.0,2,0,0.0,False,False,True
1098,2,73.0,2,0,0.0,False,False,True
1021,2,89.0,2,0,0.0,False,False,True
78,7,82.0,7,0,0.0,False,False,True
440,3,76.0,3,0,0.0,False,False,True
234,4,92.66666666666669,4,0,0.0,False,False,True
426,3,79.66666666666667,3,1,0.3333333333333333,False,True,False
1045,2,86.0,2,0,0.0,False,False,True
1022,2,77.0,2,0,0.0,False,False,True
42,9,81.06666666666666,9,0,0.0,False,False,True
1031,2,75.0,2,0,0.0,False,False,True
1025,2,86.0,2,1,0.5,False,True,False
1081,2,84.0,2,0,0.0,False,False,True
238,4,75.5,4,1,0.25,False,True,False
421,3,77.5,3,0,0.0,False,False,True
145,5,78.0,5,2,0.4,False,True,False
433,3,78.0,3,0,0.0,False,False,True
236,4,73.0,4,0,0.0,False,False,True
1100,2,78.0,2,0,0.0,False,False,True
33,10,79.53333333333333,10,0,0.0,False,False,True
242,4,83.66666666666667,4,0,0.0,False,False,True
237,4,76.5,4,0,0.0,False,False,True
1028,2,75.0,2,2,1.0,True,False,False
1063,2,72.0,2,2,1.0,True,False,False
1084,2,91.0,2,0,0.0,False,False,True
8,22,78.86764705882354,22,0,0.0,False,False,True
1049,2,79.0,2,1,0.5,False,True,False
146,5,75.0,5,3,0.6,False,True,False
1054,2,70.0,2,2,1.0,True,False,False
1072,2,70.0,2,0,0.0,False,False,True
239,4,79.33333333333333,4,0,0.0,False,False,True
1088,2,78.0,2,0,0.0,False,False,True
241,4,78.75,4,0,0.0,False,False,True
1082,2,75.0,2,1,0.5,False,True,False
1083,2,85.0,2,0,0.0,False,False,True
1085,2,83.0,2,0,0.0,False,False,True
1087,2,87.0,2,2,1.0,True,False,False
422,3,81.0,3,0,0.0,False,False,True
1026,2,82.0,2,0,0.0,False,False,True
1041,2,88.0,2,1,0.5,False,True,False
148,5,85.0,5,4,0.8,False,True,False
1071,2,83.0,2,0,0.0,False,False,True
1076,2,81.0,2,0,0.0,False,False,True
423,3,70.0,3,0,0.0,False,False,True
1075,2,81.0,2,0,0.0,False,False,True
32,10,79.66666666666667,10,0,0.0,False,False,True
1033,2,80.0,2,0,0.0,False,False,True
428,3,81.0,3,0,0.0,False,False,True
1042,2,93.0,2,0,0.0,False,False,True
1034,2,88.0,2,0,0.0,False,False,True
79,7,84.71428571428571,8,2,0.25,False,True,False
1029,2,77.0,2,0,0.0,False,False,True
1035,2,92.0,2,0,0.0,False,False,True
1064,2,82.0,2,0,0.0,False,False,True
1582,1,0.0,2,0,0.0,False,False,True
1580,1,0.0,2,0,0.0,False,False,True
424,3,73.5,3,0,0.0,False,False,True
1090,2,70.0,2,0,0.0,False,False,True
1043,2,83.0,2,0,0.0,False,False,True
442,3,87.5,3,0,0.0,False,False,True
1078,2,70.0,2,0,0.0,False,False,True
1079,2,81.0,2,0,0.0,False,False,True
243,4,98.0,4,0,0.0,False,False,True
1091,2,88.0,2,0,0.0,False,False,True
1056,2,95.0,2,0,0.0,False,False,True
1044,2,89.0,2,0,0.0,False,False,True
1036,2,72.0,2,0,0.0,False,False,True
429,3,80.0,3,0,0.0,False,False,True
151,5,83.2,5,0,0.0,False,False,True
147,5,75.71428571428571,5,0,0.0,False,False,True
1037,2,88.0,2,0,0.0,False,False,True
1089,2,84.0,2,0,0.0,False,False,True
1030,2,85.0,2,0,0.0,False,False,True
1057,2,100.0,2,0,0.0,False,False,True
1093,2,81.0,2,0,0.0,False,False,True
1038,2,72.0,2,0,0.0,False,False,True
430,3,82.5,3,0,0.0,False,False,True
438,3,81.0,3,3,1.0,True,False,False
427,3,88.33333333333333,3,2,0.6666666666666666,False,True,False
1046,2,78.0,2,0,0.0,False,False,True
1065,2,80.0,2,0,0.0,False,False,True
1094,2,88.0,2,0,0.0,False,False,True
1058,2,70.0,2,0,0.0,False,False,True
432,3,79.0,3,0,0.0,False,False,True
1059,2,81.0,2,0,0.0,False,False,True
149,5,77.5,5,0,0.0,False,False,True
443,3,80.0,3,0,0.0,False,False,True
76,7,72.66666666666667,7,1,0.14285714285714285,False,True,False
431,3,81.66666666666667,3,0,0.0,False,False,True
152,5,90.2,5,0,0.0,False,False,True
246,4,90.5,4,0,0.0,False,False,True
77,7,82.18181818181819,7,0,0.0,False,False,True
10,20,77.49019607843137,20,1,0.05,False,True,False
244,4,84.83333333333333,4,0,0.0,False,False,True
1039,2,90.0,2,0,0.0,False,False,True
1099,2,72.0,2,0,0.0,False,False,True
150,5,78.5,5,0,0.0,False,False,True
1581,1,0.0,2,0,0.0,False,False,True
1047,2,71.0,2,0,0.0,False,False,True
1092,2,96.0,2,0,0.0,False,False,True
1066,2,81.0,2,0,0.0,False,False,True
103,6,78.8,6,0,0.0,False,False,True
1048,2,71.0,2,0,0.0,False,False,True
1060,2,71.0,2,0,0.0,False,False,True
1070,2,83.0,2,0,0.0,False,False,True
1050,2,82.0,2,0,0.0,False,False,True
1061,2,90.0,2,0,0.0,False,False,True
1104,2,81.0,2,0,0.0,False,False,True
1583,1,0.0,2,0,0.0,False,False,True
1067,2,89.0,2,0,0.0,False,False,True
441,3,81.33333333333333,3,0,0.0,False,False,True
1051,2,78.0,2,1,0.5,False,True,False
1103,2,80.0,2,0,0.0,False,False,True
154,5,74.375,5,0,0.0,False,False,True
245,4,87.0,4,0,0.0,False,False,True
58,8,76.375,8,0,0.0,False,False,True
1068,2,90.0,2,0,0.0,False,False,True
1052,2,89.0,2,0,0.0,False,False,True
1108,2,72.0,2,0,0.0,False,False,True
104,6,78.33333333333333,6,0,0.0,False,False,True
435,3,75.33333333333333,3,0,0.0,False,False,True
1053,2,92.0,2,0,0.0,False,False,True
1107,2,84.0,2,0,0.0,False,False,True
1095,2,75.0,2,0,0.0,False,False,True
153,5,74.5,5,0,0.0,False,False,True
1109,2,74.0,2,0,0.0,False,False,True
1069,2,92.0,2,0,0.0,False,False,True
1096,2,84.0,2,0,0.0,False,False,True
437,3,74.5,3,0,0.0,False,False,True
436,3,77.0,3,0,0.0,False,False,True
1097,2,82.0,2,0,0.0,False,False,True
1101,2,100.0,2,0,0.0,False,False,True
444,3,71.33333333333333,3,0,0.0,False,False,True
1105,2,91.0,2,0,0.0,False,False,True
59,8,77.53333333333333,8,0,0.0,False,False,True
1106,2,88.0,2,0,0.0,False,False,True
445,3,84.0,3,0,0.0,False,False,True
1110,2,83.0,2,0,0.0,False,False,True
1121,2,92.0,2,0,0.0,False,False,True
247,4,80.0,4,0,0.0,False,False,True
1122,2,74.0,2,0,0.0,False,False,True
446,3,81.66666666666667,3,0,0.0,False,False,True
1111,2,100.0,2,0,0.0,False,False,True
1126,2,75.0,2,0,0.0,False,False,True
105,6,80.625,6,0,0.0,False,False,True
1116,2,100.0,2,0,0.0,False,False,True
1113,2,76.0,2,0,0.0,False,False,True
1112,2,86.0,2,0,0.0,False,False,True
1165,2,72.0,2,0,0.0,False,False,True
1114,2,85.0,2,0,0.0,False,False,True
1115,2,83.0,2,0,0.0,False,False,True
1124,2,70.0,2,0,0.0,False,False,True
466,3,78.5,3,0,0.0,False,False,True
447,3,95.0,3,0,0.0,False,False,True
11,20,78.46666666666667,20,0,0.0,False,False,True
1118,2,92.0,2,0,0.0,False,False,True
43,9,78.16666666666667,9,4,0.4444444444444444,False,True,False
248,4,95.66666666666669,4,0,0.0,False,False,True
1127,2,86.0,2,2,1.0,True,False,False
1187,2,77.0,2,0,0.0,False,False,True
453,3,71.0,3,0,0.0,False,False,True
1117,2,100.0,2,0,0.0,False,False,True
450,3,98.66666666666669,3,0,0.0,False,False,True
1138,2,76.0,2,0,0.0,False,False,True
1129,2,92.0,2,0,0.0,False,False,True
454,3,100.0,3,3,1.0,True,False,False
448,3,100.0,3,0,0.0,False,False,True
1131,2,100.0,2,2,1.0,True,False,False
1168,2,81.0,2,0,0.0,False,False,True
449,3,88.0,3,3,1.0,True,False,False
1130,2,74.0,2,0,0.0,False,False,True
1119,2,90.0,2,0,0.0,False,False,True
1128,2,90.0,2,0,0.0,False,False,True
1132,2,100.0,2,1,0.5,False,True,False
1120,2,100.0,2,0,0.0,False,False,True
455,3,89.33333333333333,3,0,0.0,False,False,True
467,3,74.66666666666667,3,0,0.0,False,False,True
252,4,79.33333333333333,4,1,0.25,False,True,False
452,3,100.0,3,0,0.0,False,False,True
1133,2,79.0,2,1,0.5,False,True,False
1171,2,72.0,2,0,0.0,False,False,True
1185,2,73.0,2,0,0.0,False,False,True
451,3,83.0,3,0,0.0,False,False,True
156,5,82.7,5,0,0.0,False,False,True
1136,2,91.0,2,0,0.0,False,False,True
1123,2,77.0,2,0,0.0,False,False,True
249,4,84.5,4,0,0.0,False,False,True
1169,2,90.0,2,0,0.0,False,False,True
459,3,88.0,3,0,0.0,False,False,True
1125,2,96.0,2,0,0.0,False,False,True
1139,2,87.0,2,0,0.0,False,False,True
251,4,77.33333333333333,4,0,0.0,False,False,True
155,5,80.5,5,0,0.0,False,False,True
1140,2,86.0,2,0,0.0,False,False,True
457,3,83.66666666666667,3,0,0.0,False,False,True
1144,2,72.0,2,0,0.0,False,False,True
1188,2,71.0,2,0,0.0,False,False,True
1145,2,75.0,2,0,0.0,False,False,True
250,4,91.0,4,0,0.0,False,False,True
255,4,96.33333333333331,4,0,0.0,False,False,True
1142,2,72.0,2,0,0.0,False,False,True
1135,2,73.0,2,0,0.0,False,False,True
469,3,76.66666666666667,3,0,0.0,False,False,True
1167,2,70.0,2,0,0.0,False,False,True
1182,2,77.0,2,0,0.0,False,False,True
107,6,74.0,6,0,0.0,False,False,True
471,3,86.0,3,0,0.0,False,False,True
1154,2,77.0,2,0,0.0,False,False,True
1178,2,93.0,2,0,0.0,False,False,True
1192,2,80.0,2,0,0.0,False,False,True
1134,2,86.0,2,0,0.0,False,False,True
465,3,81.0,3,0,0.0,False,False,True
1137,2,76.0,2,0,0.0,False,False,True
1173,2,75.0,2,0,0.0,False,False,True
1155,2,70.0,2,0,0.0,False,False,True
1143,2,71.0,2,0,0.0,False,False,True
1151,2,71.0,2,0,0.0,False,False,True
1147,2,100.0,2,0,0.0,False,False,True
1149,2,100.0,2,0,0.0,False,False,True
1177,2,100.0,2,0,0.0,False,False,True
1150,2,87.0,2,0,0.0,False,False,True
1194,2,76.0,2,1,0.5,False,True,False
456,3,71.0,3,0,0.0,False,False,True
460,3,83.66666666666667,3,0,0.0,False,False,True
1170,2,73.0,2,0,0.0,False,False,True
1152,2,86.0,2,0,0.0,False,False,True
1148,2,87.0,2,0,0.0,False,False,True
458,3,87.5,3,0,0.0,False,False,True
80,7,76.08333333333333,7,7,1.0,True,False,False
1174,2,83.0,2,0,0.0,False,False,True
1157,2,82.0,2,0,0.0,False,False,True
1175,2,91.0,2,0,0.0,False,False,True
157,5,86.33333333333333,5,0,0.0,False,False,True
1176,2,100.0,2,0,0.0,False,False,True
44,9,75.0,9,0,0.0,False,False,True
1179,2,72.0,2,0,0.0,False,False,True
34,10,83.2,10,0,0.0,False,False,True
1141,2,88.0,2,0,0.0,False,False,True
1146,2,100.0,2,0,0.0,False,False,True
158,5,81.14285714285714,5,2,0.4,False,True,False
1158,2,73.0,2,0,0.0,False,False,True
1180,2,74.0,2,0,0.0,False,False,True
1163,2,83.0,2,0,0.0,False,False,True
1181,2,85.0,2,0,0.0,False,False,True
1189,2,93.0,2,0,0.0,False,False,True
1153,2,100.0,2,0,0.0,False,False,True
254,4,79.0,4,0,0.0,False,False,True
81,7,74.5,7,0,0.0,False,False,True
1195,2,77.0,2,0,0.0,False,False,True
253,4,82.16666666666667,4,0,0.0,False,False,True
463,3,75.5,3,0,0.0,False,False,True
1162,2,74.0,2,0,0.0,False,False,True
1183,2,73.0,2,0,0.0,False,False,True
1184,2,83.0,2,0,0.0,False,False,True
106,6,87.2,7,0,0.0,False,False,True
464,3,79.0,3,0,0.0,False,False,True
1172,2,73.0,2,0,0.0,False,False,True
1160,2,80.0,2,0,0.0,False,False,True
1156,2,90.0,2,0,0.0,False,False,True
1186,2,80.0,2,0,0.0,False,False,True
461,3,85.0,3,0,0.0,False,False,True
462,3,86.66666666666667,3,0,0.0,False,False,True
1166,2,100.0,2,0,0.0,False,False,True
1159,2,76.0,2,2,1.0,True,False,False
1161,2,82.0,2,0,0.0,False,False,True
45,9,79.6923076923077,9,0,0.0,False,False,True
1164,2,78.0,2,2,1.0,True,False,False
1190,2,88.0,2,0,0.0,False,False,True
468,3,84.0,3,0,0.0,False,False,True
1191,2,87.0,2,0,0.0,False,False,True
470,3,75.33333333333333,3,0,0.0,False,False,True
1193,2,80.0,2,0,0.0,False,False,True
159,5,80.2,5,0,0.0,False,False,True
1208,2,100.0,2,0,0.0,False,False,True
1210,2,91.0,2,0,0.0,False,False,True
1214,2,100.0,2,0,0.0,False,False,True
256,4,91.66666666666669,4,0,0.0,False,False,True
257,4,85.5,4,0,0.0,False,False,True
260,4,84.66666666666667,4,0,0.0,False,False,True
108,6,79.16666666666667,6,0,0.0,False,False,True
1215,2,70.0,2,0,0.0,False,False,True
1196,2,92.0,2,1,0.5,False,True,False
1198,2,88.0,2,0,0.0,False,False,True
1199,2,88.0,2,1,0.5,False,True,False
472,3,100.0,3,0,0.0,False,False,True
1202,2,70.0,2,0,0.0,False,False,True
473,3,77.5,3,0,0.0,False,False,True
480,3,83.5,3,0,0.0,False,False,True
1197,2,100.0,2,0,0.0,False,False,True
1218,2,93.0,2,0,0.0,False,False,True
267,4,77.0,4,0,0.0,False,False,True
1231,2,89.0,2,0,0.0,False,False,True
109,6,80.0,6,0,0.0,False,False,True
258,4,82.5,4,0,0.0,False,False,True
486,3,86.0,3,0,0.0,False,False,True
19,14,73.53333333333333,14,0,0.0,False,False,True
1200,2,100.0,2,2,1.0,True,False,False
1204,2,100.0,2,1,0.5,False,True,False
1278,2,71.0,2,0,0.0,False,False,True
1280,2,71.0,2,0,0.0,False,False,True
1252,2,79.0,2,0,0.0,False,False,True
474,3,93.0,3,0,0.0,False,False,True
1240,2,80.0,2,0,0.0,False,False,True
1237,2,73.0,2,0,0.0,False,False,True
479,3,82.0,3,0,0.0,False,False,True
265,4,82.66666666666667,4,0,0.0,False,False,True
1233,2,71.0,2,0,0.0,False,False,True
259,4,77.0,4,0,0.0,False,False,True
1250,2,74.0,2,0,0.0,False,False,True
1239,2,73.0,2,0,0.0,False,False,True
1256,2,100.0,2,0,0.0,False,False,True
1206,2,93.0,2,0,0.0,False,False,True
1258,2,100.0,2,0,0.0,False,False,True
1235,2,87.0,2,0,0.0,False,False,True
1265,2,85.0,2,0,0.0,False,False,True
1211,2,88.0,2,0,0.0,False,False,True
1203,2,70.0,2,0,0.0,False,False,True
1212,2,70.0,2,0,0.0,False,False,True
1201,2,79.0,2,0,0.0,False,False,True
1260,2,85.0,2,0,0.0,False,False,True
478,3,78.0,3,0,0.0,False,False,True
1242,2,82.0,2,0,0.0,False,False,True
1266,2,72.0,2,0,0.0,False,False,True
475,3,78.33333333333333,3,0,0.0,False,False,True
1244,2,78.0,2,0,0.0,False,False,True
476,3,79.66666666666667,3,0,0.0,False,False,True
477,3,75.5,3,0,0.0,False,False,True
1220,2,84.0,2,0,0.0,False,False,True
482,3,83.0,3,0,0.0,False,False,True
1221,2,70.0,2,0,0.0,False,False,True
1207,2,70.0,2,0,0.0,False,False,True
82,7,80.9090909090909,7,0,0.0,False,False,True
1268,2,76.0,2,0,0.0,False,False,True
1248,2,89.0,2,0,0.0,False,False,True
1205,2,79.0,2,0,0.0,False,False,True
1269,2,70.0,2,0,0.0,False,False,True
1251,2,92.0,2,0,0.0,False,False,True
1209,2,92.0,3,0,0.0,False,False,True
1222,2,100.0,2,0,0.0,False,False,True
1271,2,73.0,2,0,0.0,False,False,True
1223,2,93.0,2,0,0.0,False,False,True
268,4,80.75,4,0,0.0,False,False,True
1273,2,80.0,2,0,0.0,False,False,True
261,4,76.16666666666667,4,0,0.0,False,False,True
1274,2,88.0,2,0,0.0,False,False,True
1253,2,93.0,2,0,0.0,False,False,True
1216,2,81.0,2,0,0.0,False,False,True
1213,2,91.0,2,0,0.0,False,False,True
1217,2,70.0,2,0,0.0,False,False,True
1238,2,81.0,2,0,0.0,False,False,True
1224,2,100.0,2,0,0.0,False,False,True
1270,2,83.0,2,0,0.0,False,False,True
1585,1,0.0,2,0,0.0,False,False,True
7,26,83.87179487179488,27,0,0.0,False,False,True
161,5,79.25,7,0,0.0,False,False,True
262,4,80.4,4,0,0.0,False,False,True
1586,1,0.0,2,0,0.0,False,False,True
1276,2,78.0,2,0,0.0,False,False,True
1227,2,82.0,2,0,0.0,False,False,True
490,3,82.0,3,0,0.0,False,False,True
488,3,77.0,3,0,0.0,False,False,True
491,3,83.0,3,0,0.0,False,False,True
484,3,88.33333333333333,3,0,0.0,False,False,True
264,4,74.0,4,0,0.0,False,False,True
1275,2,100.0,2,0,0.0,False,False,True
1247,2,78.0,2,0,0.0,False,False,True
1219,2,100.0,2,0,0.0,False,False,True
1279,2,77.0,2,0,0.0,False,False,True
1236,2,88.0,2,0,0.0,False,False,True
1296,2,78.0,2,0,0.0,False,False,True
263,4,71.0,4,0,0.0,False,False,True
1226,2,75.0,2,0,0.0,False,False,True
1287,2,79.0,2,0,0.0,False,False,True
487,3,71.66666666666667,4,0,0.0,False,False,True
1228,2,85.0,2,0,0.0,False,False,True
1243,2,89.0,2,0,0.0,False,False,True
1262,2,89.0,2,0,0.0,False,False,True
1225,2,81.0,2,0,0.0,False,False,True
1283,2,83.0,2,0,0.0,False,False,True
160,5,92.9,5,0,0.0,False,False,True
1229,2,75.0,2,0,0.0,False,False,True
1584,1,0.0,2,0,0.0,False,False,True
1281,2,88.0,2,0,0.0,False,False,True
489,3,80.66666666666667,3,0,0.0,False,False,True
46,9,74.9090909090909,9,0,0.0,False,False,True
1289,2,77.0,2,0,0.0,False,False,True
83,7,89.44444444444444,7,0,0.0,False,False,True
1298,2,85.0,2,0,0.0,False,False,True
1230,2,100.0,2,0,0.0,False,False,True
492,3,80.5,3,0,0.0,False,False,True
1288,2,83.0,2,0,0.0,False,False,True
110,6,82.16666666666667,6,6,1.0,True,False,False
1299,2,77.0,2,0,0.0,False,False,True
266,4,78.0,4,0,0.0,False,False,True
1232,2,74.0,2,0,0.0,False,False,True
1234,2,74.0,2,0,0.0,False,False,True
1246,2,85.0,2,0,0.0,False,False,True
1257,2,77.0,2,0,0.0,False,False,True
1241,2,98.0,2,0,0.0,False,False,True
1259,2,97.0,2,0,0.0,False,False,True
1245,2,71.0,2,0,0.0,False,False,True
1294,2,73.0,2,0,0.0,False,False,True
1249,2,100.0,2,0,0.0,False,False,True
269,4,79.33333333333333,4,0,0.0,False,False,True
1297,2,75.0,2,0,0.0,False,False,True
1277,2,72.0,2,0,0.0,False,False,True
481,3,89.0,3,0,0.0,False,False,True
1263,2,91.0,2,0,0.0,False,False,True
1290,2,100.0,2,0,0.0,False,False,True
485,3,94.0,3,0,0.0,False,False,True
1292,2,71.0,2,0,0.0,False,False,True
1291,2,71.0,2,0,0.0,False,False,True
1285,2,77.0,2,0,0.0,False,False,True
483,3,73.5,3,0,0.0,False,False,True
1293,2,84.0,2,0,0.0,False,False,True
493,3,76.0,3,0,0.0,False,False,True
1267,2,90.0,2,0,0.0,False,False,True
1284,2,78.0,2,0,0.0,False,False,True
1255,2,72.0,2,0,0.0,False,False,True
84,7,83.66666666666667,7,0,0.0,False,False,True
111,6,75.55555555555556,6,0,0.0,False,False,True
1295,2,86.0,2,0,0.0,False,False,True
1261,2,78.0,2,0,0.0,False,False,True
1282,2,76.0,2,0,0.0,False,False,True
1286,2,76.0,2,0,0.0,False,False,True
60,8,76.0,8,0,0.0,False,False,True
1264,2,80.0,2,1,0.5,False,True,False
24,11,80.73469387755102,11,0,0.0,False,False,True
15,16,79.89285714285714,17,0,0.0,False,False,True
1272,2,100.0,2,0,0.0,False,False,True
85,7,77.625,7,0,0.0,False,False,True
0,45,80.42553191489361,45,0,0.0,False,False,True
1254,2,75.0,2,0,0.0,False,False,True
525,3,83.5,3,0,0.0,False,False,True
1304,2,86.0,2,0,0.0,False,False,True
1300,2,78.0,2,0,0.0,False,False,True
1378,2,100.0,2,0,0.0,False,False,True
1303,2,100.0,2,0,0.0,False,False,True
505,3,78.5,5,0,0.0,False,False,True
1308,2,87.0,2,0,0.0,False,False,True
1379,2,87.0,2,0,0.0,False,False,True
1301,2,96.0,2,0,0.0,False,False,True
1351,2,82.0,2,0,0.0,False,False,True
498,3,82.0,3,0,0.0,False,False,True
1311,2,80.0,2,0,0.0,False,False,True
1307,2,72.0,2,0,0.0,False,False,True
270,4,77.0,4,0,0.0,False,False,True
1354,2,92.0,2,0,0.0,False,False,True
1302,2,91.0,2,0,0.0,False,False,True
1318,2,89.0,2,0,0.0,False,False,True
1321,2,78.0,2,0,0.0,False,False,True
113,6,87.06666666666666,6,0,0.0,False,False,True
502,3,84.0,3,0,0.0,False,False,True
1309,2,86.0,2,0,0.0,False,False,True
1305,2,74.0,2,0,0.0,False,False,True
25,11,82.3125,11,0,0.0,False,False,True
1312,2,75.0,2,0,0.0,False,False,True
1306,2,71.0,2,0,0.0,False,False,True
1324,2,70.0,2,0,0.0,False,False,True
1587,1,0.0,2,0,0.0,False,False,True
271,4,80.83333333333333,4,0,0.0,False,False,True
1314,2,92.0,2,0,0.0,False,False,True
112,6,79.5,6,0,0.0,False,False,True
115,6,80.57142857142857,6,0,0.0,False,False,True
1325,2,87.0,2,0,0.0,False,False,True
496,3,91.5,3,0,0.0,False,False,True
1390,2,82.0,2,0,0.0,False,False,True
1385,2,75.0,2,0,0.0,False,False,True
497,3,82.5,3,0,0.0,False,False,True
499,3,81.66666666666667,3,0,0.0,False,False,True
1337,2,72.0,2,0,0.0,False,False,True
1386,2,74.0,2,0,0.0,False,False,True
1323,2,96.0,2,0,0.0,False,False,True
1344,2,90.0,2,0,0.0,False,False,True
1359,2,90.0,2,0,0.0,False,False,True
494,3,73.0,3,0,0.0,False,False,True
162,5,73.42857142857143,5,0,0.0,False,False,True
1387,2,83.0,2,0,0.0,False,False,True
1316,2,100.0,2,0,0.0,False,False,True
1319,2,75.0,2,0,0.0,False,False,True
1361,2,100.0,2,0,0.0,False,False,True
1326,2,100.0,2,0,0.0,False,False,True
1369,2,80.0,2,0,0.0,False,False,True
273,4,81.5,4,0,0.0,False,False,True
495,3,87.0,3,0,0.0,False,False,True
26,11,82.65517241379311,11,0,0.0,False,False,True
1370,2,92.0,2,2,1.0,True,False,False
1391,2,94.0,2,0,0.0,False,False,True
1336,2,87.0,2,0,0.0,False,False,True
1320,2,77.0,2,0,0.0,False,False,True
1364,2,82.0,2,0,0.0,False,False,True
1338,2,81.0,2,0,0.0,False,False,True
88,7,81.0,7,0,0.0,False,False,True
1371,2,100.0,2,0,0.0,False,False,True
1372,2,100.0,2,0,0.0,False,False,True
1365,2,77.0,2,0,0.0,False,False,True
35,10,79.86666666666666,10,0,0.0,False,False,True
503,3,74.0,3,0,0.0,False,False,True
86,7,72.16666666666667,7,0,0.0,False,False,True
1373,2,81.0,2,0,0.0,False,False,True
1322,2,72.0,2,0,0.0,False,False,True
1310,2,71.0,2,0,0.0,False,False,True
1313,2,100.0,2,0,0.0,False,False,True
1374,2,100.0,2,0,0.0,False,False,True
1315,2,100.0,2,0,0.0,False,False,True
1376,2,100.0,2,0,0.0,False,False,True
1375,2,86.0,2,0,0.0,False,False,True
272,4,76.0,4,0,0.0,False,False,True
1394,2,71.0,2,0,0.0,False,False,True
526,3,80.0,3,0,0.0,False,False,True
61,8,84.22222222222223,8,0,0.0,False,False,True
1368,2,91.0,2,0,0.0,False,False,True
1377,2,100.0,2,0,0.0,False,False,True
1395,2,74.0,2,0,0.0,False,False,True
1380,2,70.0,2,0,0.0,False,False,True
1352,2,86.0,2,0,0.0,False,False,True
48,9,88.52941176470588,10,0,0.0,False,False,True
1398,2,75.0,2,0,0.0,False,False,True
1392,2,100.0,2,0,0.0,False,False,True
1383,2,74.0,2,0,0.0,False,False,True
1381,2,85.0,2,0,0.0,False,False,True
1382,2,100.0,2,0,0.0,False,False,True
1353,2,78.0,2,0,0.0,False,False,True
1333,2,86.0,2,0,0.0,False,False,True
1401,2,100.0,2,0,0.0,False,False,True
1327,2,100.0,2,0,0.0,False,False,True
510,3,100.0,3,0,0.0,False,False,True
1317,2,82.0,2,0,0.0,False,False,True
1341,2,89.0,2,0,0.0,False,False,True
1384,2,100.0,2,0,0.0,False,False,True
513,3,100.0,3,0,0.0,False,False,True
500,3,100.0,3,0,0.0,False,False,True
1402,2,100.0,2,0,0.0,False,False,True
1329,2,100.0,2,0,0.0,False,False,True
1330,2,70.0,2,0,0.0,False,False,True
166,5,79.33333333333333,5,0,0.0,False,False,True
501,3,96.0,3,0,0.0,False,False,True
511,3,85.0,3,0,0.0,False,False,True
1332,2,87.0,2,0,0.0,False,False,True
114,6,83.13333333333334,12,0,0.0,False,False,True
504,3,90.33333333333331,3,0,0.0,False,False,True
1403,2,85.0,2,0,0.0,False,False,True
165,5,100.0,5,0,0.0,False,False,True
1404,2,100.0,2,0,0.0,False,False,True
1334,2,81.0,2,0,0.0,False,False,True
1388,2,76.0,2,0,0.0,False,False,True
1335,2,81.0,2,0,0.0,False,False,True
1343,2,80.0,2,0,0.0,False,False,True
1345,2,80.0,2,0,0.0,False,False,True
275,4,87.0,4,0,0.0,False,False,True
1360,2,90.0,2,0,0.0,False,False,True
508,3,85.5,3,0,0.0,False,False,True
278,4,76.0,4,0,0.0,False,False,True
1366,2,91.0,2,1,0.5,False,True,False
27,11,82.0,11,2,0.18181818181818182,False,True,False
1389,2,98.0,2,0,0.0,False,False,True
163,5,83.0,5,0,0.0,False,False,True
116,6,78.27272727272727,6,0,0.0,False,False,True
1328,2,94.0,2,0,0.0,False,False,True
1396,2,81.0,2,0,0.0,False,False,True
1348,2,85.0,2,0,0.0,False,False,True
1342,2,79.0,2,0,0.0,False,False,True
1397,2,98.0,2,0,0.0,False,False,True
87,7,74.42857142857143,7,0,0.0,False,False,True
274,4,76.5,4,0,0.0,False,False,True
1399,2,71.0,2,0,0.0,False,False,True
1362,2,75.0,2,0,0.0,False,False,True
506,3,100.0,3,0,0.0,False,False,True
1363,2,96.0,2,0,0.0,False,False,True
1331,2,75.0,2,0,0.0,False,False,True
523,3,84.66666666666667,3,0,0.0,False,False,True
1405,2,79.0,2,0,0.0,False,False,True
276,4,86.66666666666667,4,0,0.0,False,False,True
524,3,74.5,3,3,1.0,True,False,False
1355,2,79.0,2,0,0.0,False,False,True
509,3,79.33333333333333,3,0,0.0,False,False,True
1356,2,78.0,2,1,0.5,False,True,False
517,3,76.0,3,0,0.0,False,False,True
168,5,80.2,5,2,0.4,False,True,False
1340,2,97.0,2,0,0.0,False,False,True
512,3,75.33333333333333,3,1,0.3333333333333333,False,True,False
47,9,77.4,9,0,0.0,False,False,True
1357,2,75.0,2,0,0.0,False,False,True
515,3,83.0,3,0,0.0,False,False,True
49,9,78.11111111111111,9,0,0.0,False,False,True
514,3,92.0,3,0,0.0,False,False,True
1358,2,92.0,2,0,0.0,False,False,True
516,3,91.66666666666669,3,0,0.0,False,False,True
1347,2,73.0,2,1,0.5,False,True,False
519,3,89.0,3,0,0.0,False,False,True
164,5,92.71428571428572,5,0,0.0,False,False,True
520,3,73.66666666666667,3,0,0.0,False,False,True
1400,2,81.0,2,0,0.0,False,False,True
1393,2,83.0,2,0,0.0,False,False,True
507,3,89.0,3,0,0.0,False,False,True
518,3,83.0,3,0,0.0,False,False,True
1367,2,74.0,2,0,0.0,False,False,True
1339,2,82.0,2,0,0.0,False,False,True
1346,2,71.0,2,0,0.0,False,False,True
1349,2,80.0,2,0,0.0,False,False,True
521,3,76.0,3,0,0.0,False,False,True
522,3,77.5,3,0,0.0,False,False,True
1350,2,80.0,2,0,0.0,False,False,True
167,5,85.0,5,0,0.0,False,False,True
277,4,83.33333333333333,4,4,1.0,True,False,False
1457,2,74.0,2,0,0.0,False,False,True
1496,2,80.0,2,1,0.5,False,True,False
1408,2,100.0,2,0,0.0,False,False,True
1443,2,78.0,2,1,0.5,False,True,False
1407,2,100.0,2,0,0.0,False,False,True
541,3,83.66666666666667,3,0,0.0,False,False,True
279,4,95.8,4,0,0.0,False,False,True
1406,2,79.0,2,0,0.0,False,False,True
1431,2,75.0,2,0,0.0,False,False,True
281,4,79.0,4,0,0.0,False,False,True
1588,1,0.0,2,0,0.0,False,False,True
1410,2,100.0,2,0,0.0,False,False,True
1409,2,80.0,2,0,0.0,False,False,True
542,3,81.0,3,0,0.0,False,False,True
1469,2,70.0,2,1,0.5,False,True,False
29,11,81.30188679245283,11,0,0.0,False,False,True
169,5,81.8,5,0,0.0,False,False,True
1468,2,82.0,2,0,0.0,False,False,True
170,5,75.6,5,5,1.0,True,False,False
175,5,81.75,5,0,0.0,False,False,True
1487,2,79.0,2,0,0.0,False,False,True
545,3,74.0,3,0,0.0,False,False,True
1467,2,80.0,2,0,0.0,False,False,True
282,4,73.66666666666667,4,0,0.0,False,False,True
288,4,76.0,4,1,0.25,False,True,False
1451,2,86.0,2,0,0.0,False,False,True
1412,2,75.0,2,0,0.0,False,False,True
1488,2,85.0,2,0,0.0,False,False,True
1462,2,100.0,2,0,0.0,False,False,True
280,4,73.83333333333333,4,0,0.0,False,False,True
1483,2,87.0,2,0,0.0,False,False,True
1417,2,87.0,2,0,0.0,False,False,True
551,3,81.0,3,0,0.0,False,False,True
529,3,77.66666666666667,3,0,0.0,False,False,True
1444,2,72.0,4,0,0.0,False,False,True
1445,2,81.0,2,0,0.0,False,False,True
1413,2,72.0,2,0,0.0,False,False,True
1414,2,87.0,2,0,0.0,False,False,True
1461,2,72.0,2,0,0.0,False,False,True
1416,2,100.0,2,0,0.0,False,False,True
527,3,100.0,3,0,0.0,False,False,True
1411,2,80.0,2,0,0.0,False,False,True
1415,2,100.0,2,0,0.0,False,False,True
1482,2,87.0,2,0,0.0,False,False,True
528,3,87.0,3,0,0.0,False,False,True
117,6,89.33333333333333,6,0,0.0,False,False,True
118,6,94.76923076923076,6,0,0.0,False,False,True
283,4,86.2,4,0,0.0,False,False,True
1492,2,92.0,2,0,0.0,False,False,True
1494,2,79.0,2,0,0.0,False,False,True
549,3,81.5,3,0,0.0,False,False,True
531,3,82.0,3,0,0.0,False,False,True
1589,1,0.0,2,2,1.0,True,False,False
1478,2,83.0,2,0,0.0,False,False,True
544,3,82.66666666666667,3,0,0.0,False,False,True
548,3,77.5,3,3,1.0,True,False,False
1479,2,76.0,2,0,0.0,False,False,True
1476,2,70.0,2,0,0.0,False,False,True
1475,2,76.0,2,0,0.0,False,False,True
1474,2,86.0,2,0,0.0,False,False,True
1473,2,73.0,2,1,0.5,False,True,False
1472,2,92.0,2,1,0.5,False,True,False
1471,2,89.0,2,0,0.0,False,False,True
1477,2,71.0,2,0,0.0,False,False,True
123,6,82.83333333333333,6,0,0.0,False,False,True
539,3,91.0,3,0,0.0,False,False,True
1460,2,76.0,2,0,0.0,False,False,True
550,3,77.5,3,0,0.0,False,False,True
124,6,77.77777777777777,6,0,0.0,False,False,True
554,3,80.0,3,0,0.0,False,False,True
533,3,71.5,3,0,0.0,False,False,True
1422,2,76.0,2,0,0.0,False,False,True
1421,2,73.0,2,0,0.0,False,False,True
530,3,87.0,3,0,0.0,False,False,True
1456,2,74.0,2,0,0.0,False,False,True
1419,2,81.0,2,0,0.0,False,False,True
284,4,74.75,4,0,0.0,False,False,True
1418,2,70.0,2,0,0.0,False,False,True
1424,2,83.0,2,0,0.0,False,False,True
285,4,76.0,4,0,0.0,False,False,True
1420,2,89.0,2,0,0.0,False,False,True
1489,2,71.0,2,0,0.0,False,False,True
1458,2,76.0,2,0,0.0,False,False,True
1464,2,75.0,2,0,0.0,False,False,True
28,11,77.76470588235294,11,0,0.0,False,False,True
1423,2,79.0,2,0,0.0,False,False,True
1503,2,87.0,2,0,0.0,False,False,True
1465,2,81.0,2,0,0.0,False,False,True
532,3,79.5,3,0,0.0,False,False,True
1466,2,83.0,2,0,0.0,False,False,True
1590,1,0.0,2,0,0.0,False,False,True
119,6,82.7,8,8,1.0,True,False,False
13,19,80.06666666666666,19,0,0.0,False,False,True
534,3,77.0,3,0,0.0,False,False,True
1427,2,72.0,3,0,0.0,False,False,True
1490,2,100.0,2,0,0.0,False,False,True
552,3,78.0,3,0,0.0,False,False,True
1493,2,90.0,2,0,0.0,False,False,True
1491,2,71.0,2,0,0.0,False,False,True
1425,2,88.0,2,0,0.0,False,False,True
171,5,79.6,5,1,0.2,False,True,False
543,3,81.66666666666667,3,3,1.0,True,False,False
286,4,88.0,6,0,0.0,False,False,True
1495,2,77.0,2,0,0.0,False,False,True
535,3,93.0,3,0,0.0,False,False,True
1426,2,83.0,2,0,0.0,False,False,True
1429,2,91.0,2,0,0.0,False,False,True
1449,2,81.0,2,0,0.0,False,False,True
174,5,81.2,5,2,0.4,False,True,False
1501,2,79.0,2,0,0.0,False,False,True
1446,2,84.0,2,0,0.0,False,False,True
1430,2,89.0,2,0,0.0,False,False,True
1432,2,86.0,2,0,0.0,False,False,True
122,6,78.16666666666667,6,0,0.0,False,False,True
1470,2,75.0,2,0,0.0,False,False,True
1428,2,80.0,2,0,0.0,False,False,True
289,4,93.4,4,0,0.0,False,False,True
1435,2,72.0,2,0,0.0,False,False,True
172,5,84.77777777777777,5,0,0.0,False,False,True
1448,2,78.0,2,0,0.0,False,False,True
1502,2,86.0,2,0,0.0,False,False,True
1450,2,77.0,2,0,0.0,False,False,True
1433,2,76.0,2,0,0.0,False,False,True
1438,2,81.0,2,0,0.0,False,False,True
1434,2,100.0,2,0,0.0,False,False,True
553,3,73.0,3,0,0.0,False,False,True
1485,2,80.0,2,0,0.0,False,False,True
1499,2,81.0,2,0,0.0,False,False,True
1454,2,80.0,2,0,0.0,False,False,True
287,4,89.0,4,0,0.0,False,False,True
540,3,85.0,3,0,0.0,False,False,True
1497,2,78.0,2,0,0.0,False,False,True
536,3,85.0,3,0,0.0,False,False,True
1486,2,76.0,2,0,0.0,False,False,True
1437,2,100.0,2,0,0.0,False,False,True
291,4,85.0,4,0,0.0,False,False,True
121,6,83.71428571428571,6,0,0.0,False,False,True
1439,2,81.0,2,0,0.0,False,False,True
1441,2,100.0,2,0,0.0,False,False,True
538,3,81.66666666666667,3,0,0.0,False,False,True
1442,2,82.0,2,0,0.0,False,False,True
173,5,79.0,5,0,0.0,False,False,True
1436,2,86.0,2,0,0.0,False,False,True
1498,2,86.0,2,0,0.0,False,False,True
1500,2,74.0,2,0,0.0,False,False,True
1440,2,86.0,2,0,0.0,False,False,True
120,6,84.1,6,0,0.0,False,False,True
537,3,100.0,3,0,0.0,False,False,True
50,9,72.66666666666667,9,0,0.0,False,False,True
125,6,77.57142857142857,6,0,0.0,False,False,True
1447,2,79.0,2,0,0.0,False,False,True
1453,2,71.0,2,0,0.0,False,False,True
1452,2,82.0,2,0,0.0,False,False,True
1455,2,92.0,2,0,0.0,False,False,True
1459,2,78.0,2,0,0.0,False,False,True
1463,2,85.0,2,1,0.5,False,True,False
546,3,74.0,3,0,0.0,False,False,True
547,3,75.0,3,0,0.0,False,False,True
1480,2,84.0,2,0,0.0,False,False,True
1481,2,84.0,2,1,0.5,False,True,False
1484,2,79.0,2,0,0.0,False,False,True
290,4,73.66666666666667,4,1,0.25,False,True,False
1512,2,74.0,2,0,0.0,False,False,True
1504,2,100.0,2,0,0.0,False,False,True
555,3,80.5,3,0,0.0,False,False,True
1545,2,100.0,2,0,0.0,False,False,True
89,7,79.5,7,0,0.0,False,False,True
292,4,83.66666666666667,4,0,0.0,False,False,True
1546,2,78.0,2,0,0.0,False,False,True
1505,2,71.0,2,0,0.0,False,False,True
1507,2,81.0,2,0,0.0,False,False,True
90,7,78.82352941176471,7,0,0.0,False,False,True
1506,2,80.0,2,0,0.0,False,False,True
1508,2,90.0,2,0,0.0,False,False,True
556,3,77.66666666666667,3,0,0.0,False,False,True
1547,2,76.0,2,0,0.0,False,False,True
126,6,76.58333333333333,6,0,0.0,False,False,True
1522,2,78.0,2,0,0.0,False,False,True
302,4,74.66666666666667,4,0,0.0,False,False,True
1567,2,82.0,2,0,0.0,False,False,True
1539,2,78.0,2,2,1.0,True,False,False
1509,2,79.0,2,0,0.0,False,False,True
558,3,70.5,3,0,0.0,False,False,True
1513,2,81.0,2,2,1.0,True,False,False
557,3,74.0,3,0,0.0,False,False,True
1591,1,0.0,2,0,0.0,False,False,True
559,3,88.0,3,0,0.0,False,False,True
1555,2,87.0,2,0,0.0,False,False,True
1516,2,84.0,2,0,0.0,False,False,True
1511,2,80.0,2,0,0.0,False,False,True
1510,2,79.0,2,0,0.0,False,False,True
1553,2,84.0,2,0,0.0,False,False,True
293,4,80.33333333333333,4,0,0.0,False,False,True
1554,2,72.0,2,0,0.0,False,False,True
1541,2,72.0,2,0,0.0,False,False,True
1515,2,91.0,2,0,0.0,False,False,True
1518,2,87.0,2,0,0.0,False,False,True
1592,1,0.0,2,0,0.0,False,False,True
1514,2,76.0,2,0,0.0,False,False,True
298,4,83.33333333333333,4,0,0.0,False,False,True
1524,2,85.0,2,0,0.0,False,False,True
1525,2,100.0,2,0,0.0,False,False,True
1521,2,81.0,2,0,0.0,False,False,True
1528,2,82.0,2,0,0.0,False,False,True
294,4,81.33333333333333,4,0,0.0,False,False,True
1517,2,72.0,2,0,0.0,False,False,True
307,4,88.0,4,0,0.0,False,False,True
295,4,86.16666666666667,4,0,0.0,False,False,True
299,4,80.33333333333333,4,0,0.0,False,False,True
304,4,82.66666666666667,4,0,0.0,False,False,True
1530,2,79.0,2,0,0.0,False,False,True
1556,2,92.0,2,0,0.0,False,False,True
1534,2,78.0,2,0,0.0,False,False,True
301,4,77.0,4,0,0.0,False,False,True
1569,2,82.0,2,0,0.0,False,False,True
51,9,83.8,9,4,0.4444444444444444,False,True,False
1536,2,80.0,2,2,1.0,True,False,False
1560,2,76.0,2,1,0.5,False,True,False
1570,2,80.0,2,2,1.0,True,False,False
560,3,83.0,3,1,0.3333333333333333,False,True,False
1519,2,74.0,2,0,0.0,False,False,True
1558,2,90.0,2,0,0.0,False,False,True
127,6,84.06666666666666,6,0,0.0,False,False,True
561,3,100.0,3,0,0.0,False,False,True
562,3,100.0,3,0,0.0,False,False,True
303,4,100.0,4,0,0.0,False,False,True
1523,2,84.0,2,0,0.0,False,False,True
296,4,83.33333333333333,4,0,0.0,False,False,True
1533,2,100.0,2,0,0.0,False,False,True
1535,2,89.0,2,0,0.0,False,False,True
297,4,84.16666666666667,4,0,0.0,False,False,True
1544,2,83.0,2,0,0.0,False,False,True
1526,2,77.0,2,0,0.0,False,False,True
1520,2,89.0,2,0,0.0,False,False,True
300,4,82.5,4,0,0.0,False,False,True
1531,2,74.0,2,0,0.0,False,False,True
1529,2,90.0,2,0,0.0,False,False,True
1565,2,100.0,2,0,0.0,False,False,True
1563,2,78.0,2,0,0.0,False,False,True
1571,2,73.0,2,2,1.0,True,False,False
1543,2,88.0,2,0,0.0,False,False,True
1532,2,78.0,2,0,0.0,False,False,True
1527,2,100.0,2,0,0.0,False,False,True
563,3,91.0,3,0,0.0,False,False,True
16,15,78.3076923076923,15,14,0.9333333333333333,False,True,False
62,8,83.8125,8,7,0.875,False,True,False
1551,2,91.0,2,1,0.5,False,True,False
1572,2,82.0,2,0,0.0,False,False,True
63,8,83.17857142857143,8,8,1.0,True,False,False
64,8,90.25,8,0,0.0,False,False,True
1537,2,86.0,2,0,0.0,False,False,True
1573,2,73.0,2,0,0.0,False,False,True
1538,2,76.0,2,0,0.0,False,False,True
564,3,78.33333333333333,3,1,0.3333333333333333,False,True,False
1564,2,91.0,2,0,0.0,False,False,True
570,3,74.0,3,0,0.0,False,False,True
1557,2,80.0,2,0,0.0,False,False,True
1540,2,73.0,2,0,0.0,False,False,True
566,3,80.0,3,0,0.0,False,False,True
1574,2,85.0,2,2,1.0,True,False,False
1559,2,80.0,2,0,0.0,False,False,True
565,3,79.33333333333333,3,0,0.0,False,False,True
1575,2,85.0,2,0,0.0,False,False,True
1568,2,90.0,2,0,0.0,False,False,True
1561,2,96.0,2,0,0.0,False,False,True
1562,2,83.0,2,0,0.0,False,False,True
1542,2,80.0,2,0,0.0,False,False,True
567,3,89.33333333333333,3,0,0.0,False,False,True
568,3,83.33333333333333,3,0,0.0,False,False,True
52,9,78.17391304347827,9,9,1.0,True,False,False
305,4,78.66666666666667,4,4,1.0,True,False,False
1566,2,100.0,2,2,1.0,True,False,False
1548,2,79.0,2,0,0.0,False,False,True
1549,2,82.0,2,0,0.0,False,False,True
569,3,71.0,3,0,0.0,False,False,True
1550,2,96.0,2,0,0.0,False,False,True
1552,2,86.0,2,0,0.0,False,False,True
176,5,85.75,5,0,0.0,False,False,True
306,4,85.5,4,0,0.0,False,False,True
