f84fbf5daf30057f489a5391b7bb8898,f84fbf5daf30057f489a5391b7bb8898,100,
92d5aa1e5aaf986fbe7ec2e701448032,7ba97139efffd6926bbbba6cc02c09eb,75,
8e7e2b36d01118cfd960fc06aef93840,f41991b1c62d04564cc9f42720e84c4b,18,76
8e7e2b36d01118cfd960fc06aef93840,2ae341f11aeb5140b966b1603b4aa016,68,92
5835f227f9232e0f778c5aa48a0b144f,2ae341f11aeb5140b966b1603b4aa016,59,88
5835f227f9232e0f778c5aa48a0b144f,f41991b1c62d04564cc9f42720e84c4b,13,76
8e7e2b36d01118cfd960fc06aef93840,5835f227f9232e0f778c5aa48a0b144f,68,92
3f6f11d0ca6aa1b8c6149ef9880ed351,14d505f527bcefcaf760d1e4c598f0b4,61,84
2ae341f11aeb5140b966b1603b4aa016,f41991b1c62d04564cc9f42720e84c4b,13,73
92d5aa1e5aaf986fbe7ec2e701448032,29052d981acf30ddf711d4af46da8009,34,90
a1be820e6ec3536753775d1b25be358a,0ce2bb09fae08e8aaa8b24e1d27d526b,61,84
7ba97139efffd6926bbbba6cc02c09eb,29052d981acf30ddf711d4af46da8009,34,90
aaadd7b97fce0fe9e8d74291f20d0541,a30f8e1373cd54960c77595d01ba4a15,57,91
38a44501cedaae513ee32e9ce4d93012,3ff9a3f8c5a01596f96dc9f35834d7c4,26,70
23b49b146f57f459b40be9a544dcd688,f43312bc8bae6c3cd2955adea84d90dc,100,
634fe3801bec811c27922dd81dd8110c,7334a3ecb08d7be924c649df303d18c8,35,84
634fe3801bec811c27922dd81dd8110c,2234187952a4c0c968cd033fe2b73200,35,84
7334a3ecb08d7be924c649df303d18c8,2234187952a4c0c968cd033fe2b73200,81,
0ef47f82f52f4f2c943dd366f1b337ef,92d5aa1e5aaf986fbe7ec2e701448032,57,88
41c9c12af5626a58004a76d71a5637a1,1d210796addca37849785c7c768c68f0,59,93
088a22b67477e69c97cdc09ff46d1b7c,47c2049b12019a8cc90d788be678f3f3,56,86
bf0b685b24dff0ea7a65e8774fadda8d,ade2157243dcfbcdfbeeb2717aa13d68,100,
da7b0101abc10a108bad2ed142b660d4,47c2049b12019a8cc90d788be678f3f3,32,72
0ef47f82f52f4f2c943dd366f1b337ef,7ba97139efffd6926bbbba6cc02c09eb,57,88
84738d39cda4d33c137ee1fa6a57e6ac,47c2049b12019a8cc90d788be678f3f3,32,72
759a4be435ddeaff39f921558f98a08e,4b8a0e82419d481e0e3456df2a5946e2,20,75
23b49b146f57f459b40be9a544dcd688,2fb1b0d1d6817b5f7ad2879e9fa24d47,100,
887265d7e9e5f7e582f80372b4015a91,acfe7ca04fc67ff3768463cc0435276f,100,
601b86651df7633a8a8da1d147fdc708,634fe3801bec811c27922dd81dd8110c,14,75
088a22b67477e69c97cdc09ff46d1b7c,da7b0101abc10a108bad2ed142b660d4,32,72
6b911e921ea30b57838ee7549d91a865,13886c25bfe59ea6a1b4d3292a06bd68,41,76
041bed2bc0908241b55c29cdc40d2cb7,9027388ccd9d86042416b847a7bf07b5,46,72
a10b013be06622b6c5f2b82129b27932,5f7f20ef5f820514ac1cd1fc79f95ed2,76,
374889278cf90bef9a1f7c09ecdd4ba8,7457608b87ab218defe41769d1a2f272,52,86
ff2dbe6396621b6b470ae7258b98fe2b,27ddb1cfaf17a93cb6a0db925082c8af,18,74
17d885ae26857a18eb49bd9941d0f7c9,50bf51e5ac21ed8ede967bcfdcc85883,100,
8481768235f7b689ef6dff446fbcbdf9,670cf36a17c63c67912245c5c8d8cb62,22,87
cce6cedb25c660d2670893a43ecad77a,d12254a84877792cf422763a370b21fb,85,
2f59ddf0a0d402b780ac84d9ff4ab510,eae4ec072532a8f5ddb8529b8d39ce52,23,84
e29500b45eaafb552e8ac12c2bb7b4a1,bcc97c9b5ef59a7c29266d79fc41df58,11,76
26d18f41f1569dfce88b5ad2f9571517,78e464360d1b65c58a57317af19ff5d2,43,77
e29500b45eaafb552e8ac12c2bb7b4a1,619d7c31b88a8239654998b4dae749fa,37,93
7892edfe41d2a7157f8a55e1dab9a33b,f5af8d7ca8bc9593b4030b2105db6647,28,82
b84c279949a95bd38a202a356ee8c1c2,f5af8d7ca8bc9593b4030b2105db6647,26,86
63b01258f94608888d618a4f17bf0bff,7457608b87ab218defe41769d1a2f272,35,79
bcc97c9b5ef59a7c29266d79fc41df58,619d7c31b88a8239654998b4dae749fa,18,87
7892edfe41d2a7157f8a55e1dab9a33b,130998a0136ffedc1fa929492aae9cb4,44,89
b84c279949a95bd38a202a356ee8c1c2,130998a0136ffedc1fa929492aae9cb4,47,95
1f911db9bc24194c75e27a8011112ac7,26d18f41f1569dfce88b5ad2f9571517,28,75
2cf8b407adb019dbfe601198767ea4cf,5ac5c2bf5333783333e3267d632b6eda,83,
7892edfe41d2a7157f8a55e1dab9a33b,2b9160991fbd2285bdfb3224eca40a38,36,75
7892edfe41d2a7157f8a55e1dab9a33b,b84c279949a95bd38a202a356ee8c1c2,100,
b84c279949a95bd38a202a356ee8c1c2,2b9160991fbd2285bdfb3224eca40a38,47,95
a7413ae067c8973642a0aef1397e0b1a,1238536b14dc7799d04911c6bd3e325a,52,89
6e543087e35edba4c054439483c16547,d3148bb29b165596da58df01c55ac132,59,88
4b8a0e82419d481e0e3456df2a5946e2,d0b1633a5887583879cbc749835c9835,20,71
759a4be435ddeaff39f921558f98a08e,d0b1633a5887583879cbc749835c9835,34,83
5cf470d2efd3cc933e7ed9ab7dfe47e1,6c19f2c4b9bd85ce318b39f1a1d29de8,31,73
c537c5ad5facc693537ba9d3afe4db74,3f441dad353a18acd63099ddf777a355,69,94
6e25946d7795be588ac8e8a9fcfac4d7,3d3d03e35d2f67ec0e9aa8b882d74404,41,83
34cde0171d70d9d761d7b9b20c7015ec,369cf548f2931f3f0e5d3746baf6abac,34,70
088a22b67477e69c97cdc09ff46d1b7c,84738d39cda4d33c137ee1fa6a57e6ac,32,72
da7b0101abc10a108bad2ed142b660d4,84738d39cda4d33c137ee1fa6a57e6ac,76,
745fe1ccb469655865ba03c9da29be0e,2b622abeb3f17bf68842d87f1c177149,73,
3b3af0440a08de88aa240a6a0566a1d4,7437e8a5d1fd79b35611342c559f13bb,61,97
22b160acaabe4dd388663c027debc6d5,3bc03204fe183c920f80531bfb449898,56,92
b84ed48518b0b44767f27f76f9a67f1e,1c60463cc4ce773f77f60ae0ac7414a3,47,92
ad213de09727c851f74b7aa2aab32070,2d8c57c6715804e817b56a03e2943644,33,74
088a22b67477e69c97cdc09ff46d1b7c,5733b5bcf5154027c8c01be74f6deecb,76,
da7b0101abc10a108bad2ed142b660d4,5733b5bcf5154027c8c01be74f6deecb,32,72
84738d39cda4d33c137ee1fa6a57e6ac,5733b5bcf5154027c8c01be74f6deecb,32,72
47c2049b12019a8cc90d788be678f3f3,5733b5bcf5154027c8c01be74f6deecb,56,86
e49b2e5a22a6877e6fbbda3587602f60,9c17ddba2dcb390a2651b4b991688e53,73,
62609624268466f7a32fc0f0b3897a6e,6b31606ef955cbb99217f9efc3c82aec,100,
22b160acaabe4dd388663c027debc6d5,0bfce300886845fe4bfe061b44f42f6c,62,95
b84c279949a95bd38a202a356ee8c1c2,e6d21f83efdc0b06d09f899a384590da,26,86
1816a651386f192f5490cbd571b5cf59,c2efac060498b16caf48c752b9ec1428,46,88
34cde0171d70d9d761d7b9b20c7015ec,37ef1cad8c37c38bd2dee998a5921720,22,76
fe4dd5e3688b87ed313a158b8f1b1dca,e58e1ac64e4a474d2adc2d8eaff629fc,27,84
8737d3a0ac9d9b63e5d8830d1cc93c28,cd9cb5620c3697eda97f74e1654a856d,27,74
ca98605a05f5eabe7748a22be0057898,8b12d8de0c017a817c046a493c5c8ae3,67,92
a083967c224a9014b032ae8fd8d90ca2,ca7077ca2e9d563e3006213e15ab5e42,47,80
4985281984d3c5877df41552295127e4,849194d0eabf0e2233829ebc90442aba,71,
6f3c46c00c41b37a862f8a1284d45afd,974db3e36af511167388294e2791e159,100,
ca98605a05f5eabe7748a22be0057898,24669443307627ab3f5e3693f8c4a7ac,69,92
24669443307627ab3f5e3693f8c4a7ac,8b12d8de0c017a817c046a493c5c8ae3,67,92
fa7543f56b7bd7042005c1848d682215,8b12d8de0c017a817c046a493c5c8ae3,77,
65c06a569c038a116e9d2c59da745581,1f5168fd491c17ff35a8c15f1951d1e1,47,95
b84d43a3dd1c9203b78aaaad54a1ec62,6a77014f45ba55f03d7c559d64ea329c,41,70
cebfb92536d426f85d780a13919fe9fe,38852332efb333a0b9dcac27116c3129,23,76
786a6c4e11c80079bee51da47612f43d,df2840df40bf1a1d858114ac0c3bc95c,50,80
12790695a924a2986093552eeac30f3a,a22eae8346f3a9698f54179656ca2711,20,72
e967c076090d93c77c85294e63e504a8,cefcf5f1c9d6c1f0d6e97f4ef29114ee,48,85
8cd0e8315511449ae90989f36d3daa94,c94559bd602d3a6e11172bf194625b0c,19,75
b82c8bcf4ff669c9aa0dfd52c1ff9f57,b0e0e8cea2b088c9c690f1e6baa9f39f,46,96
abf86494b2aae017c769174625ac3dd2,f607e61d16c960fdf623b320fe0b57ee,18,77
a22eae8346f3a9698f54179656ca2711,874d43109af1d9061c6442a1ac4e3a08,31,73
12790695a924a2986093552eeac30f3a,874d43109af1d9061c6442a1ac4e3a08,27,92
f98ecb3d62296faea42a3f5fb46ad04a,25914b6f523aca3704e041f85eadf176,88,
977aa8a3744b4fcb6cab9699b9bca7a0,25914b6f523aca3704e041f85eadf176,88,
4447caf27d7bed9f6c149a45a5289587,874d43109af1d9061c6442a1ac4e3a08,13,76
e18aa9fe71a08fe76497954a59507ddd,25914b6f523aca3704e041f85eadf176,86,
b05420030e5411bf0a40cbcf67881253,25914b6f523aca3704e041f85eadf176,86,
51bd90faa54a4781fe5d7cb3e67fe65a,25914b6f523aca3704e041f85eadf176,100,
e18aa9fe71a08fe76497954a59507ddd,0b161098f197afa93ccbc84300fd0885,100,
5920d279272cd8c4320a954ba1ed3a69,62816b13823194d2ee9350327970cec1,22,77
b2176212184e4d5aa10c5bf467ecbd16,5951288cfe667b2fa80dc41790bccd50,100,
f98ecb3d62296faea42a3f5fb46ad04a,977aa8a3744b4fcb6cab9699b9bca7a0,100,
f98ecb3d62296faea42a3f5fb46ad04a,51bd90faa54a4781fe5d7cb3e67fe65a,47,72
ceb85962a2431a97d89e857843c99cfe,807afa8f8f79aca4a9ddb1afe4cdf3f7,100,
2e0b6da532db232f3e8b735afb318696,2967d11e40b7f14ad05b13c3d346625e,64,82
6822b89faad671b2e22f5919f6398cb4,ed7d069dcb307c40cc180d6a1bbdacb1,37,81
c62d83e45dcf2063947464d48debc4d3,ca216526af00e733d4bc3c2fb9344514,88,
e18aa9fe71a08fe76497954a59507ddd,51bd90faa54a4781fe5d7cb3e67fe65a,49,73
f98ecb3d62296faea42a3f5fb46ad04a,8ddf81bee2740f2bfa797684e66c5f3a,100,
0b161098f197afa93ccbc84300fd0885,51bd90faa54a4781fe5d7cb3e67fe65a,29,78
e18aa9fe71a08fe76497954a59507ddd,b05420030e5411bf0a40cbcf67881253,100,
1218d8d004859a7ee6d31e5212965853,abf86494b2aae017c769174625ac3dd2,27,75
7eb51df417a30cda3624b41906cfc61f,23a4b9db516e7746c2feb9c42fd6ea0d,44,86
47e9bbf07883be6932d602f9cc63a226,1b1bf7aa40dd9e35a34a2c8b506e16d8,90,
51bd90faa54a4781fe5d7cb3e67fe65a,2e03adb57588a6ca7ddc98c105316d38,100,
2e1b62bc0fe5f9770c424420a1fa5e17,c58a0d971f07608f87d6c3cbfbcc4839,60,91
874d43109af1d9061c6442a1ac4e3a08,4f4f30846302d179b025801f16f24bf7,13,73
0b161098f197afa93ccbc84300fd0885,2e03adb57588a6ca7ddc98c105316d38,29,78
92110ff063d8a1921aa0139a0edfac80,05ad564086f021bb349f1f501bdfb130,100,
2e1b62bc0fe5f9770c424420a1fa5e17,db8a39e11aee66a4d38d8c995622259b,60,91
c58a0d971f07608f87d6c3cbfbcc4839,db8a39e11aee66a4d38d8c995622259b,60,91
293ae6909d2b73faa92b75f25300a750,b998956616bc70c34601678c62d9a169,100,
0e97f67dba6120b935bacd9b6ab6be7f,4b14dd50c1feaedb011e2dbd5edf9943,56,83
ca98605a05f5eabe7748a22be0057898,fa7543f56b7bd7042005c1848d682215,67,92
2e1b62bc0fe5f9770c424420a1fa5e17,da407c56b4507d89cdc84f2002f4fb49,60,91
24669443307627ab3f5e3693f8c4a7ac,fa7543f56b7bd7042005c1848d682215,67,92
c58a0d971f07608f87d6c3cbfbcc4839,da407c56b4507d89cdc84f2002f4fb49,60,91
db8a39e11aee66a4d38d8c995622259b,da407c56b4507d89cdc84f2002f4fb49,60,91
a5fbe3c816f26eb2979ebdd1291b1d56,94224bb154e1c41632bebb453f78938f,71,
38d92e58e3952b093c485170fdabc1b6,2c344b595a53930fd5308dc4f318bf9a,100,
0c0fd9caab31730a24584eaf8b5ec3d6,7f6b68c16527e104d90d3e62e54266b6,100,
c62d83e45dcf2063947464d48debc4d3,d6579f85f8e0dfacc4159650038d5fac,41,89
ca216526af00e733d4bc3c2fb9344514,d6579f85f8e0dfacc4159650038d5fac,36,80
5d3370aa69c7ef6951672b39a347a610,173345df3519d25725b31bf881457f84,46,78
d33d53e53973d5a684e16f2c828092e7,ba6d73c915f536daadf9dbe9eb033cc0,17,81
de011535f5b5b98b9fc0fba578e7b6b1,862525a380ebdf7e4718ecbf41495b44,38,72
8ddf81bee2740f2bfa797684e66c5f3a,fffb086d486d176b615be86db0a9b917,31,87
8ddf81bee2740f2bfa797684e66c5f3a,76911d83cd172f57d13c89bc517c1acc,22,85
8ddf81bee2740f2bfa797684e66c5f3a,91c0537b4bafc6dde7c04586b46bfca3,22,85
32f6d2148f0076413788a14e7da89877,77c8516c9dd0f898e18369a5f96fed14,56,91
47e9bbf07883be6932d602f9cc63a226,8912e554cd71c23e84b777fbe99c14d7,94,
47e9bbf07883be6932d602f9cc63a226,45fc34cbccbecf2837d9f804ec7895d8,94,
4c96c8c12b524739c91d5912f534659a,c1585c2a530dd1d495b70491b021aa99,50,82
f98ecb3d62296faea42a3f5fb46ad04a,795b858c5a39db122d7f2258c5313ebb,25,72
8ddf81bee2740f2bfa797684e66c5f3a,795b858c5a39db122d7f2258c5313ebb,31,87
47e9bbf07883be6932d602f9cc63a226,f3015b8c4bf4897d46af5339b327af00,90,
f535c29394cd23e565bd4a4a11fc8c26,b0f3bf9eeec2af4c2edafc4c434951ab,32,81
5b899d24a3d85a0de8b820c6f9073533,9f405477a7e4d5dd370b65e49bf7619e,71,
0f1f08c9698c3104a1a28ac53ce9c9c0,8240bd93c87fbbb7a53f2ee9e900d2db,82,
07e160431f1017b0fe83e7fcb6fc783f,80e685c9bf152d57932f2f5f53510de1,64,90
53bf0ef1ee574b041cf7ae73fc5b4541,6b14d6e3acdf23fe8d33df271c63e347,33,96
f99aa256bed11425510cacc00f048555,e98726bce5b6e1d4d5bebee751a5b430,35,74
5794e04b96e069e4a158971624dc413b,76ca23ffcc2cf694d9302f30de651789,57,84
508d3b5fe16d783bb87eb8e5476c25fc,cec9a85413102d95ab7010e81b863f41,100,
9439241965fba3dcfc4fb6f0928c6759,76ca23ffcc2cf694d9302f30de651789,60,91
f5af8d7ca8bc9593b4030b2105db6647,130998a0136ffedc1fa929492aae9cb4,24,77
b5363ff8761c266e96c6df4df7d2581b,900a8e4c294b1ada2864f56e0a2ec2f3,100,
f5af8d7ca8bc9593b4030b2105db6647,4f56f222e274f302983c7375ca6a73d7,13,74
e6d21f83efdc0b06d09f899a384590da,4f56f222e274f302983c7375ca6a73d7,13,74
130998a0136ffedc1fa929492aae9cb4,4f56f222e274f302983c7375ca6a73d7,21,85
2b9160991fbd2285bdfb3224eca40a38,4f56f222e274f302983c7375ca6a73d7,21,85
d52be2c970f2661f8db9e371089e2e55,4f56f222e274f302983c7375ca6a73d7,100,
9e803f1a0e311e64bcb71f1ba28dc25c,f25c705672be34ca864e386ea6808c6c,46,91
24ddb9dd14c2ee784b762927c41cfb5e,f25c705672be34ca864e386ea6808c6c,50,87
2b72bbbafa1b1c95e7c2036acf518d83,e92eb6571d3f3d5d363b623e7e380fc5,78,
ab0d9a149d31eb88b4d4352081ba3f80,dc30168cab9db6f0f6df788df789ce23,76,
ffefb11c7832fff0065b8c24323bb595,145b70f6f35c7924e08fdaffae18da0b,34,85
fffb086d486d176b615be86db0a9b917,795b858c5a39db122d7f2258c5313ebb,100,
e0e9acd4a887ae7df961b562e2b320fc,04d348fa02726fdae9e245011db98971,35,73
91c0537b4bafc6dde7c04586b46bfca3,1c4da0cd2f1c657a4e299f25db3422e2,100,
fffb086d486d176b615be86db0a9b917,1c4da0cd2f1c657a4e299f25db3422e2,71,
99853041868ce7d05e7763b76a6db0e7,1c4da0cd2f1c657a4e299f25db3422e2,71,
e98726bce5b6e1d4d5bebee751a5b430,91309440171d34fb08f4149516cd2722,60,92
0587bd47a9297e9579c0fa5f2c4f9c54,f38e60225cf67862ab54ed5c88957255,65,87
48635b1978d26dca754180bbc93f2482,ec843d89c306ca4dd50d6834f5c11e66,18,74
9e803f1a0e311e64bcb71f1ba28dc25c,469590749ad1ec773d274062765b60ac,46,91
24ddb9dd14c2ee784b762927c41cfb5e,469590749ad1ec773d274062765b60ac,50,87
f25c705672be34ca864e386ea6808c6c,469590749ad1ec773d274062765b60ac,50,87
b0c43282cd4a4f6bdaf2456d1f46f7ff,dcd62e9a7fdef495e15ba0e1f0bfbe2e,34,85
6a549cc77df30a61279694061d4a6b97,53432e8c55426a87ef0e02dc5e4835ed,64,85
ed44727f1e534c0c41a2b39d3a0ffebd,d161794cbf3ca72830ac227e4c8a56c6,32,88
f5af8d7ca8bc9593b4030b2105db6647,e6d21f83efdc0b06d09f899a384590da,100,
0f1f08c9698c3104a1a28ac53ce9c9c0,a25a44cf6a8794d2ead5b2a2ea62d5b9,38,76
5794e04b96e069e4a158971624dc413b,9439241965fba3dcfc4fb6f0928c6759,20,75
760a8289b7a3ce9b9316f8d5cecde796,d161794cbf3ca72830ac227e4c8a56c6,67,86
8240bd93c87fbbb7a53f2ee9e900d2db,a25a44cf6a8794d2ead5b2a2ea62d5b9,38,76
eb11cc36e14d7e09ce34475968afeda9,a25a44cf6a8794d2ead5b2a2ea62d5b9,50,89
39aec442b1cfee5174e4ca1b26e97bc4,0c77a9768a8595723670e24df9be9fc9,30,85
0f1f08c9698c3104a1a28ac53ce9c9c0,eb11cc36e14d7e09ce34475968afeda9,71,
c3fa8c5e28ba7aefbb4c20ba46a04635,b4d9463a1733449bfb7ccb4ea990b4f0,29,85
0e505f7b812258411db09b4a6f2ceba5,857ea70b67d0eab99e1a7aef90a36d36,32,78
08f7368f75498ed627c50b55bad89656,46b576bb99487bfd5f031b4ba9670cf0,41,80
8240bd93c87fbbb7a53f2ee9e900d2db,eb11cc36e14d7e09ce34475968afeda9,63,90
c2cdf75f925ffeba789f86babf744d86,494223b9f2df6440450b4b93d7489887,39,82
42cb15685387ec5e6874b42885b42b81,857ea70b67d0eab99e1a7aef90a36d36,24,80
e98726bce5b6e1d4d5bebee751a5b430,46b576bb99487bfd5f031b4ba9670cf0,30,77
3fe7db47ed33aa10493791dc7b77e0d3,76adea3878e234cf8f410b18fbc35af8,20,85
e98726bce5b6e1d4d5bebee751a5b430,08f7368f75498ed627c50b55bad89656,35,81
f5af8d7ca8bc9593b4030b2105db6647,2b9160991fbd2285bdfb3224eca40a38,18,76
e98726bce5b6e1d4d5bebee751a5b430,3a9e274de0c90785f3e341a7268ecce3,55,77
e6d21f83efdc0b06d09f899a384590da,2b9160991fbd2285bdfb3224eca40a38,18,76
130998a0136ffedc1fa929492aae9cb4,2b9160991fbd2285bdfb3224eca40a38,100,
0587bd47a9297e9579c0fa5f2c4f9c54,1c6dd1dea55d97ece7e7887314b786dd,31,71
0bfce300886845fe4bfe061b44f42f6c,3bc03204fe183c920f80531bfb449898,46,74
6a549cc77df30a61279694061d4a6b97,f7a525d3323238a7113820ce784ee02e,81,
3a44873f22aef8a68c35b85f327f7b44,4d0e65e972fe778aa46b73a5476e88b1,17,84
04236c83e4404a00cd31a766f1510a66,1807cad5e881595e2c97785e8301dcb4,48,86
1c60463cc4ce773f77f60ae0ac7414a3,fcc88ba5822b884b1034f7abc3bf197d,22,74
65dc0ec5a3319df8c1ef25a69c2ed693,1c6dd1dea55d97ece7e7887314b786dd,24,78
53432e8c55426a87ef0e02dc5e4835ed,f7a525d3323238a7113820ce784ee02e,63,85
c3fac8c8d13342855ba5ad4235c53afd,b66e47c665e8fa99677481534b2323d2,18,79
b5e98366227505b4c1271c592ce78a81,23c67fc06cc602b65c86aae7fdbd08a6,73,
fffb086d486d176b615be86db0a9b917,99853041868ce7d05e7763b76a6db0e7,100,
fffb086d486d176b615be86db0a9b917,7228d5ec9c09e30b5e995a47ce98274e,18,80
0587bd47a9297e9579c0fa5f2c4f9c54,b5c7199b96c41b29cd8fb446e142c7e8,54,82
f38e60225cf67862ab54ed5c88957255,b5c7199b96c41b29cd8fb446e142c7e8,54,77
65dc0ec5a3319df8c1ef25a69c2ed693,b5c7199b96c41b29cd8fb446e142c7e8,51,94
c3fa8c5e28ba7aefbb4c20ba46a04635,b9a7b264ed8479942997e3b84207dee3,29,85
1b1bf7aa40dd9e35a34a2c8b506e16d8,f3015b8c4bf4897d46af5339b327af00,83,
fffb086d486d176b615be86db0a9b917,91c0537b4bafc6dde7c04586b46bfca3,69,94
795b858c5a39db122d7f2258c5313ebb,91c0537b4bafc6dde7c04586b46bfca3,70,
23c67fc06cc602b65c86aae7fdbd08a6,f3015b8c4bf4897d46af5339b327af00,40,70
99853041868ce7d05e7763b76a6db0e7,91c0537b4bafc6dde7c04586b46bfca3,69,93
7228d5ec9c09e30b5e995a47ce98274e,9c245d218385a958ceea843c01f0ec1e,100,
fffb086d486d176b615be86db0a9b917,9c245d218385a958ceea843c01f0ec1e,21,81
99853041868ce7d05e7763b76a6db0e7,9c245d218385a958ceea843c01f0ec1e,21,81
91c0537b4bafc6dde7c04586b46bfca3,9c245d218385a958ceea843c01f0ec1e,21,81
1c4da0cd2f1c657a4e299f25db3422e2,9c245d218385a958ceea843c01f0ec1e,21,81
1b1bf7aa40dd9e35a34a2c8b506e16d8,45fc34cbccbecf2837d9f804ec7895d8,81,
0587bd47a9297e9579c0fa5f2c4f9c54,65dc0ec5a3319df8c1ef25a69c2ed693,48,82
0587bd47a9297e9579c0fa5f2c4f9c54,2e733ee6ca6bcebb1650720bba7a9ab7,31,71
29a2696965e4058beb56ae0ecbf59e2f,32230a88da1320ab7152e3a442684a2d,52,86
65dc0ec5a3319df8c1ef25a69c2ed693,2e733ee6ca6bcebb1650720bba7a9ab7,24,78
fffb086d486d176b615be86db0a9b917,76911d83cd172f57d13c89bc517c1acc,56,77
795b858c5a39db122d7f2258c5313ebb,76911d83cd172f57d13c89bc517c1acc,70,
91c0537b4bafc6dde7c04586b46bfca3,76911d83cd172f57d13c89bc517c1acc,100,
f5af8d7ca8bc9593b4030b2105db6647,d52be2c970f2661f8db9e371089e2e55,10,72
130998a0136ffedc1fa929492aae9cb4,d52be2c970f2661f8db9e371089e2e55,17,81
0587bd47a9297e9579c0fa5f2c4f9c54,4daa74e644ad3dc165b82695fcfd2bab,48,82
2b9160991fbd2285bdfb3224eca40a38,d52be2c970f2661f8db9e371089e2e55,17,72
65dc0ec5a3319df8c1ef25a69c2ed693,4daa74e644ad3dc165b82695fcfd2bab,77,
91c0537b4bafc6dde7c04586b46bfca3,7228d5ec9c09e30b5e995a47ce98274e,18,80
bb181fc3efe8339684b488881344d6e3,b447431b1f2f5424c543c8cb052c6af6,100,
9e803f1a0e311e64bcb71f1ba28dc25c,24ddb9dd14c2ee784b762927c41cfb5e,46,91
7d63c5cb9188dc5f1918c4c494cfbb91,ffefb11c7832fff0065b8c24323bb595,45,76
b641c491baca789a53969429edf79df1,b9c9690cd3e0fb4a09293ef37b7fcebb,54,73
5fd3470c7cf09ce1b89923a1583a4abb,7d1242692122c8dc989b5f10aee576c7,11,70
97690dfef36ef0a1a5ba643c13636099,93f6292b9578a40d6de41878c61ade80,57,86
64af433846a9a5001c67dc8b3c481bca,37171d3706834b8bdc41bd4135a0488f,33,84
1b1bf7aa40dd9e35a34a2c8b506e16d8,8912e554cd71c23e84b777fbe99c14d7,81,
326f939b34c75e07af38ad5fe2ab7d42,12773f8b41c4e571cd2a72e8088e5ab4,54,86
1d790104b4fe56a1553dc2eab694c9e5,7ebd790593b05cf4ae1bfdbedcf71f0a,40,83
4d9d18d3deaa1255460cb54cc89650b8,b95ead60da8f25be75f88ddc75526427,47,77
4daa74e644ad3dc165b82695fcfd2bab,1c6dd1dea55d97ece7e7887314b786dd,24,78
66060d917993fcf7f590c5f9df41df8c,be3763846dedddbe9019ec32f8b427e7,51,85
ec5f4c8fe7710184cdb4c366e898fbbd,5cbe544365c09612fc218392bf2de916,100,
4daa74e644ad3dc165b82695fcfd2bab,b5c7199b96c41b29cd8fb446e142c7e8,51,94
1c6dd1dea55d97ece7e7887314b786dd,b5c7199b96c41b29cd8fb446e142c7e8,22,77
34b4e1a10a963213ddf107c0b42d9be1,26eb2f1872b3b15077a36f59fba45ef2,32,84
dcd62e9a7fdef495e15ba0e1f0bfbe2e,9b30ef8570fd5c355218d5f5f0597a2e,13,74
2e733ee6ca6bcebb1650720bba7a9ab7,b5c7199b96c41b29cd8fb446e142c7e8,22,77
da82a4d40d5bb026ceda6189eb658136,4895cb06c90de5aea79e6a70ddcda0ea,70,
2f8fa20ca9f763e2ae72750ade8fa2c1,bb124412881e142292dd4add59e47db4,67,86
2380fe7d698b28e0a4cba442912fd493,5567ce6e0c12f87adf3fadc8abf8dc40,69,92
09d0be8d910c07fdaaccee428c2a49e7,b6d80c9c11a4235eb376d11da79d98c7,44,76
4289c702b685cfdbd65809841ef3511c,ef3430dca10082b3645a945764b7abce,24,70
4daa74e644ad3dc165b82695fcfd2bab,2e733ee6ca6bcebb1650720bba7a9ab7,24,78
1c6dd1dea55d97ece7e7887314b786dd,2e733ee6ca6bcebb1650720bba7a9ab7,81,
57e4f53f1206bda425f6c07ad0d60ee3,a604ac7c67f8051d7ab28e756e2f9274,19,73
6766afac6f2973197856e3962f22dc5a,6766afac6f2973197856e3962f22dc5a,100,
0b053fefc6d31abe90c0f2b651922be7,6766afac6f2973197856e3962f22dc5a,80,
6766afac6f2973197856e3962f22dc5a,6766afac6f2973197856e3962f22dc5a,100,
f083986a9d96dafa75cb4ba466bebea1,ef3430dca10082b3645a945764b7abce,32,76
88cbf5d6afb6f1c2e846b81950fb8e1b,019444dc887004808d8dcb2db026539e,45,90
0309af813b896833f52901103ffc25a6,6416dbe97520f6f69d12e2bcdb57b957,55,81
7c4b38d165e88bcf406f6f0612b8c903,a8e69de94d339b3dae2bfe707662df24,100,
3c36d1b1ac9a061be8f322c780e6eb75,a8e69de94d339b3dae2bfe707662df24,46,93
1fdf0969c383655efd4207b6834fcbd9,f63f51402c69a80dddf0f9f8ca6d4852,21,80
068a52eb13158110f767d7d6a11dd1e9,f63f51402c69a80dddf0f9f8ca6d4852,10,76
f4445c1c9cebb7c0b4e63ca5ce23f711,ef3430dca10082b3645a945764b7abce,66,93
f772c53f7c8c351cfc77181573ef65fe,7788c4cbab4dd2769736ad99618d7a1e,27,77
ce816eed3c27d9ae584b7d9dc362782a,ef3430dca10082b3645a945764b7abce,35,78
5950df1a0e193b98226ec4c6122a9816,e0f86382a526b5d4b11933f5f9d4db83,25,70
9b1696a82dab4a89466befd9f10eb770,b8b563711022eeaee773486f7127b8bd,100,
67626c530881d3969373baa06b9b3958,b8b563711022eeaee773486f7127b8bd,65,94
bf8f2c4921117461f5dba2f109d38933,8a37be8b4886b3b82f97c993a99093d5,28,75
14f3c4da366cf4f543431c1b5bbca846,8a37be8b4886b3b82f97c993a99093d5,32,87
84c3893e3f9865d9b9e178c8cd9b19d9,e5b98777907464de0a02c724f20e4409,100,
c035a33aa5d33e438f6924c70ddbd3fd,96e91f8f936e416d91806b88927ea7e2,10,84
f935ae7d32859d9615cd4be21475cda7,96e91f8f936e416d91806b88927ea7e2,25,84
2bb6352c5dbc364fb598d5efa614fb74,04493f4fc1c2f5c92f2c66286f8f3031,19,70
0d6747b6389aafaf72adf77a29b901d8,aa188330ebbcdeebe14666b6abf6ba78,14,73
913e318da94b59a8d6046e4af2b110b2,dac83ab1cffc0e0f18a438e507be0f44,14,73
ed9a4db57fea43356e33f55ed7fc0601,603224017d04af1b89ce8b71414b06dc,26,70
913e318da94b59a8d6046e4af2b110b2,1930623a0d31bdbec61f13af0c7b726d,17,73
67c970ee20f20760635d306cb6f5f016,bf8f2c4921117461f5dba2f109d38933,39,87
d09a7006cc1ce788d9d4e2e230da04ca,bf8f2c4921117461f5dba2f109d38933,35,75
858692df30c2f332004c4583173ab73b,440661ad2078bb790ea7d7d273de922f,54,90
e5154ed345e15aed6e5c2fef880bffc4,18382bce1bd198e7eaf662085b00782f,100,
f56946bc33e4ce956488028483092870,a40bbbbfacc4294409af119637ee5096,100,
d3839b1d6db0a57180847450d905f76a,542ea43d0efef13d3ab8d26c20299a49,55,78
dac83ab1cffc0e0f18a438e507be0f44,1930623a0d31bdbec61f13af0c7b726d,17,74
1930623a0d31bdbec61f13af0c7b726d,3be8cf3c0b43d9eb62caf00bcc23844c,17,70
de0ef0c0133a44d4a5cdf85513be4d19,3be8cf3c0b43d9eb62caf00bcc23844c,19,75
4289c702b685cfdbd65809841ef3511c,f4445c1c9cebb7c0b4e63ca5ce23f711,21,70
f772c53f7c8c351cfc77181573ef65fe,f4445c1c9cebb7c0b4e63ca5ce23f711,23,70
41ca4ad42e70dc562c34e5e88ca62e75,f4445c1c9cebb7c0b4e63ca5ce23f711,56,98
6766afac6f2973197856e3962f22dc5a,0b053fefc6d31abe90c0f2b651922be7,80,
b4d9463a1733449bfb7ccb4ea990b4f0,b9a7b264ed8479942997e3b84207dee3,63,87
70d79b653e09111f7d939098acc93d35,3c36d1b1ac9a061be8f322c780e6eb75,100,
1930623a0d31bdbec61f13af0c7b726d,de0ef0c0133a44d4a5cdf85513be4d19,16,76
03d7508a6fc6e4b3516e13a32b649116,b3bec09724ec1f151a9f50b081928b1f,24,72
095295195b85f810a54a049e7cad5b98,03d7508a6fc6e4b3516e13a32b649116,21,71
4289c702b685cfdbd65809841ef3511c,f083986a9d96dafa75cb4ba466bebea1,27,78
f772c53f7c8c351cfc77181573ef65fe,f083986a9d96dafa75cb4ba466bebea1,76,
3be8cf3c0b43d9eb62caf00bcc23844c,095295195b85f810a54a049e7cad5b98,18,70
4289c702b685cfdbd65809841ef3511c,ce816eed3c27d9ae584b7d9dc362782a,29,75
f083986a9d96dafa75cb4ba466bebea1,ce816eed3c27d9ae584b7d9dc362782a,77,
70d79b653e09111f7d939098acc93d35,7c4b38d165e88bcf406f6f0612b8c903,52,94
f4445c1c9cebb7c0b4e63ca5ce23f711,ce816eed3c27d9ae584b7d9dc362782a,25,76
9b1696a82dab4a89466befd9f10eb770,67626c530881d3969373baa06b9b3958,100,
3c36d1b1ac9a061be8f322c780e6eb75,7c4b38d165e88bcf406f6f0612b8c903,46,93
2bb6352c5dbc364fb598d5efa614fb74,b3849777818d4bb63ba6b94dd4101d9c,34,82
31f5ff7a2113d4787995ce55e5ab781b,4b20482b236ea8945da047985d20da35,14,70
dedc46b8369ecebbbfb808ce09d3bba5,f4c9c9e0e80262eb509c232ab307294a,24,73
c035a33aa5d33e438f6924c70ddbd3fd,f935ae7d32859d9615cd4be21475cda7,41,93
d8833902225cb43709e51c5dc2dbf396,185099c55478a38c9525bdf33abaac1a,21,83
a9a0b988438e6b4099ef935faaea0d4e,095295195b85f810a54a049e7cad5b98,16,71
489dc6f0d6d3fc115ef9c5638b09e9c7,185099c55478a38c9525bdf33abaac1a,40,94
4289c702b685cfdbd65809841ef3511c,f772c53f7c8c351cfc77181573ef65fe,32,78
f43ab5fae00da4593c80ec85d9db0eb9,dbbc993e696501abacaac7d1311f0ffc,58,88
6766afac6f2973197856e3962f22dc5a,6766afac6f2973197856e3962f22dc5a,100,
0b053fefc6d31abe90c0f2b651922be7,6766afac6f2973197856e3962f22dc5a,80,
7b0ac512b5e838acd10b80804cfadedf,8001450b5cd4ed8c60e68b8fe5ae59bc,82,
d9aa75ebb723e1fe785905e11a443f43,8001450b5cd4ed8c60e68b8fe5ae59bc,35,71
1930623a0d31bdbec61f13af0c7b726d,a9a0b988438e6b4099ef935faaea0d4e,15,73
bf8f2c4921117461f5dba2f109d38933,14f3c4da366cf4f543431c1b5bbca846,46,84
67c970ee20f20760635d306cb6f5f016,14f3c4da366cf4f543431c1b5bbca846,39,84
ab394515f33e4621052f48093d1e6f63,f39541293d696d2d43b292917efe50db,100,
c80abc913ad7e0a0133b18233e0bba11,c8f3fa4c15b95faeb858766f39bf4648,56,93
f56946bc33e4ce956488028483092870,87f6eaa6fc449ed95c43c33b4892188b,100,
3be8cf3c0b43d9eb62caf00bcc23844c,a9a0b988438e6b4099ef935faaea0d4e,19,75
41ca4ad42e70dc562c34e5e88ca62e75,4c883d0a63495e120a03cd5f07fc58da,10,76
7788c4cbab4dd2769736ad99618d7a1e,4c883d0a63495e120a03cd5f07fc58da,58,87
d9aa75ebb723e1fe785905e11a443f43,7b0ac512b5e838acd10b80804cfadedf,39,75
b4d40bc220fdecc7b4e934048a12d4db,5c01bd4d132a5aa599dba73be32ece15,30,75
d8833902225cb43709e51c5dc2dbf396,489dc6f0d6d3fc115ef9c5638b09e9c7,36,86
0d872e4572ec9c285d5e59b3e00ca63e,e38725cfa26807ca7bbf2e515e4fad3f,40,75
8ef97440b84383a36f81ad55b8f62933,fad2fbaf843e67bbacc25cd8c6d98643,25,78
8ef97440b84383a36f81ad55b8f62933,5a5b3f15f131821ced41513f60aed417,28,84
fad2fbaf843e67bbacc25cd8c6d98643,5a5b3f15f131821ced41513f60aed417,76,
78a8a0495388a1f149a6ec381355c2b1,f064cabaf1852d29db26bb6b9d30edf9,31,80
6738f7093cbaa4b9d62dbbe68998c31e,b531d541e462b88e165ed7052c23a988,81,
3ef9d30adc4be972f391fa4f1139120d,b557e9decbde49a93011e82827b40671,23,76
2e54d04b0161b55732c483b288ce27b5,8b9281d081018bf0fc444bbfa9b1eeb1,24,71
ac8721b39a49785e4622401cec79fc55,8b9281d081018bf0fc444bbfa9b1eeb1,64,96
6f2a5bdb42a65abc9008c0366d2042f6,87f9279c2f1f24fc66528c0e72452da0,66,96
1b01f5d4dce2967b2d444aebbff7462b,1e7f3f51b8fed8eefd7df374acbf09d6,54,92
8c726add7ca2a8f03a00e62003e560ba,87f9279c2f1f24fc66528c0e72452da0,66,96
78a8a0495388a1f149a6ec381355c2b1,1e7f3f51b8fed8eefd7df374acbf09d6,31,76
f064cabaf1852d29db26bb6b9d30edf9,1e7f3f51b8fed8eefd7df374acbf09d6,27,84
156ef90721f45f37104dbdd2574c11e9,8e54b83cd7deb997b4044565f61c6b84,65,95
eb98c1496900065f6896832c83136661,8db25a3083c70fbcf26d4300f991b52e,100,
03be27f13cc928dad784fbcc7b811cbe,5436e4fd9ed168802b1e3512b7dbefc5,24,79
d50eb708e1a5f107bf74c7fe74d0edd2,473bbb49764d028a92658705e52bcb23,24,80
40bdf26f155aeef4cdcf6ab5c657df3c,8da3723a38bb7226cfdc146f87a4dd26,60,91
232dc42fe77eb1e964203ba5faf78584,9f8ff7c03d93e3ca383675f29af8e854,36,77
78a8a0495388a1f149a6ec381355c2b1,1b01f5d4dce2967b2d444aebbff7462b,31,76
f064cabaf1852d29db26bb6b9d30edf9,1b01f5d4dce2967b2d444aebbff7462b,27,84
4e4c664eb32664f3cf3db503963aef14,11458ab4951de46cbef8f19096694904,36,80
4e4c664eb32664f3cf3db503963aef14,46388eedeebfeee25015da4072051ed3,34,78
0ff5874d2b83bfeeb63d80b1a0bf3d76,ba1868ed08eac2f264d4bbbd31d6c995,11,85
0ff5874d2b83bfeeb63d80b1a0bf3d76,7281be3c7df0333371b9d342bba9e0f8,11,85
ba1868ed08eac2f264d4bbbd31d6c995,7281be3c7df0333371b9d342bba9e0f8,11,85
53b633a440f7f3121ad651f56557b8a9,7281be3c7df0333371b9d342bba9e0f8,11,85
11458ab4951de46cbef8f19096694904,46388eedeebfeee25015da4072051ed3,69,91
4d698021f76b8c8c17cdd867590b7cdf,e04cd066c5b403a2307dd1ecc08b828f,26,70
4e4c664eb32664f3cf3db503963aef14,8fe745471e9cf576a32512815d3cc123,50,83
ed06254bb1daf2193cada281a5b7a772,646fcf26285f5b35f1b4bd5455b84e02,55,87
11458ab4951de46cbef8f19096694904,8fe745471e9cf576a32512815d3cc123,32,75
f064cabaf1852d29db26bb6b9d30edf9,646fcf26285f5b35f1b4bd5455b84e02,28,90
1b01f5d4dce2967b2d444aebbff7462b,646fcf26285f5b35f1b4bd5455b84e02,31,92
6738f7093cbaa4b9d62dbbe68998c31e,dcad0560e274f2315a5c7ae0732c10a2,46,79
1e7f3f51b8fed8eefd7df374acbf09d6,646fcf26285f5b35f1b4bd5455b84e02,31,92
b531d541e462b88e165ed7052c23a988,dcad0560e274f2315a5c7ae0732c10a2,44,77
0ff5874d2b83bfeeb63d80b1a0bf3d76,53b633a440f7f3121ad651f56557b8a9,11,85
78a8a0495388a1f149a6ec381355c2b1,646fcf26285f5b35f1b4bd5455b84e02,27,92
ba1868ed08eac2f264d4bbbd31d6c995,53b633a440f7f3121ad651f56557b8a9,11,85
78a8a0495388a1f149a6ec381355c2b1,603990ae118957fce43a360bccb67e64,36,84
6f2a5bdb42a65abc9008c0366d2042f6,8c726add7ca2a8f03a00e62003e560ba,88,
f064cabaf1852d29db26bb6b9d30edf9,603990ae118957fce43a360bccb67e64,25,71
1b01f5d4dce2967b2d444aebbff7462b,603990ae118957fce43a360bccb67e64,31,80
1e7f3f51b8fed8eefd7df374acbf09d6,603990ae118957fce43a360bccb67e64,31,80
8fe745471e9cf576a32512815d3cc123,46388eedeebfeee25015da4072051ed3,33,74
ed06254bb1daf2193cada281a5b7a772,603990ae118957fce43a360bccb67e64,20,81
646fcf26285f5b35f1b4bd5455b84e02,603990ae118957fce43a360bccb67e64,17,81
38dfd41f825c72d128af6e80cfb15a6e,a724c74e517e97684f7f3197caee8869,29,76
05d7c0adf6f4d467aa2d4cd221633434,0a55fe1fd88ce889c5eef78a07a5f35b,15,76
b7df4f97e020e3737660fc4f643d1e25,0a55fe1fd88ce889c5eef78a07a5f35b,20,78
01a03d134420e799dc597b7f256dd0cc,00624f0a9e3e7b328d8791b1e1d9055f,100,
08c8000c01ff2a6ffb75bf1020dcd835,c3c89aa21cadf512e0f87aa43613c7bb,52,86
8de99722af4b6caabf1b920ff5653c55,0a8e9448fd8f8ce5b5521957fdc8589c,44,83
9f8ff7c03d93e3ca383675f29af8e854,9a56640e9c0b95673496d15cd371911a,16,72
9a56640e9c0b95673496d15cd371911a,d415ed35ea7862a46059999ff0986d84,43,80
f9cde1e22da68068f1f2fbff1a318855,d415ed35ea7862a46059999ff0986d84,76,
9a56640e9c0b95673496d15cd371911a,f9cde1e22da68068f1f2fbff1a318855,42,81
9f8ff7c03d93e3ca383675f29af8e854,1136e1e47b7fda4e87f2d9a012706bfb,13,70
4e4c664eb32664f3cf3db503963aef14,def16f35c3b90abd38fa14c284a9c321,34,71
9a56640e9c0b95673496d15cd371911a,def16f35c3b90abd38fa14c284a9c321,20,72
8fe745471e9cf576a32512815d3cc123,1136e1e47b7fda4e87f2d9a012706bfb,26,71
1136e1e47b7fda4e87f2d9a012706bfb,d415ed35ea7862a46059999ff0986d84,48,84
8fe745471e9cf576a32512815d3cc123,9a56640e9c0b95673496d15cd371911a,27,76
09b77a2d62f3c936ae69dab04960fa35,fabbdc16aad24c82dd7775038e843612,36,71
1136e1e47b7fda4e87f2d9a012706bfb,def16f35c3b90abd38fa14c284a9c321,21,72
9b887de85369324330bc8bd9d0e7c0d7,d96d889683006e815b945f9ebd312b4b,48,85
9a56640e9c0b95673496d15cd371911a,1136e1e47b7fda4e87f2d9a012706bfb,69,88
def16f35c3b90abd38fa14c284a9c321,fabbdc16aad24c82dd7775038e843612,37,73
3ef9d30adc4be972f391fa4f1139120d,1f6a17187ab37bf0ab4c3146d7a1769e,13,70
cad4bf8a2825fae0409c8d9a6e89bae3,fabbdc16aad24c82dd7775038e843612,29,79
f9cde1e22da68068f1f2fbff1a318855,1136e1e47b7fda4e87f2d9a012706bfb,42,84
37052f1bdfc61e6dfcb581e7aab4e952,f945de5626cd569b19e66e2d8dd69fd0,34,77
c7cd54a0d3902c89ea369f8bfa398e15,5a2f53dc95d5325787c424e44e9a3015,61,80
90583781b41c1dc82d98a0dd7beb801f,5a2f53dc95d5325787c424e44e9a3015,29,71
232dc42fe77eb1e964203ba5faf78584,9a56640e9c0b95673496d15cd371911a,18,77
09b77a2d62f3c936ae69dab04960fa35,def16f35c3b90abd38fa14c284a9c321,66,90
232dc42fe77eb1e964203ba5faf78584,1136e1e47b7fda4e87f2d9a012706bfb,14,76
b557e9decbde49a93011e82827b40671,1d6da87ed37d3272f4a521f5463aada3,52,80
f064cabaf1852d29db26bb6b9d30edf9,ed06254bb1daf2193cada281a5b7a772,25,90
1b01f5d4dce2967b2d444aebbff7462b,ed06254bb1daf2193cada281a5b7a772,36,92
1e7f3f51b8fed8eefd7df374acbf09d6,ed06254bb1daf2193cada281a5b7a772,36,92
78a8a0495388a1f149a6ec381355c2b1,ed06254bb1daf2193cada281a5b7a772,31,92
5884a2aee99bf4d35c8268411363f93d,175afac8e7f200b337f43c60706ec70a,78,
7c47d403584d7b6c0bf106f4e6894b34,175afac8e7f200b337f43c60706ec70a,81,
8f58fb09614f57eefdb373c0c911d237,01a03d134420e799dc597b7f256dd0cc,21,81
4e4c664eb32664f3cf3db503963aef14,cad4bf8a2825fae0409c8d9a6e89bae3,25,70
0c686dfb2f6ee7799b3d9343b71862f8,53c069c6a66e5ec2908ae34ddf68dcbc,16,70
0fab8ac44a061513483adc60a04535f6,53c069c6a66e5ec2908ae34ddf68dcbc,16,73
11458ab4951de46cbef8f19096694904,cad4bf8a2825fae0409c8d9a6e89bae3,23,71
ed06254bb1daf2193cada281a5b7a772,112c8a6ad2a620f93656f3ff239b3131,42,83
646fcf26285f5b35f1b4bd5455b84e02,112c8a6ad2a620f93656f3ff239b3131,26,83
1b01f5d4dce2967b2d444aebbff7462b,112c8a6ad2a620f93656f3ff239b3131,31,73
1e7f3f51b8fed8eefd7df374acbf09d6,112c8a6ad2a620f93656f3ff239b3131,31,73
9a56640e9c0b95673496d15cd371911a,cad4bf8a2825fae0409c8d9a6e89bae3,21,75
37052f1bdfc61e6dfcb581e7aab4e952,c7cd54a0d3902c89ea369f8bfa398e15,61,76
f945de5626cd569b19e66e2d8dd69fd0,c7cd54a0d3902c89ea369f8bfa398e15,52,80
1b01f5d4dce2967b2d444aebbff7462b,09856b8d0765e997dd958d97bf7a4a14,40,92
f9cde1e22da68068f1f2fbff1a318855,cad4bf8a2825fae0409c8d9a6e89bae3,21,73
1e7f3f51b8fed8eefd7df374acbf09d6,09856b8d0765e997dd958d97bf7a4a14,40,92
ed06254bb1daf2193cada281a5b7a772,09856b8d0765e997dd958d97bf7a4a14,24,84
1136e1e47b7fda4e87f2d9a012706bfb,cad4bf8a2825fae0409c8d9a6e89bae3,21,71
646fcf26285f5b35f1b4bd5455b84e02,09856b8d0765e997dd958d97bf7a4a14,21,84
1f537ba165a96dd161e065c9d26d4131,09856b8d0765e997dd958d97bf7a4a14,24,84
78a8a0495388a1f149a6ec381355c2b1,09856b8d0765e997dd958d97bf7a4a14,31,80
603990ae118957fce43a360bccb67e64,09856b8d0765e997dd958d97bf7a4a14,21,71
f064cabaf1852d29db26bb6b9d30edf9,09856b8d0765e997dd958d97bf7a4a14,21,75
da8a72cc91e37dc34ab5da4a02c8d4a7,1193081e5bee5b2f8f24ce7eb196dbf3,22,77
46388eedeebfeee25015da4072051ed3,81921e3ffedd4915377df45ab2ed2c6e,39,71
d415ed35ea7862a46059999ff0986d84,cad4bf8a2825fae0409c8d9a6e89bae3,21,73
05d7c0adf6f4d467aa2d4cd221633434,b7df4f97e020e3737660fc4f643d1e25,15,77
09b77a2d62f3c936ae69dab04960fa35,cad4bf8a2825fae0409c8d9a6e89bae3,27,76
93157582484a79d9567e21922dbd31e5,035c108d4556f5e61ca1e5468278965d,49,87
cb50f036b99c39cac7b192a129a14f09,4d132242925e01dde73937d3f61f4a4c,52,82
def16f35c3b90abd38fa14c284a9c321,cad4bf8a2825fae0409c8d9a6e89bae3,27,76
ac8721b39a49785e4622401cec79fc55,1d93b0891d0b0fa6071528c18ab440d7,56,86
9674876bf79b007f75573a6c7de66751,7fa62257c8bf1ff50d6c632ccefbc630,50,81
9674876bf79b007f75573a6c7de66751,7fa62257c8bf1ff50d6c632ccefbc630,50,81
8b9281d081018bf0fc444bbfa9b1eeb1,1d93b0891d0b0fa6071528c18ab440d7,62,92
8e54b83cd7deb997b4044565f61c6b84,7583736b88ffcf0ad1e04a007d16b927,100,
5884a2aee99bf4d35c8268411363f93d,7c47d403584d7b6c0bf106f4e6894b34,83,
112c8a6ad2a620f93656f3ff239b3131,1f537ba165a96dd161e065c9d26d4131,26,70
1b01f5d4dce2967b2d444aebbff7462b,1f537ba165a96dd161e065c9d26d4131,36,92
1e7f3f51b8fed8eefd7df374acbf09d6,1f537ba165a96dd161e065c9d26d4131,36,92
ed06254bb1daf2193cada281a5b7a772,1f537ba165a96dd161e065c9d26d4131,21,84
e064f5a2cd8bdfad06673309140938a8,e824ad416c1739d6f9787d47fdd5152f,52,90
d2dddad5eff9b9600052d1ca37d25fc3,8b27bdc7b01d825c9f85bd9f5364ded6,76,
7896a738e2186b094ee465a15783532f,609a74a4bf255ef9fbdecb0afeda684a,51,83
646fcf26285f5b35f1b4bd5455b84e02,1f537ba165a96dd161e065c9d26d4131,24,84
a4249969e3da578e4b59e15a5cee9244,00c152cd14113738ca3a5e85dd0f231b,63,88
603990ae118957fce43a360bccb67e64,1f537ba165a96dd161e065c9d26d4131,21,71
f064cabaf1852d29db26bb6b9d30edf9,1f537ba165a96dd161e065c9d26d4131,25,75
78a8a0495388a1f149a6ec381355c2b1,1f537ba165a96dd161e065c9d26d4131,27,76
9674876bf79b007f75573a6c7de66751,9674876bf79b007f75573a6c7de66751,100,
7450462fd90ad7c7016aea60bd87ccb4,46f8069e46c59a984b00961352aa1eab,53,88
37052f1bdfc61e6dfcb581e7aab4e952,429418c7e2ead92ea5dade18c36ca798,48,78
f4c9a9761912e8dfd973de97ce2ed882,cdb53fc4b3364ba6d11e636f2c1872db,27,81
f945de5626cd569b19e66e2d8dd69fd0,429418c7e2ead92ea5dade18c36ca798,34,74
c7cd54a0d3902c89ea369f8bfa398e15,429418c7e2ead92ea5dade18c36ca798,61,76
a9935fc8c809107f91042c68726b532d,080d1e63a5c52a3e171676decc6f8665,82,
09856b8d0765e997dd958d97bf7a4a14,b0fef8bf7b01e4e89a6a8c82de36c67c,33,92
ed06254bb1daf2193cada281a5b7a772,b0fef8bf7b01e4e89a6a8c82de36c67c,21,78
09b77a2d62f3c936ae69dab04960fa35,81921e3ffedd4915377df45ab2ed2c6e,35,71
646fcf26285f5b35f1b4bd5455b84e02,b0fef8bf7b01e4e89a6a8c82de36c67c,21,78
1b01f5d4dce2967b2d444aebbff7462b,b0fef8bf7b01e4e89a6a8c82de36c67c,36,88
1e7f3f51b8fed8eefd7df374acbf09d6,b0fef8bf7b01e4e89a6a8c82de36c67c,36,88
1f537ba165a96dd161e065c9d26d4131,b0fef8bf7b01e4e89a6a8c82de36c67c,21,76
78a8a0495388a1f149a6ec381355c2b1,b0fef8bf7b01e4e89a6a8c82de36c67c,31,80
59cb78a41f857939fbb0ca93d094559e,8552e6b1fee8c9af73857e1dbbf3bb0e,53,90
603990ae118957fce43a360bccb67e64,b0fef8bf7b01e4e89a6a8c82de36c67c,20,71
112c8a6ad2a620f93656f3ff239b3131,b0fef8bf7b01e4e89a6a8c82de36c67c,26,70
f064cabaf1852d29db26bb6b9d30edf9,b0fef8bf7b01e4e89a6a8c82de36c67c,21,75
def16f35c3b90abd38fa14c284a9c321,81921e3ffedd4915377df45ab2ed2c6e,37,72
ae44c9624c61ec44ac2d7abb6c8ceb22,62938c3e9cb8f94e97e5b8e22a594c20,100,
cad4bf8a2825fae0409c8d9a6e89bae3,81921e3ffedd4915377df45ab2ed2c6e,23,73
fabbdc16aad24c82dd7775038e843612,81921e3ffedd4915377df45ab2ed2c6e,61,89
cad4bf8a2825fae0409c8d9a6e89bae3,4189cf9fd4b933eaabe0c768751b889e,23,73
2cd2a3617e5c6dfecdb8dec902962db4,7d1b359102faa9204af226d63c90e59a,57,92
142b63214415c3c60a0ff805a0b7cf14,07a7014cb611a3fb86540005f30be5e9,73,
0c686dfb2f6ee7799b3d9343b71862f8,0fab8ac44a061513483adc60a04535f6,23,79
232dc42fe77eb1e964203ba5faf78584,cbb2c52e20327e97902b4b521d0d7b95,43,81
4189cf9fd4b933eaabe0c768751b889e,cbb2c52e20327e97902b4b521d0d7b95,13,77
9f8ff7c03d93e3ca383675f29af8e854,cbb2c52e20327e97902b4b521d0d7b95,13,74
4e4c664eb32664f3cf3db503963aef14,cbb2c52e20327e97902b4b521d0d7b95,13,77
11458ab4951de46cbef8f19096694904,cbb2c52e20327e97902b4b521d0d7b95,13,77
81921e3ffedd4915377df45ab2ed2c6e,4189cf9fd4b933eaabe0c768751b889e,24,79
8fe745471e9cf576a32512815d3cc123,cbb2c52e20327e97902b4b521d0d7b95,13,81
46388eedeebfeee25015da4072051ed3,cbb2c52e20327e97902b4b521d0d7b95,13,77
378513111bb97c33a4c4654079383cbf,d2dddad5eff9b9600052d1ca37d25fc3,100,
9a56640e9c0b95673496d15cd371911a,cbb2c52e20327e97902b4b521d0d7b95,13,81
f9cde1e22da68068f1f2fbff1a318855,cbb2c52e20327e97902b4b521d0d7b95,13,81
1136e1e47b7fda4e87f2d9a012706bfb,cbb2c52e20327e97902b4b521d0d7b95,13,81
d415ed35ea7862a46059999ff0986d84,cbb2c52e20327e97902b4b521d0d7b95,13,81
09b77a2d62f3c936ae69dab04960fa35,cbb2c52e20327e97902b4b521d0d7b95,13,81
def16f35c3b90abd38fa14c284a9c321,cbb2c52e20327e97902b4b521d0d7b95,13,74
378513111bb97c33a4c4654079383cbf,3381f8076d962ca44fcce0e353c6d6c5,72,
d2dddad5eff9b9600052d1ca37d25fc3,3381f8076d962ca44fcce0e353c6d6c5,76,
6c1c2fd8b0648487b62af266820442c6,42998cb344f838df8b617eccaf4466a3,18,70
4cc2ba227ef2ae1c814cb140d53351ab,8c9a06396e1c2b63b65f90ddaa313406,100,
396db8464df2146cb079c753729d59f9,f738164872c44d3a7555f1965509fea0,30,81
ab74090e01a6fa8059e3217049f1e081,f3cce4d8bb15937782283b21b60696c1,100,
a337b26c5202c486afc9ef9c8920517e,e351ac5a6b3cbf5198adfa9b913e3f6a,100,
44c17475d46c276e5ec4e0ac16e36a53,92a003abfe34232874ba96bd1dc43965,100,
2134809c65e910d6abb4f80249d1ea51,d823071fe7aaed0bfd140b993f06a986,100,
229c81bab1183c210e0ffa2d89b69592,9681d5336965a40c1321787788af095b,100,
fae9c9870f33cb5dbb6a1584ae9dfd1e,665da07f40dd4d57dd18802b8074f5ab,45,85
1586e26c1e083fccd73db355effab6c9,16b8ca2774de5502b85d2aff62ce4fc5,33,72
479d571117247b4aafa24a66ddda36ae,32ca0551f1fec62c3a6ee59b4ea30d55,11,70
df8579727dc57ff14d8cf9cb8c7cdf77,06f55126a7f333b332fe9cb98f26ea95,39,75
1f894c5d29f7559a96b8a1551a7f4e9c,32ca0551f1fec62c3a6ee59b4ea30d55,42,73
2b72444756cc745f0e4eeb31f8906814,2a95dc6be72ba57537daae7d43e64f25,19,76
d34215c65a76148dba8ca9724af03480,f50c6d9ea7ee51ef29526d00c1923042,81,
19e70fa112857359bbe11520e6690635,aa082c09e5c3506e2056ce3ee53214e0,100,
5e3cf6c45659dff4beb6e48b0e590ced,4071cb60564fbd785b8d50328c44c3ec,33,84
2a95dc6be72ba57537daae7d43e64f25,10dbda4e50f6ee205ea7ee11154ee814,19,72
68d8b86a652bdcfaec1e9aa3518a2f22,973241f0c93a3a45f179c68655902c33,27,80
7634c45cba407d755e4a59e2650213b2,f5ab833d5354877d988a9f72cd1601f0,78,
7a25b1016e08c3f5c6593b41c2c559f5,11740c83ba0ddb226db56716960358df,30,81
af9b0e92dcfd968235db95ea9624d1ab,11740c83ba0ddb226db56716960358df,50,86
7a25b1016e08c3f5c6593b41c2c559f5,af9b0e92dcfd968235db95ea9624d1ab,100,
2b72444756cc745f0e4eeb31f8906814,da267c45ce8a5b70d8713f0332146a9a,100,
fbd54cc43646efadd40630f7a78423f0,a03faaa981fa17d44754aa795288ae0f,100,
ef5711c639dc8e051165ac5a335478f6,aa91b8b7c116c25d5a8cb4116dc1fd26,100,
ef5711c639dc8e051165ac5a335478f6,f0456d36179d4f44b394395b195d4578,100,
50ee33a03ddd20dc308f72f4410b1c5a,5015f3203e2986c9e9e1b518db8f03e3,100,
93119ec2b5204a7478f4161c2bf5554a,77d628a00b996eacee8edf5d803851a0,23,71
a1f148583416034c03b3cbb4955ae67c,ccc06d826ab74b8c15ba2e88805c45db,87,
519952fb528a2fb46d95b259fbc788d8,8aa82311095d6d8b8eb77344e0f0e9b9,53,90
01a9322f3b9f4b8cf159ad85310b1e4e,01a9322f3b9f4b8cf159ad85310b1e4e,100,
01a9322f3b9f4b8cf159ad85310b1e4e,01a9322f3b9f4b8cf159ad85310b1e4e,100,
df0d36dc97c489e7fb4b4ea6b4599f7d,72a7dd87344d2d94a00251edce38167f,84,
82689012d2758e0d3985fafa2d7fdc9d,c3b52113dc9e5d6e4a52d4da3cc196bb,14,70
d4087b85be4f48bd03e633902839dfaf,cbb0cf275590e15feeb6c9542d8fd272,67,91
4cc2ba227ef2ae1c814cb140d53351ab,86a03430711a142e9d9aba2433f9ed4a,46,87
4257e0ebfb979be6893d294892ba292d,db8a834cc73f63385c2fc96116a5a049,83,
f94c02c57caf5e8e481a2b17e5a93195,f6567ead598bf12c0ba982886484deb4,65,86
aff47c93b72a160c9c973d04c9ff6a70,f9eca0e3f14c90487e69dd0d3e15b046,100,
fa70d1ca0368785c0e2ea3df0c8c610a,138a41eb5c3877219ee67adea2241ca1,17,80
b66a45041aa50b9586d262ddc028ff5e,9477b30735d672ba648f57f538c05875,34,84
9c15e10ee561d4eb0f8f0e162f6433c2,25abbb15fe3177c910fa0d989d071efb,27,74
11740c83ba0ddb226db56716960358df,e2b2e9171753b1ad84d1907e52a0fd17,100,
7a25b1016e08c3f5c6593b41c2c559f5,e2b2e9171753b1ad84d1907e52a0fd17,50,86
af9b0e92dcfd968235db95ea9624d1ab,e2b2e9171753b1ad84d1907e52a0fd17,50,86
a337b26c5202c486afc9ef9c8920517e,c9f498d8ced6d6c03906b1762b0fa377,100,
492904b44e1d1b7c773a26a547ae2971,49ee9d3c121604c58a0a72d04ffacd9a,100,
93119ec2b5204a7478f4161c2bf5554a,59c3435a8419c18468272bb738f1c7e1,26,75
77d628a00b996eacee8edf5d803851a0,59c3435a8419c18468272bb738f1c7e1,100,
913b7ec1947677e97665418184e8417d,d13d1d675099af7db4d34bbafa0728d3,100,
10dbda4e50f6ee205ea7ee11154ee814,2d5c35145feab74b724cf266b77183b7,100,
8450c76a988c11b040e7eb0d16f04e0e,1fe604847d6e2bd36d271590b78050a1,100,
dd4ccb4aff8369623f3b7c0cbb5a6c1f,a755980d319690e43033d9c9a6f7193f,100,
121908813f59c6e55d2ab2da84929ec9,918449c6fe6d39a251e10df6f4d0de6f,47,95
8450c76a988c11b040e7eb0d16f04e0e,8c21624b0e2cf022e8e2b1a796c6e344,14,70
3173d3fa466c911fdeedb78edb9450d6,918449c6fe6d39a251e10df6f4d0de6f,52,96
7f413671602da5141c85847d74ae6d03,e04e195fee5028ce256ef60f4df54b56,31,84
23238b145413dbfd40483e3807328aba,c17516cb546307fb126a03dadb10ffba,56,86
7f413671602da5141c85847d74ae6d03,68a82b690f1adf4fa70655d43d9820c0,59,84
809c5b782795c1ba3da4de1a6ed1ddc8,7725e217881054504753209bc83f1f9c,22,73
8450c76a988c11b040e7eb0d16f04e0e,0f122c70e28d316033f7709015e54ed0,100,
6d9337ec4b3bec5aa23aa43448275f68,47ed15c54055998eb1b316d754f18f0f,30,73
7ec0814a292c745d663cfafb035ce5c8,768ff0db5abb94d7614f7e224d94a850,100,
5366cdfc082b4d474a8700abab2dda0f,260d7b2beb49d4131ff72616b49cfd55,100,
fe54389df1a3b70a88487c710e99e061,26e9bd730740906fbfbdbbbba3b4ed54,22,82
85746a4d20665c8e5f13311378e411ca,68a82b690f1adf4fa70655d43d9820c0,47,89
ee8f2d305a7d95257e64005adc9afa83,26e9bd730740906fbfbdbbbba3b4ed54,21,79
35c71f518e59bd79a92e1f249deb96f9,20914b0f3795d8757eebcb31829ab40b,100,
82cc250371a080c4e4a9e30c9f4d104f,5fb3b854b84151703deee03f3e14304a,40,73
0fed3720a74b8f9f4273b0bed6b1984b,e927f341d29b94c4542c0a614a523f86,37,85
2b584cdeaef025014ae6b2c4a4bf8c5f,01b736183f8036b0f2c9e14e347dc085,19,70
e71e9bdb8cc625f674d29b25806ecfcf,9de71449ed22ad205dd58051a19f11f8,12,80
6ea259cb3b13bab3b2cc3a7c69213f28,01b736183f8036b0f2c9e14e347dc085,19,70
2b584cdeaef025014ae6b2c4a4bf8c5f,04493f4fc1c2f5c92f2c66286f8f3031,11,70
6ea259cb3b13bab3b2cc3a7c69213f28,04493f4fc1c2f5c92f2c66286f8f3031,11,73
3ed533a276a13cc9cabc250d9df4aeba,e9297212abf5820de613fd567d5fd76b,100,
746526bdf90f16f7d8f779e296cc9f25,e037b42b41d67561e36f2312b54e268f,48,72
8c21624b0e2cf022e8e2b1a796c6e344,e34a2106b8055a5cd6ab22bc834bad46,37,84
407f458b10d4a01ae854da729f13f98f,e34a2106b8055a5cd6ab22bc834bad46,50,86
809c5b782795c1ba3da4de1a6ed1ddc8,652106f792025da3cb9a68fc3e73c044,50,76
7f413671602da5141c85847d74ae6d03,a60353323a4a846723e5c318dcfe7270,59,84
5e4c08214f6ea8ad71d75fa73c693cf0,ffb2376a155fd60bc9da1bcad0bfbdc6,51,76
6cf8baa5abb2563fe116926f9db0799a,eaddac7d765688c568e1018a7172edaf,44,93
68a82b690f1adf4fa70655d43d9820c0,a60353323a4a846723e5c318dcfe7270,43,70
fe54389df1a3b70a88487c710e99e061,ee8f2d305a7d95257e64005adc9afa83,77,
af64dd66679d8f3e7d7ff2abe4ce83ac,9a4bf6f049fec67323a8814ef5dad677,53,80
85746a4d20665c8e5f13311378e411ca,a60353323a4a846723e5c318dcfe7270,36,74
fe54389df1a3b70a88487c710e99e061,3490ba9f894c0071095a966cc3ef76ea,67,98
52f5c12893ba8ee647e3e3a0aa59d554,9a4bf6f049fec67323a8814ef5dad677,59,80
ee8f2d305a7d95257e64005adc9afa83,3490ba9f894c0071095a966cc3ef76ea,46,88
f9b7929a7d99f703c1260473f7704ead,da52e8bd6d687b061708138977b1929a,61,86
213825af0a506bb6e8727c1224b034c3,3490ba9f894c0071095a966cc3ef76ea,26,79
af64dd66679d8f3e7d7ff2abe4ce83ac,72f0ac1d036ac0c78129df49f18c0ffc,21,71
9e8f87cebd5de3794cc04fa0fda98de7,65a7678ecc4cb9110f8506491ee2e4a3,28,90
dd178c4e3be64aabdd03ca7c72524513,65a7678ecc4cb9110f8506491ee2e4a3,71,
7cb47f4ac64e87885237022f2285d541,3490ba9f894c0071095a966cc3ef76ea,14,72
9a4bf6f049fec67323a8814ef5dad677,72f0ac1d036ac0c78129df49f18c0ffc,21,71
26e9bd730740906fbfbdbbbba3b4ed54,3490ba9f894c0071095a966cc3ef76ea,41,82
87438043f68c9dfc04887c01fc25c95d,e219bd9401362dd4a73149198ebca89d,43,87
a99b3b9643b5fe3ded9d97f70a5761af,e219bd9401362dd4a73149198ebca89d,20,75
434395dc924eead3dbec7314131cd950,b1d16ff65fb575aaf8853077b2dd24f5,49,70
568d4e34201101374494ded903e7eada,037ab70b4d7e151d3a67e2e7abf2dcfe,50,71
8d4f7df5fca3afd864066dae4e4705bf,b4da3d168520ca97328dcea5f8a62035,71,
5366cdfc082b4d474a8700abab2dda0f,cddbaa6e85b4a265819ebb6c9aca9830,26,74
af64dd66679d8f3e7d7ff2abe4ce83ac,a730488a44a45520a46bd3f1cf61e0cb,51,75
260d7b2beb49d4131ff72616b49cfd55,cddbaa6e85b4a265819ebb6c9aca9830,29,81
a8d8ecfc1ad55d02b0e2acecc15bf00f,bb6b09aa1a5feb4e60567eab012ce525,26,72
121908813f59c6e55d2ab2da84929ec9,3173d3fa466c911fdeedb78edb9450d6,47,95
59fc7a90dcaa908069680bee6afaeb1b,d5601e31fa37533f4aee158ed1d156c2,100,
8450c76a988c11b040e7eb0d16f04e0e,0d4370f63f5983e77eb27d3a995e0d4b,100,
8450c76a988c11b040e7eb0d16f04e0e,d3fb9c14f0a4ce345bf4f8e590e26ab1,100,
0fed3720a74b8f9f4273b0bed6b1984b,ddf145d8c4987051504e51f4186466f3,31,82
e927f341d29b94c4542c0a614a523f86,ddf145d8c4987051504e51f4186466f3,100,
fe54389df1a3b70a88487c710e99e061,213825af0a506bb6e8727c1224b034c3,28,85
ee8f2d305a7d95257e64005adc9afa83,213825af0a506bb6e8727c1224b034c3,13,77
fe54389df1a3b70a88487c710e99e061,a0d388a1c554c14804dca39c83812591,28,85
ee8f2d305a7d95257e64005adc9afa83,a0d388a1c554c14804dca39c83812591,13,76
213825af0a506bb6e8727c1224b034c3,a0d388a1c554c14804dca39c83812591,48,92
52f5c12893ba8ee647e3e3a0aa59d554,a730488a44a45520a46bd3f1cf61e0cb,56,78
7cb47f4ac64e87885237022f2285d541,a0d388a1c554c14804dca39c83812591,34,85
b479d6b5d304e52f6671439f4c44927b,1dffe98bd8ec345e7ae79f93d0984a3c,18,76
61f28d43da0b58c0288b31765ae7de42,1dffe98bd8ec345e7ae79f93d0984a3c,13,80
fe54389df1a3b70a88487c710e99e061,7cb47f4ac64e87885237022f2285d541,16,85
26e9bd730740906fbfbdbbbba3b4ed54,a0d388a1c554c14804dca39c83812591,14,73
5a7f2d09ac545ff5e846ab277a21e6c4,1dffe98bd8ec345e7ae79f93d0984a3c,18,80
3490ba9f894c0071095a966cc3ef76ea,a0d388a1c554c14804dca39c83812591,37,85
53f3bb1c5f751541f26008e5012926d9,46af1f7c5bcd4db1d73107c959a3ebab,51,81
8c21624b0e2cf022e8e2b1a796c6e344,407f458b10d4a01ae854da729f13f98f,48,84
a99b3b9643b5fe3ded9d97f70a5761af,89782c5de74406a9fd173c51ee500927,16,75
38267e1e8d3f8c0b59c8c47733418f1a,11353c646d1277e0e296408305cbaf62,34,73
518a600ed8fcdd772a6509bba7da988f,488015645aaf78fc29a620dd9fd5e9fa,100,
ee8f2d305a7d95257e64005adc9afa83,7cb47f4ac64e87885237022f2285d541,25,85
213825af0a506bb6e8727c1224b034c3,7cb47f4ac64e87885237022f2285d541,82,
329ebf4dbf726400cd830564b49da494,47fce579c8809131353ecb5e761f8b09,24,79
9949ca6cc53e672654a19e388ebff6cd,f3e7a4b2947caa1eb74ccba990ae8fd9,100,
fe54389df1a3b70a88487c710e99e061,f174b8202fe6afb1ea167afdafd8a69e,16,85
809c5b782795c1ba3da4de1a6ed1ddc8,267758d941d627ede9c7fe16304d0f93,22,73
29884c8dc780ce080bea2118cae8b086,574050a39696e14dca96d3f2d12f967f,10,71
ee8f2d305a7d95257e64005adc9afa83,f174b8202fe6afb1ea167afdafd8a69e,25,85
85746a4d20665c8e5f13311378e411ca,9768107fe07ea6ff189320c7cf6e1223,39,70
7f413671602da5141c85847d74ae6d03,85746a4d20665c8e5f13311378e411ca,54,84
cb031db97c9356368021826d3fbbb444,297c617e357fc72d0ef8d8140e182adf,14,84
7f413671602da5141c85847d74ae6d03,9768107fe07ea6ff189320c7cf6e1223,54,84
0b2d3f617b32e102ca6010ee2bf4efe7,8722be0729170a497eca009b40f22348,85,
213825af0a506bb6e8727c1224b034c3,f174b8202fe6afb1ea167afdafd8a69e,36,92
809c5b782795c1ba3da4de1a6ed1ddc8,9edc7d1be8fb5da3f234d7cc074d7962,40,76
7cb47f4ac64e87885237022f2285d541,f174b8202fe6afb1ea167afdafd8a69e,50,93
4abac3cb169242c1dbe2f0d4d48cc0b7,db1d3556b14728b7057126d10fe66c9b,43,74
26e9bd730740906fbfbdbbbba3b4ed54,f174b8202fe6afb1ea167afdafd8a69e,18,78
9e8f87cebd5de3794cc04fa0fda98de7,9f0c675074301998bdec52a11adbcd14,25,85
52f5c12893ba8ee647e3e3a0aa59d554,f5050b0349de2b454d339649e23e7494,23,71
dd178c4e3be64aabdd03ca7c72524513,9f0c675074301998bdec52a11adbcd14,63,89
65a7678ecc4cb9110f8506491ee2e4a3,9f0c675074301998bdec52a11adbcd14,71,
3490ba9f894c0071095a966cc3ef76ea,f174b8202fe6afb1ea167afdafd8a69e,27,85
8b27bdc7b01d825c9f85bd9f5364ded6,3381f8076d962ca44fcce0e353c6d6c5,100,
a0d388a1c554c14804dca39c83812591,f174b8202fe6afb1ea167afdafd8a69e,85,
a99b3b9643b5fe3ded9d97f70a5761af,b834aa93adba57b1ab51fd33f11b05d8,38,84
89782c5de74406a9fd173c51ee500927,b834aa93adba57b1ab51fd33f11b05d8,14,72
2b584cdeaef025014ae6b2c4a4bf8c5f,6ea259cb3b13bab3b2cc3a7c69213f28,40,86
9e8f87cebd5de3794cc04fa0fda98de7,dd178c4e3be64aabdd03ca7c72524513,44,91
3ed787332691d54a0a2164a06136c75d,0ec5105498c3fc5aeaaf78962a7918b5,41,72
329ebf4dbf726400cd830564b49da494,2c59c468c9db5f4235f6aacd8f710f8b,14,76
af64dd66679d8f3e7d7ff2abe4ce83ac,52f5c12893ba8ee647e3e3a0aa59d554,59,75
dda136a3c938a57dace53c138509d313,5af53a39d4528be09051e34ed822708d,70,
809c5b782795c1ba3da4de1a6ed1ddc8,b20ccc21b199a427f9cc93f62e6f28dd,40,73
5366cdfc082b4d474a8700abab2dda0f,dcef4f32e3ca8e72d0e77066ffc5145b,40,84
260d7b2beb49d4131ff72616b49cfd55,dcef4f32e3ca8e72d0e77066ffc5145b,29,81
277203d6606d548f81ae4aa94175a982,8869f9337a1ba881010922b32289f740,44,82
e3afc131bfd7e6763ce48f025925b5b0,39785c745dc74b05c44a6e436cd2bcc8,18,73
0ec5105498c3fc5aeaaf78962a7918b5,afb229db4fa7896b8c76d6eaa442fce9,38,87
267758d941d627ede9c7fe16304d0f93,25cd58d7ac8efc1bc1a59a4274c6b5ae,17,70
d5f966548c45af15c057da86c2c7b482,3453a2fa7a88f8814c02975d1e3ceae2,25,82
87254e7309fde339266264d400fad154,8693f72058b186ea1dd107a31133b534,100,
01a9322f3b9f4b8cf159ad85310b1e4e,01a9322f3b9f4b8cf159ad85310b1e4e,100,
109164ad149e139ea7c05cb66b3da487,6ea7e7f99e61a3fa4217e4f697c004eb,100,
6898e0bfa9b8f485c3dff1f1f0c33b66,54b636953555e5d79a22fddf2af6c784,36,76
aad9f397dd04cbf22b73ef45d701959e,70460ea0c1616697de475539ccf8a85c,18,70
49f86d43a17a57fd392c3a1682a8669d,48a367e2319362127fa9a7bbfcc8aae7,87,
3b24f026aee6ff1b3cf8d25f10ed6ef8,fdcde22a7b2734cf7f22d8270d6c0f55,46,74
97fbd734bb40b24cba3eb7f867e2e4fc,00c36bcb01167a983ad267ae41ccf01a,35,79
a9a7dc6becf17b7220317c22523789e7,00c36bcb01167a983ad267ae41ccf01a,20,75
44cc27aaf0fdd1374a9157e99d0b4879,aad9f397dd04cbf22b73ef45d701959e,12,75
3310f92314838767d14a0b555f6f2d18,f7e795bd55a50120e64e29e022aae967,25,83
c0a1573be8e221951a373b6767e0b0e9,8176b425db6667db34030e25e0a5e55a,100,
248ab9a648741027201715bcf0b11d9b,4b4f6180593c9d6c27b734bc0c4e9d69,32,84
546fa4515ea12e151cee94015062c683,438dc4363feec8987b0d2ad7b46e759d,61,81
5fdea5608c3adfaef8196633132589e5,438dc4363feec8987b0d2ad7b46e759d,62,74
1dffe98bd8ec345e7ae79f93d0984a3c,4ca81beeebe3277908537993497660af,13,76
1cc7188a5d2f4583812c0d1ce926a0b9,9f6e8af8007f92aa4edf9433dfbfcf91,100,
546fa4515ea12e151cee94015062c683,291208ae76866c183339043c574d20a1,61,82
438dc4363feec8987b0d2ad7b46e759d,291208ae76866c183339043c574d20a1,61,73
bfd89edc4365b7ba583dad3700940a41,f6fe14f532c272cb940e36fc2308f955,42,84
5fdea5608c3adfaef8196633132589e5,291208ae76866c183339043c574d20a1,59,72
999d77fd9b6a638887aa12a126d943af,4ca292ec4fc67c1696347393fa6a2e67,26,77
e2f3e6f1a6203ee28545bc1a2aeab4ce,291208ae76866c183339043c574d20a1,59,79
dc1fa6908933f9ea77c5c97acb0df95e,9edc7d1be8fb5da3f234d7cc074d7962,54,75
c2deda5029f827533339f9b101a51613,7b98803103a95e51bbe689aeab2e0785,69,85
6898e0bfa9b8f485c3dff1f1f0c33b66,9edc7d1be8fb5da3f234d7cc074d7962,36,73
b59c405230e12114d439acba5babe369,3e96508b6d4979b2c121db99d17a12ed,100,
6898e0bfa9b8f485c3dff1f1f0c33b66,c7b3fbb055a222ec237e8f03c85ffe3b,13,76
54b636953555e5d79a22fddf2af6c784,c7b3fbb055a222ec237e8f03c85ffe3b,12,78
8912e554cd71c23e84b777fbe99c14d7,45fc34cbccbecf2837d9f804ec7895d8,62,75
4907675dfec6f893fdea6bb31f97a16b,eb735339d1834d17b20a0e936bed543d,34,76
874c86be3685308fb1139f674b3e8c3c,bb97673cf41e74cf0c4e182307e11cb0,30,70
97866ac98cf1ed38a56e2ff1c10d26ca,1bc88c6b2a1b97992bda03f7db67820a,100,
bfd89edc4365b7ba583dad3700940a41,3b086b878894e06dd7ab21b9ef5ce192,41,87
47eb1c2ce5f593eea610d4a9849b1884,f873615496004c253dda686305edfc1c,30,74
a3f4816df4ac272803d9b5fa01f4ccbb,f873615496004c253dda686305edfc1c,39,88
615b077dc1527ae9dfc8d8789b5d51a8,a6f170180a3f4ed71ea9c91a57edfb81,100,
f6fe14f532c272cb940e36fc2308f955,3b086b878894e06dd7ab21b9ef5ce192,40,75
3b24f026aee6ff1b3cf8d25f10ed6ef8,737b1efe759658a8dd9d078526fe5a18,30,74
07d79f8399d55e6080d9d735ca8b88b4,3b086b878894e06dd7ab21b9ef5ce192,41,79
9aefede01437bc4d8f7f01bc30e1ea98,b3c545c2158cb67f870ad20963805ab7,10,73
e2f3e6f1a6203ee28545bc1a2aeab4ce,8b39cce9f67dc2126bd678295d22140d,14,77
166b44da28ad874a9226849a2e396898,737b1efe759658a8dd9d078526fe5a18,76,
4280f369a600f486b914c34a479c93e3,447014162c1bd85fbd2ec557d3d911d4,81,
248ab9a648741027201715bcf0b11d9b,8e4d71968b75d708ca501c1a78064d58,39,84
4b4f6180593c9d6c27b734bc0c4e9d69,8e4d71968b75d708ca501c1a78064d58,50,91
851fad52099d55188fd8f1c9fa3fcae9,e2cc341d5dba435eb3afa77b7babe5ee,21,83
4b8ffb2c23ee7a5dea507770ce5ff8d6,542ea43d0efef13d3ab8d26c20299a49,59,80
bef5f4b5ec84128eb53eaaca99e6599c,e4ae488f95ef7d3089cf85a0bf8ea9c1,60,77
bfd89edc4365b7ba583dad3700940a41,07d79f8399d55e6080d9d735ca8b88b4,51,92
f6fe14f532c272cb940e36fc2308f955,07d79f8399d55e6080d9d735ca8b88b4,45,73
88985367bf1f6b642a7e826ae980a5ef,5ef0105b62f4de93fdcc1b97e290e8e4,37,78
5fdea5608c3adfaef8196633132589e5,e2f3e6f1a6203ee28545bc1a2aeab4ce,46,73
438dc4363feec8987b0d2ad7b46e759d,e2f3e6f1a6203ee28545bc1a2aeab4ce,59,81
3b24f026aee6ff1b3cf8d25f10ed6ef8,e2f3e6f1a6203ee28545bc1a2aeab4ce,64,86
f34fa25e842d247e904a7b8826ceddf8,e2f3e6f1a6203ee28545bc1a2aeab4ce,39,75
c052c20e8486fc51e81125d448b09fd7,291208ae76866c183339043c574d20a1,70,
59333771f70535082019538556b45182,a64c89b46af6ff1b4193f9ba0fae012b,20,79
f029aa7e4a09237f47c1e5b52225f787,a64c89b46af6ff1b4193f9ba0fae012b,66,96
3247dcf9190be181ed8dc338688aa9cb,a1b19762553a3fe6043108587b23284f,39,82
745ab374328631097a5a25f32e803af8,bc9f0407aeb14715dc650109e270349a,37,77
530ccec16fee2942b39b394e44e615cf,7fe52f712e525cc910bf2e17717f3974,100,
2ddd1c558304da343704f96f8095ff95,ccef1ed59e7605358408040d2d51ba12,28,86
0664cfc9a1452374fb26c957e60e71af,df86bb964d6da82315c973e9793f2381,100,
1c32068f4d040f1a05a3db249329ecf4,9a089cf1ea12b66c98f2173731368f1b,45,82
9f405477a7e4d5dd370b65e49bf7619e,c722c2c7bd5aa06d377640a57e8d7656,100,
b37d2312f1d9472e21bb414cdabda0dc,bf785c7c6be79ef5e26d347e0d1c422f,39,81
bde1c7678ffa9d80b1995e373739173f,69d2126ae2b2c325ab617cc38a9c6c26,23,73
dd137572922ae977ccb1b23a0dd1f251,9a089cf1ea12b66c98f2173731368f1b,13,75
eca0b4bb89016fd18fada95a1c7cd6b8,bb6a52793f9a7960b4ddf091ac250c05,28,75
a7dba4e52ce61bac3301e3fb2a5a82da,77919216f61dd6019fe68310adce1a12,100,
4e0608d811282d6398c69a52c4610cff,61bae61929cd7b3dee2a2d0269817464,100,
e1dc57df61dc39babae787673f757890,076dd2370fa12277079763135f6932ad,38,79
530ccec16fee2942b39b394e44e615cf,16affc14edad63b3aecf19411e1fd93d,27,77
3336980d8eae94f9e417a9b4bd89ffe7,66acb9ef744ed4e0570250b0b754ad31,65,88
abcdcde6b5d40b81d5a5b2c5bb0e8367,2246c1a27cc0caf2cf43a686e8f24ca8,44,74
e72bd0f46d2f7cbd2eaec6eaf3285db1,21543064328b3e0c79cf24449d234464,39,72
26467df8415e005aaf95bf1ca10dc95c,59333771f70535082019538556b45182,10,70
59333771f70535082019538556b45182,f029aa7e4a09237f47c1e5b52225f787,20,79
1c32068f4d040f1a05a3db249329ecf4,e071dee2b84e587e785259bf1f9b39d6,29,86
4d16e529707da50d95787c6ded6747d3,604a634a15a78b1ab821874aad84095f,100,
9c0c301d90a6984f08f572065f5fd6ec,21543064328b3e0c79cf24449d234464,48,75
de009fa94a76526575601549a84ac200,98819653de89c4467cda648699961e5a,25,70
92c6160c4c00bfe4347069f2b57e6a63,f5ab76126569bfb0e08da8b417098bb6,20,70
4e0608d811282d6398c69a52c4610cff,c91f7fad00e1ebe7011b4f089651f404,100,
ac83eb10f4bb52453baa87b27efdfdf9,f5a93b8184d8b36be3b4fbd320268ee9,100,
7b67d80d212ca9865672bec7c0e6fe0a,e54b3ad53ea1cea2bab64c462f71d12f,28,72
624757c8201b0d79270d96aa6d15d089,98819653de89c4467cda648699961e5a,22,75
9f405477a7e4d5dd370b65e49bf7619e,c91f7fad00e1ebe7011b4f089651f404,12,83
ecc4abfa1d53734d3fd9ec807f7f8985,0ce772c56495099a45f51d8262fa1473,100,
38b619438afd5332224f8710cf82f5e9,e436930e69e37fb51a2f881f44f56030,32,84
c722c2c7bd5aa06d377640a57e8d7656,c91f7fad00e1ebe7011b4f089651f404,12,83
f872e83dfdb5ae32e67677b21a3ee73f,b1d16ff65fb575aaf8853077b2dd24f5,55,70
5569176f5cd99e5e2c591a9f7916c57d,88d45c3fa82cd87ff3b6f628e176826d,37,74
aa808b5da06328a23ed32fc56f3ab479,c774b9a6bc994e621476b0ad765860de,27,73
03d0647e52185ea31d3482efa6417cdf,c9236aca2823a2eefa4fd9f5025e2844,72,
c722c2c7bd5aa06d377640a57e8d7656,4e0608d811282d6398c69a52c4610cff,12,83
b37d2312f1d9472e21bb414cdabda0dc,b37d2312f1d9472e21bb414cdabda0dc,100,
bf785c7c6be79ef5e26d347e0d1c422f,b37d2312f1d9472e21bb414cdabda0dc,39,81
fdf32ef5eda995fedd5bda4ff97a70ce,5f20222caa0488737b4b876069de683c,58,93
9f405477a7e4d5dd370b65e49bf7619e,83cde59a6421d8be8d3ddf25285c8864,100,
4d16e529707da50d95787c6ded6747d3,0b2d0a78cf8fd7adc1f31d548024f354,100,
604a634a15a78b1ab821874aad84095f,0b2d0a78cf8fd7adc1f31d548024f354,60,96
ac83eb10f4bb52453baa87b27efdfdf9,a850919ef1ea486ea63496d014df0ed7,100,
9cf044d3a3145c05143d2e97c9b45525,05f8cd36ae812d6cde7d71665cee60d0,91,
2a493c38d227b07ed4ddfbb0598127f4,a8bda78a96318caeb571957936cd37ca,75,
94153b12fe39fcd8398376d151b0fb6e,0da45b284385dad9e7cdcbcf21f9e953,52,88
98e9d172f774aad2b4cd32020ca5afc3,a8bda78a96318caeb571957936cd37ca,75,
af06e583ef42d1f262014f347d18bed7,0796dd2e17d6f3f40de1783694b8af7c,32,74
af06e583ef42d1f262014f347d18bed7,3e3b88a55b25338505fe1963850772de,46,79
af06e583ef42d1f262014f347d18bed7,6c7addc19a9dbbe9cf3ebed3da651bb6,41,75
a8bda78a96318caeb571957936cd37ca,85974023c6c7865eda984000a5ab5d23,73,
2a493c38d227b07ed4ddfbb0598127f4,85974023c6c7865eda984000a5ab5d23,75,
98e9d172f774aad2b4cd32020ca5afc3,85974023c6c7865eda984000a5ab5d23,75,
541140644b362ce138da9a7f722b4874,1967767c837c69f3ce845e6cca046ea1,100,
3e3b88a55b25338505fe1963850772de,6c7addc19a9dbbe9cf3ebed3da651bb6,41,71
0796dd2e17d6f3f40de1783694b8af7c,b2b03fbaa0687fc5ed49cd8d76412f71,18,83
d817fc759fd925b25f833a493f9b6882,b2b03fbaa0687fc5ed49cd8d76412f71,36,88
0796dd2e17d6f3f40de1783694b8af7c,6c7addc19a9dbbe9cf3ebed3da651bb6,33,85
9cf044d3a3145c05143d2e97c9b45525,0796dd2e17d6f3f40de1783694b8af7c,20,80
4fd6f05dacf0c8d4e3a9e8c553232b0a,e2e7d0407b89b8c1f35df2cc9c3471f4,26,77
8a71c01a1b024f4531cbca798099adc5,b2b03fbaa0687fc5ed49cd8d76412f71,43,72
d817fc759fd925b25f833a493f9b6882,6c7addc19a9dbbe9cf3ebed3da651bb6,54,88
8a71c01a1b024f4531cbca798099adc5,6c7addc19a9dbbe9cf3ebed3da651bb6,75,
d09629f22c29c214af83d03742b1be92,6c7addc19a9dbbe9cf3ebed3da651bb6,79,
c34fb5d3828e898bc3e6e6a7d44e0816,6c7addc19a9dbbe9cf3ebed3da651bb6,79,
04a06736c42c4e3005aeb15cafc1549e,6c7addc19a9dbbe9cf3ebed3da651bb6,41,75
d09629f22c29c214af83d03742b1be92,b2b03fbaa0687fc5ed49cd8d76412f71,62,92
05f8cd36ae812d6cde7d71665cee60d0,0796dd2e17d6f3f40de1783694b8af7c,20,80
a8bda78a96318caeb571957936cd37ca,eb5ffa6ba9fb7f8a3a9d9315fc69b176,73,
85974023c6c7865eda984000a5ab5d23,eb5ffa6ba9fb7f8a3a9d9315fc69b176,73,
2a493c38d227b07ed4ddfbb0598127f4,eb5ffa6ba9fb7f8a3a9d9315fc69b176,75,
98e9d172f774aad2b4cd32020ca5afc3,eb5ffa6ba9fb7f8a3a9d9315fc69b176,75,
2a1a38529a99a62c09cec05e6f8a9d58,6c7addc19a9dbbe9cf3ebed3da651bb6,45,82
0a32fdb0d8222705e4bd917c71d98a1f,6c7addc19a9dbbe9cf3ebed3da651bb6,79,
3fe0b6277d6bf08268e5c34291547295,6c7addc19a9dbbe9cf3ebed3da651bb6,79,
f16f1ff67c430009c57c8634ee7cff16,6e086ac3c1018541befc4eec664f36e9,28,71
c34fb5d3828e898bc3e6e6a7d44e0816,b2b03fbaa0687fc5ed49cd8d76412f71,62,92
af06e583ef42d1f262014f347d18bed7,04a06736c42c4e3005aeb15cafc1549e,46,79
b2b03fbaa0687fc5ed49cd8d76412f71,6c7addc19a9dbbe9cf3ebed3da651bb6,62,92
3e3b88a55b25338505fe1963850772de,04a06736c42c4e3005aeb15cafc1549e,70,
af06e583ef42d1f262014f347d18bed7,3fe0b6277d6bf08268e5c34291547295,41,75
3e3b88a55b25338505fe1963850772de,3fe0b6277d6bf08268e5c34291547295,41,71
e59c4b42045671a4097628f2bd9f5951,135524546b389d23f4419b18c7aa8ecf,13,74
d817fc759fd925b25f833a493f9b6882,04a06736c42c4e3005aeb15cafc1549e,45,80
0796dd2e17d6f3f40de1783694b8af7c,3fe0b6277d6bf08268e5c34291547295,33,85
772a45c37777215dc516be56182e72a5,f16f1ff67c430009c57c8634ee7cff16,13,71
8a71c01a1b024f4531cbca798099adc5,04a06736c42c4e3005aeb15cafc1549e,66,85
b6fea0a8b147e73110dc725ed37651fe,b6f01cd4d787cf7b871904565f232b9d,100,
d817fc759fd925b25f833a493f9b6882,3fe0b6277d6bf08268e5c34291547295,54,88
8a71c01a1b024f4531cbca798099adc5,3fe0b6277d6bf08268e5c34291547295,75,
d09629f22c29c214af83d03742b1be92,3fe0b6277d6bf08268e5c34291547295,79,
c34fb5d3828e898bc3e6e6a7d44e0816,3fe0b6277d6bf08268e5c34291547295,79,
d09629f22c29c214af83d03742b1be92,04a06736c42c4e3005aeb15cafc1549e,41,75
04a06736c42c4e3005aeb15cafc1549e,3fe0b6277d6bf08268e5c34291547295,41,75
c34fb5d3828e898bc3e6e6a7d44e0816,04a06736c42c4e3005aeb15cafc1549e,41,75
2a1a38529a99a62c09cec05e6f8a9d58,3fe0b6277d6bf08268e5c34291547295,45,82
0a32fdb0d8222705e4bd917c71d98a1f,3fe0b6277d6bf08268e5c34291547295,79,
b2b03fbaa0687fc5ed49cd8d76412f71,3fe0b6277d6bf08268e5c34291547295,62,92
60da33bef35380b5dcc077bfa5a36719,abba862807038ae52accc670bf32321c,34,80
60da33bef35380b5dcc077bfa5a36719,3c28c3b5c45e072dd97c5c7b34e93ac2,50,88
3c28c3b5c45e072dd97c5c7b34e93ac2,abba862807038ae52accc670bf32321c,34,80
b2defe37f0fbea093bf98874fcd42b51,99fc8f567b7a786285a28753cebf33b4,15,71
9469aec30c700c99f2784aee7185504d,6896d12e25877d2eeb1d7825c71539cc,100,
0fbf33fe7dde0760fb77e2864388ffb0,973ec49255e09639f1d2fb887058cbcb,100,
ed84aab7ce590fbe12c09634998b7b6f,8d447faec5829076657b8d2ec5931287,31,72
76c7c1ab9eaf77551160fac185b20c3e,5f572776d1f3f502d219386fde765621,43,84
343cb9097da183e60d52e0b8b31c20e0,85b59e057981e53558ea4e3e727215ec,100,
af06e583ef42d1f262014f347d18bed7,d09629f22c29c214af83d03742b1be92,41,75
0fbf33fe7dde0760fb77e2864388ffb0,3cdb87a7b867a079224458f49b74efe9,29,81
3e3b88a55b25338505fe1963850772de,d09629f22c29c214af83d03742b1be92,41,71
973ec49255e09639f1d2fb887058cbcb,3cdb87a7b867a079224458f49b74efe9,29,81
0796dd2e17d6f3f40de1783694b8af7c,d09629f22c29c214af83d03742b1be92,33,85
2a323e7924987f7ccc14a9a071ba90cd,7d1242692122c8dc989b5f10aee576c7,18,80
d817fc759fd925b25f833a493f9b6882,d09629f22c29c214af83d03742b1be92,54,88
8a71c01a1b024f4531cbca798099adc5,d09629f22c29c214af83d03742b1be92,75,
d645dd000262474635dca6112b7755a1,4fd0d03f78a0527b72c1a04070ccb8ad,100,
04a06736c42c4e3005aeb15cafc1549e,2a1a38529a99a62c09cec05e6f8a9d58,46,82
eebb2e6369c9cfaa7ca0ca6b4c25e94f,e0e1b940b7bfdda834634bead17b91b8,36,74
0796dd2e17d6f3f40de1783694b8af7c,2a1a38529a99a62c09cec05e6f8a9d58,35,71
d817fc759fd925b25f833a493f9b6882,2a1a38529a99a62c09cec05e6f8a9d58,50,88
d09629f22c29c214af83d03742b1be92,2a1a38529a99a62c09cec05e6f8a9d58,45,82
c34fb5d3828e898bc3e6e6a7d44e0816,2a1a38529a99a62c09cec05e6f8a9d58,45,82
dceb9cca7b96e8761bd5e7e920b4180e,31f6e6a3cfa3eaacf5f1a0eb9c875dd3,100,
ee66f47d60a16db544fd7dd4e982b55d,95f2a4113af3c6d76fd6b2e943fb2d1f,100,
6553d54144833ac8187709e1c78ae939,0e397ab833ac03e782ef8a3f1b47e0b5,100,
0796dd2e17d6f3f40de1783694b8af7c,eccc8056c5087454fa1c53b01524354b,15,72
0fbf33fe7dde0760fb77e2864388ffb0,e18e707fc826c171918acdccd32a68d2,29,81
973ec49255e09639f1d2fb887058cbcb,e18e707fc826c171918acdccd32a68d2,29,81
3cdb87a7b867a079224458f49b74efe9,e18e707fc826c171918acdccd32a68d2,44,86
98e9d172f774aad2b4cd32020ca5afc3,ba184b5b2d338ee80d16e16d20410bde,45,95
2a493c38d227b07ed4ddfbb0598127f4,ba184b5b2d338ee80d16e16d20410bde,35,91
a8bda78a96318caeb571957936cd37ca,ba184b5b2d338ee80d16e16d20410bde,26,83
85974023c6c7865eda984000a5ab5d23,ba184b5b2d338ee80d16e16d20410bde,26,83
eb5ffa6ba9fb7f8a3a9d9315fc69b176,ba184b5b2d338ee80d16e16d20410bde,26,83
ee66f47d60a16db544fd7dd4e982b55d,32f8fead74e56afd65e1a9a2074b04d0,100,
dcef4f32e3ca8e72d0e77066ffc5145b,cddbaa6e85b4a265819ebb6c9aca9830,100,
49f48b36b3fb82b4052135a64fd6402a,f25a89172a24c8489b6c389bb1c0c2d3,65,74
14dbb84721ed3b21baad713564d74bab,1bb3ea0e5a40521a68881f0f275bd90d,50,72
dceb9cca7b96e8761bd5e7e920b4180e,9586b6a449bcc0fb3d7979e9a21d27c5,64,97
af06e583ef42d1f262014f347d18bed7,d817fc759fd925b25f833a493f9b6882,45,76
3e3b88a55b25338505fe1963850772de,d817fc759fd925b25f833a493f9b6882,45,76
1ca879e5dc6950f8ba828f6f4bc50311,0eb803da01f77182d0cc4287b4ed04e1,52,82
0796dd2e17d6f3f40de1783694b8af7c,d817fc759fd925b25f833a493f9b6882,36,84
af06e583ef42d1f262014f347d18bed7,8a71c01a1b024f4531cbca798099adc5,38,77
3e3b88a55b25338505fe1963850772de,8a71c01a1b024f4531cbca798099adc5,63,82
0796dd2e17d6f3f40de1783694b8af7c,8a71c01a1b024f4531cbca798099adc5,25,77
d817fc759fd925b25f833a493f9b6882,8a71c01a1b024f4531cbca798099adc5,50,88
ee66f47d60a16db544fd7dd4e982b55d,85f8e66a5781d1c060a9277baac2c01c,100,
31f6e6a3cfa3eaacf5f1a0eb9c875dd3,9586b6a449bcc0fb3d7979e9a21d27c5,63,98
885b8f19593ffe62edef718499de3d75,7111a7d096743720093fdb81cacfb981,100,
6b8966dc949eacfd8781ad74adba7b8b,d117535ffff2fd0bfa4cf8b6bbaec06a,20,73
b3b047e45e4c5caba26b91440bbed4b1,9d2db67c9e99927bff188343ab13a4b8,100,
78a053741a6735198f38c89196658899,a93797cd4d85b3afa07b930d8fb1739a,21,89
8d229acca6880f2c66243bf0fb4366dc,c1afeca2cf4871d1052070eed979e109,18,81
dceb9cca7b96e8761bd5e7e920b4180e,5cac5c44acf61aa91dcdc3512440eda5,58,91
31f6e6a3cfa3eaacf5f1a0eb9c875dd3,5cac5c44acf61aa91dcdc3512440eda5,63,98
9586b6a449bcc0fb3d7979e9a21d27c5,5cac5c44acf61aa91dcdc3512440eda5,100,
2a493c38d227b07ed4ddfbb0598127f4,98e9d172f774aad2b4cd32020ca5afc3,75,
d09629f22c29c214af83d03742b1be92,c34fb5d3828e898bc3e6e6a7d44e0816,91,
af06e583ef42d1f262014f347d18bed7,c34fb5d3828e898bc3e6e6a7d44e0816,41,75
3e3b88a55b25338505fe1963850772de,c34fb5d3828e898bc3e6e6a7d44e0816,41,71
0796dd2e17d6f3f40de1783694b8af7c,c34fb5d3828e898bc3e6e6a7d44e0816,33,85
d817fc759fd925b25f833a493f9b6882,c34fb5d3828e898bc3e6e6a7d44e0816,54,88
8a71c01a1b024f4531cbca798099adc5,c34fb5d3828e898bc3e6e6a7d44e0816,75,
af06e583ef42d1f262014f347d18bed7,0a32fdb0d8222705e4bd917c71d98a1f,41,75
3e3b88a55b25338505fe1963850772de,0a32fdb0d8222705e4bd917c71d98a1f,41,71
0796dd2e17d6f3f40de1783694b8af7c,0a32fdb0d8222705e4bd917c71d98a1f,33,85
d817fc759fd925b25f833a493f9b6882,0a32fdb0d8222705e4bd917c71d98a1f,54,88
8a71c01a1b024f4531cbca798099adc5,0a32fdb0d8222705e4bd917c71d98a1f,75,
d09629f22c29c214af83d03742b1be92,0a32fdb0d8222705e4bd917c71d98a1f,79,
c34fb5d3828e898bc3e6e6a7d44e0816,0a32fdb0d8222705e4bd917c71d98a1f,79,
04a06736c42c4e3005aeb15cafc1549e,0a32fdb0d8222705e4bd917c71d98a1f,41,75
2a1a38529a99a62c09cec05e6f8a9d58,0a32fdb0d8222705e4bd917c71d98a1f,45,82
b2b03fbaa0687fc5ed49cd8d76412f71,0a32fdb0d8222705e4bd917c71d98a1f,62,92
b3b047e45e4c5caba26b91440bbed4b1,3f794e9c03819143a1a796b23e3713d2,30,73
9d2db67c9e99927bff188343ab13a4b8,3f794e9c03819143a1a796b23e3713d2,30,73
c83a2f6130b8c009b045bfda5c99f5f5,3f794e9c03819143a1a796b23e3713d2,100,
f612284aecca5c71270b624b3efdd480,509fa90ce4b6ea118ffb4e6859c7d176,100,
ef29e51573dc1ff682487041f9456a94,8b39cce9f67dc2126bd678295d22140d,28,76
04bad04488c2b1fd7737e2829607dea4,6b4fb8a449bee5fb28cdc8bddad34782,23,84
1ca879e5dc6950f8ba828f6f4bc50311,048fa0f493b3018b79b52fc7b70b374b,31,82
0eb803da01f77182d0cc4287b4ed04e1,048fa0f493b3018b79b52fc7b70b374b,31,82
