change_type,method_t_token_hash,method_t1_token_hash,similarity
added,,27586c2b0e1c44f3c3ed7e916a5ae30c,
added,,a3cf4273d85bae59465ced864cc549e3,
added,,edd69d0980e7c39d9de63557a68b1d36,
added,,72040ff144173c3d2bd1094c24707ab0,
added,,af34f66b9eadeaeb9564502e76e72fd9,
added,,9b93263cbf91227151746bfa44d2cdc4,
added,,8db6748874bfbe576a01a848bbc7034d,
added,,e822cd44036ce8523abf61278e99572e,
added,,af98ff3973acf6a6537bb56dee504323,
added,,8ffa0647cf2b787724364825ac194090,
added,,7ccb8da80879050a471b821a71056396,
added,,a4649647468c79d9c5821926a0382143,
added,,0a1fdf2f765bef13428a18a0b571f8bb,
added,,74eb601833dee8e25f755333adffd0fa,
added,,ef6e7967c0f2119cef09b24d4f9c4568,
added,,cd2b6df5819bf955fb3a93e6ec415db9,
added,,0b376f7423465535db5955d99146818f,
added,,508320955eae7b0aa764ab1094563112,
added,,8938e78a6fe53ad6eadf8c1fd3345db9,
added,,f7f86f123ae6fe787e95746aeb802b6a,
added,,29959d655b4e01b6236b0c4c27ba6124,
added,,68584d0030d3e2237c1e40ed73259643,
added,,1ad746b17000138a18a4f816e95d6854,
added,,4fb4c0f2c0a0a2b1ef8be9ef35ad619d,
added,,887265d7e9e5f7e582f80372b4015a91,
added,,ab726ccff946e179ff559ab7dc61f388,
added,,dbd72dcc483295bde00a6b4a9d7c6cf5,
added,,0d8125e9c0c696f540a25a7d864f4a33,
added,,1852c23d6a41d49a9b6146191de97401,
added,,eaac045782aab04536d79667d020f77a,
added,,bd155d3bf2ad6c4932333e6b476ddd0e,
added,,5c51b5ba93fe7be8d57bd83b70c32ba8,
added,,61e40ec95a9bfecba8c97d7533c9dbb2,
added,,770d1962ba2ed019b4ff264c59aef7ee,
added,,aafb5c6f39459c78c49042feda4c89bc,
added,,54bbbf4ece6a1ba5a2e5058282a0fb0e,
added,,da6eaa628c8395191ba7ab738c21aad8,
added,,294daa37a8313e8b8112852e6b97bb4f,
added,,a2c3d54569114dcf63d17c133f2c02a9,
added,,904b7721a7438df343061469609a203f,
added,,45be555ea4a12532a5202f890c67efa7,
added,,c5faf088394b17f503f1293ff909d641,
added,,5827292b2179db2bfaa730bb1f3f9cef,
added,,d0e616a084c1905fb8930065c98059c1,
added,,76bf0a510e409091015beda0e214e77f,
added,,088a22b67477e69c97cdc09ff46d1b7c,
added,,8646b42f9fbaa03d99e90dce69a8b383,
added,,b4d9463a1733449bfb7ccb4ea990b4f0,
added,,6d6392c00513f8ee306b67d3c0d93884,
added,,b2e37f41bb4e77014ede766b7b9d8a8e,
added,,56064995de997de6c292334c98c94a03,
added,,07a6909d4177b6906515a2c9ff81daa7,
added,,ddf145d8c4987051504e51f4186466f3,
added,,03d91423c29181aa4419f2e2d8c51de9,
added,,1479182f5c8e28f4e6ab4fd06dc2b2b3,
added,,fafb9b7697847b60917f62fcbe3e911e,
added,,61f28d43da0b58c0288b31765ae7de42,
added,,1c1fe457d6d69eba6fe1b20be2871743,
added,,82abf5c027fb7f8bf83a7f6383356a2c,
added,,5fa683c0f1ad41ee692cf2cfc13e72d5,
added,,72454df90593e64f7173ac299b9405ca,
added,,e59c4b42045671a4097628f2bd9f5951,
added,,8869f9337a1ba881010922b32289f740,
added,,c774b9a6bc994e621476b0ad765860de,
added,,9143c271d3f10e120947267260e29d1d,
added,,3f447dd8710be14b1604ac3db9e366c5,
added,,64587f765989c8bd7e3af47d42a124ac,
added,,f82fe66c955e7d1f0acedd264cc8a828,
added,,eeba05099588f590ec907e0498a8af67,
added,,c7db46b89dd1975b286197a97777cb43,
added,,da7b0101abc10a108bad2ed142b660d4,
added,,da4495383e6d4f02203fcf1fa25e9f02,
added,,423ae3ed6bbc6f363aa6c4efe3088350,
added,,cd8e638cd9c076c813caf4a6d4bc8b83,
added,,0c7946602df08fb8b4c04246698f9e3c,
added,,6acb95857cf3ddd1f2151026509e4dc5,
added,,5179e59ec830eb2923047b284d4fb8b4,
added,,165ce823fc153a9bf8182a0147ee6fad,
added,,d7006dd336351670fcc77bf78fbd925c,
added,,52097f09033f9c9bf1c73c3160144414,
added,,38f7fb7324184f95cddaf23c0180c37f,
added,,5c01bd4d132a5aa599dba73be32ece15,
added,,9a2f0dc28884a192741d48861133461e,
added,,ab0bb5aef5883e1b2e1df8fd388f7c38,
added,,038d1269e678ed6d3e1550cc9acbcf7c,
added,,05838c4fcd5ac1c628dcc27b0578dd51,
added,,194895b8915907955432603863d15e21,
added,,f971a3a8ee335f73af1934347db840fa,
added,,aa91b8b7c116c25d5a8cb4116dc1fd26,
added,,b9802daf5abedaee406a8d3c8385b3d4,
added,,f1b35aeb53cb44e430004c35bcad8fb9,
added,,ee5b7df4ebe586daade85a8ff3f945b6,
added,,6052e68fbe3d1241b9d8eee50fdafd8f,
added,,a98e09fc8fb30f1306c2ab2c0ecfffc6,
added,,8d8b81528ba791d0d594e9cfe9fd6ffe,
added,,10f4a76a725138c2fe6b6d464783e1cb,
added,,1f6a17187ab37bf0ab4c3146d7a1769e,
added,,8fa4939a0e27b080e0fac49fed37f0f2,
added,,f58356df369c3926c71a6ffe80846764,
added,,97390851dd80f08c4a51e4dc17c66aa7,
added,,d0439dd27e8c91eaf9ff359cf295476a,
added,,f0fad72ef059270bf7240df6ff497b80,
added,,bfc84f29e86a5b4727486181df61d843,
added,,dcef4f32e3ca8e72d0e77066ffc5145b,
added,,f4bacc3b2e9d54e20bab17ec6dcd36e4,
added,,083fe2cc6fe84a2ef3485657f382c9a7,
added,,4f61c5548fac281ec691c870db17e24e,
added,,2e9e302db745170f1fd041d02ada93b2,
added,,6b561461fabc592f1e32137361789af7,
added,,53b2e62e7d6960dafa1cbe043eea7c4e,
added,,b3e8f36e0d908b846c7e62276fc06744,
added,,d08cfc84d3913ef88354bcf7b140970f,
added,,e00984c87695f7f5626f06e6b0b9652f,
added,,49672fd9a0511b1ffae692bb7992e2b2,
added,,372e3ed99bdddc512f5eadca93450911,
added,,48218945d5eab359c30317bf218ce4fb,
added,,6037af181d9dce399dbd8a7873938dd5,
added,,a2eaec98ed3fbe472a1bb293ac82289e,
added,,f868f4b36b32ec682d82a8fc267629f8,
added,,1c76c5f0b886c7b00fff163113f59c19,
added,,d13780e2d719841978b3b9a2ea422113,
added,,7f49e1c29ceb74a94d9edbf256d55ac7,
added,,e9bb8b80f02f1e182ebe98c1a0bb5fb4,
added,,d645dd000262474635dca6112b7755a1,
added,,9dab33645c7f3f47fc149981a843cb6f,
added,,6ea7e7f99e61a3fa4217e4f697c004eb,
added,,f4e62f831cbfb635115ca8826f34625f,
added,,294a6652ec513bf46e458cc05692b56e,
added,,9c64a38b51cd0567e4f9d50c4a41e5e6,
added,,4845e01836cf6f46f1c52f2622320312,
added,,95a2ec7ba8d974cb611f09443e6669ed,
added,,fb0cfe372a52c7a7ad83e33f68d1d162,
added,,945e00df196b8088acaf23d36f105c31,
added,,d0137f467438a0b16ca99ce2edacee9a,
added,,89fd6ce41545957296ba081be6ccada5,
added,,d6f7d7c86f4d61f7fd643090c0512ddf,
added,,83cd50ea2cb510f158f07aae65210524,
added,,38a673d3a1b1eb0460edd07f7b8e7600,
added,,1f2b3d0f26bce7a216a4ab8af08f4c66,
added,,eafdc1ac59c77c321b4c377f8ddfb6b9,
added,,db99e59684347ab53ce31f64624e4bec,
added,,ca842e53134b46aaae006b7de0a10243,
added,,a5fd550cdfe621092064612e674220ad,
added,,69c7ca1da74aed1fa8034c3f6296fa3e,
added,,d3148bb29b165596da58df01c55ac132,
added,,547ca60f7e39368f6f66918bf45ab582,
added,,27ddb1cfaf17a93cb6a0db925082c8af,
added,,499ff34019cede6c2a37abdd8708d83c,
added,,a16595c030c2a9647d5fd3518df146ff,
added,,135524546b389d23f4419b18c7aa8ecf,
added,,ee2c9f524d7323a751a4a8074248f51b,
added,,5234e6ef813dc2524f74c8289fba9e8a,
added,,baee097bd3a1f3a51d275aaa42baf007,
added,,13b0ae3ebdad337436a8f398ca2e49e5,
added,,74465622efb42b92aac048fdaeefbdcf,
added,,8e4336c514da73aa2e5fbcf848b97e7b,
added,,c97e4c0acbdc95be860a72e8bffcd186,
added,,ac5ee0751b81d3cc5b8ab849bd7c0c2f,
added,,7bd74f22623932a85a0aa99eb44a61c0,
added,,c7aecc60adc1520712025abc5008f53c,
added,,1a67af17563e037596195c81872b1745,
added,,464d10d743598a3fb406d06692ce853d,
added,,20e0b231e19530342225139a42df8963,
added,,cc310cc74eca5053c9419352c43b03a8,
added,,b47bc76f3d47e97a15a325db52da041f,
added,,2e4ddb1eeb94b7b9c46913333e2e6756,
added,,d8f05364f7adc13a7900a11ce2194f06,
added,,2f2c7829d95c9ec86f30691722b139d8,
added,,cc58bfb41cf3817da1e35d3fff959791,
added,,bb445f90731e80ef2fd3c43922601256,
added,,a10b013be06622b6c5f2b82129b27932,
added,,6d84ea714e2ed080a5e99bf40e00fa76,
added,,a4937c4f1fd53285491579afc745ee60,
added,,4f41873ea6945ffd5e80552ed368accc,
added,,0c0eb1f41989b8ebe018a5bf3da1f6a4,
added,,837a986e2132806cdb2f9aab703bb681,
added,,bf09e8701abb99302457649123759caf,
added,,49ee9d3c121604c58a0a72d04ffacd9a,
added,,27561c777c97bc20a64adcfe1e4e4dcd,
added,,e6d371f46c0009de1905b3e3de62fc2e,
added,,565a7f30c8cdcc030a2f25e99beb1ca4,
added,,adfb4986ad008f9a984bc4b7f46bcf2a,
added,,5e0d22aed1a2cfd28491b11a94004a64,
added,,a22b8fd4549e57d56bb8635d05bc4377,
added,,601b86651df7633a8a8da1d147fdc708,
added,,34bef1b22a4e72e760268a0118683b42,
added,,874c86be3685308fb1139f674b3e8c3c,
added,,cd03ef7adfca89922b6fec29f5579ac3,
added,,524e4961762de08e5a7174d5c7605e3d,
added,,abba862807038ae52accc670bf32321c,
added,,85691027cad0fe479a7e36b6db95e471,
added,,e0fd79783db91ce65dabf8469330ed40,
added,,dd78c6e0b56675c30033c16208c8db60,
added,,09856b8d0765e997dd958d97bf7a4a14,
added,,e0c71ae349fb10e7b9b377aaf78b3740,
added,,5cac5c44acf61aa91dcdc3512440eda5,
added,,ee286e653de99118aee63c93f0d309b4,
added,,673bd6a29444e9fc04e8220311caa7a4,
added,,0ce2bb09fae08e8aaa8b24e1d27d526b,
added,,79cd6fe3e2b93c5b1e46e60208cec366,
added,,12f05dd26eb3f707ab1d8a097af5de3b,
added,,f622866fd6ad680a7f1535eae42a62db,
added,,f88505a7ca324880ba480943748a501f,
added,,37171d3706834b8bdc41bd4135a0488f,
added,,8d7792efaadede64daa712de080c549c,
added,,32229ed9bf41741e5b5e06a72e68d63d,
added,,cc5d34d577a71e2421898e298e1e9ed1,
added,,1e504d5e809e2ddea80b11f245872d2f,
added,,6405c02eb368510ecff985e7f21f4fc6,
added,,47d120c8289f4227d23f0eef00066337,
added,,dd4ccb4aff8369623f3b7c0cbb5a6c1f,
added,,8c9436da7844b8674f1acfbf67b44637,
added,,7f010f43fab95023bfa7768404518199,
added,,1d210796addca37849785c7c768c68f0,
added,,23a4b9db516e7746c2feb9c42fd6ea0d,
added,,630131db4d29d8b7930f3ff14abd5df4,
added,,9829210ea54e56653ada88ee3b9ec46c,
added,,f4cf1b672fc940cc1768afe5ba276bbe,
added,,87f8ef6a16994a18f186c085968ebbfe,
added,,a3e07e8f5c5cd16b9c58a92ff155542b,
added,,3ebbaa4f5267511307195f9be5776c95,
added,,b9566269c1c489d6065053c95423def6,
added,,ef41d7603d4244cf7dc48cafd2c56701,
added,,76367be564c489033459e8e8232e1d59,
added,,60d7829f7b461251b85c508809a4b409,
added,,e4f29a70a11b3dedc5aed9c998fe5c4e,
added,,77bcbb86f8c6f316973e2e79863dd9c8,
added,,ddf0562d433b33cc62253b656c0fd414,
added,,fa5df47c46907cfda4053e98917d80f6,
added,,a4abffaf0d3fed4b9215d56c4eb01ac0,
added,,4974785ed30b0271aaf1d1efb094d411,
added,,e156386c200b7c7bb346d02e58657cd9,
added,,4b4f6180593c9d6c27b734bc0c4e9d69,
added,,47026160c4be4219d2f1774a6b313a7c,
added,,ec9f7e3a5acc0890eb3aea303f07424c,
added,,3dade7871f3a6e2de3d8d2025bc01d10,
added,,da947cd3ae0182c5ded853ed75642729,
added,,9d7d940b99ed03e8d379e510a4e4b876,
added,,8f01260aefea74d64f3eb2207716d7d5,
added,,d2f0af4324ab5049e8fd41937b756767,
added,,396c36ea5940a03f06adfe1805701271,
added,,c41680d667d5e90e7b2b2dfa385669fb,
added,,b7dfee190ffe9ff4adb365ceae654286,
added,,b557e9decbde49a93011e82827b40671,
added,,f0216efd6997e373c3d378ffd08becb8,
added,,fa3d4e89b4e8f7671dde1aeba2008d67,
added,,dea6bc62eaa75c31219e571e226c8d47,
added,,f3fe46ec7e74d0137eb2530c4415bd09,
added,,59ecd9ac7573e04945a190fed4e77c37,
added,,30c06e00eba54ff87f6d77f55c6ad7f6,
added,,a61a16f2e30d704c20d4376c7ed8b6d2,
added,,ca86e059723cea40fd064cf66cd8a607,
added,,c8dd92843dd43d7651eb90e88a0c6054,
added,,0f0ee2eefdec77da051e4a15d4b8b737,
added,,9ad98485de4c6d539e7205cbe4c8d0d0,
added,,4eeb23275db85e6c39216ec28caff6d0,
added,,005453a4ab26bbd4b72a2bb106efcfb1,
added,,8905cfcf9be4ba0dbf09b3d17eaf7402,
added,,a6987c71b18e7b60ac15972d6f82182a,
added,,88ac39057ac69a854f52609e4bbb5c24,
added,,2ddb382f7ac956ed53683c0dc131f3bb,
added,,fc28efcb0a2cbf85fae043119df7b334,
added,,4ca1a487ae10658b97e1bfed61d1f072,
added,,240e2558c178a9decc46d94ecb3793bd,
added,,af11c50ace7c3c26e5c559a05e2dee10,
added,,3bbd2d1ae26ca1b1f6e77833c104134e,
added,,d1df81946504079812067dee902bea85,
added,,dd5072b3f887a938b74de5e8c7f8587c,
added,,76b2173398107d216f7af34e51291fd3,
added,,739d3db5ebe100f7de5f5e15049b52c9,
added,,3742135526c393853440e1aba85c7db5,
added,,eb8fec4c06fa33a91d610f7affdc6de2,
added,,1fee66f9ca47899ec8340f03f596531c,
added,,001f47153606d2ebfcc4b66d5d402799,
added,,82b294f07efe934b67b28549fe1bdcf1,
added,,a545c410cc6a034977239b7bf72e3f8f,
added,,e2f50af476871671e78acc3e8397bfe3,
added,,0a55fe1fd88ce889c5eef78a07a5f35b,
added,,b6fea0a8b147e73110dc725ed37651fe,
added,,03e469498f637c98d8cb7c10ecd3ca81,
added,,a4249969e3da578e4b59e15a5cee9244,
added,,033428faccda16b08c9274b81c58291b,
added,,45b306a35433ca0f1e71bcc06a5f9097,
added,,5a723423c6699fdf03f7d382ea40f97a,
added,,9df752ce60ff5f07000a962180defae1,
added,,479d571117247b4aafa24a66ddda36ae,
added,,ce7fc45365016ad4ed4541fcb65603d9,
added,,74b522596f82c70e951ec4b2228cf475,
added,,5fbf518f50034091e9141ae922b6bf67,
added,,18bb1489cbca3be463a1f88543975ebf,
added,,267758d941d627ede9c7fe16304d0f93,
added,,becd22e34f6fa93f00110c12631f56f8,
added,,1b7fc5834c4acede1831de0742f6455c,
added,,40ded39bc9627502e1a968adc6147c94,
added,,9422712818ebe9618968a483771ac40a,
added,,09ffc12d3e2c835abcc7015775141a7e,
added,,ce311ffa51b01d546332e67136e724d3,
added,,f5b26ea1dca6e113af3c0e3b1addcf4c,
added,,76059c7d358dd5d65bd01b07f6bccb78,
added,,f1434aee19137ca82ed84baf3ee15f87,
added,,13ccc39d6c791a77e9eefe9811c66d46,
added,,fa93bdf34c2e63c068c3acbf337f8547,
added,,5053760adb5a62240d8c7215fa3f1425,
added,,dc30168cab9db6f0f6df788df789ce23,
added,,3ee8f16a6890d6584e4e4e3b9395793b,
added,,b6f01cd4d787cf7b871904565f232b9d,
added,,35ee95e8bf4690df02802e23fc509dd2,
added,,792ba4f515d74027a676eb5fb2eba460,
added,,693aeb5bfba40b0f511f364917730005,
added,,27ca9e6551a8cf2836e66563be20eff0,
added,,ce29a88b0b15df6b02b0fd93227cf059,
added,,3b9b4322f4b346b095f969ab0af677b8,
added,,ee051aa9eacf4e86c87c69b1699f0b59,
added,,5bbcf0aee21c8a35d3c9bec39e5feb88,
added,,cbf6ba08855016f1efe220c93d1cac40,
added,,bf562b79e4d12146b0ae99223e20d757,
added,,447b1497107e2a817f76e7eeabb69127,
added,,75aa1b85c934a0b06348b19526779929,
added,,f9e9f104757dd7eb01f81230a76e1813,
added,,d67e3dc4373766547416364843849ed3,
added,,98f8aea7c96d791583bae665cd778c57,
added,,f6fe14f532c272cb940e36fc2308f955,
added,,83836619c0f9104aa0dabfc2a46b3ff3,
added,,59fe4cc15b5dba81b1badb0360dd8915,
added,,5eff406c064c8b87f30198ba8c684732,
added,,11058da5961786402d67e3025a90e06b,
added,,a0e05f983c8d5a7e9768bb7a076bf9ec,
added,,fbd6acd5c9881c16981d54b8b5b3840d,
added,,88ffe859e86ca15ffb332a33c1e5398a,
added,,b93cca7a54769a30b41ce1ef8ca2f068,
added,,a733be66c77edbcb748f0cf196df320f,
added,,2d6fab957bea0815c27b62f14271f158,
added,,bd7af77cd6e2ef442053fe69cf196f1a,
added,,c8633da4f8036fcedafe48dfae421d76,
added,,a0077829c217a28bee7bf4b4bb5a425a,
added,,eab8e80c1a8d7cf85570b52f247dfc82,
added,,a21936dcf3e841046f0e431d35f20af1,
added,,3b5a77bd547e6fb034dbeaae37fb8c67,
added,,282ef7e4ad182e6bcfda21b7cc61d8ee,
added,,10077d5e72539b15ce56f3ec8309c53f,
added,,04ce3dd4f6a0a0a06c02a08befcadccf,
added,,2977a31bdb6c8711af7b57563008e1ae,
added,,4922cea529fce2579f9a7967efccc47e,
added,,49d31592645ad297cb38325a62e4a707,
added,,d2238b09e48660ed3a7b8afb92e89a9c,
added,,556997f9489a3f42cfe72292f0935f99,
added,,66339918552c3515af3e344464daa702,
added,,6e543087e35edba4c054439483c16547,
added,,29f496c16ca50e56ab5a989dc91068f0,
added,,db33aecaca5c440e80095080caaa2bb7,
added,,9041f99eb4c61a258e17653899f2dcfc,
added,,099153596464c44b5abda0d6995dc62c,
added,,6d9314c01fd55800dde510fd110ef66f,
added,,c04dd4f5a541d786b4cb8adb662072dc,
added,,7ccfd376676d695858ba350bf31692e9,
added,,14d505f527bcefcaf760d1e4c598f0b4,
added,,400cb2128cb84fdf338b6670139de4e3,
added,,3e822cbab7ada1c9f004df162de049b7,
added,,dc7cf71de3b5f8436efb538dd68d114e,
added,,5ca9ddc13284096f87ebfa38b8e6acab,
added,,aba0d54794048c58d950e66a2800f176,
added,,8b5f3066a6f44c7af15cd905f133b7f4,
added,,b20ccc21b199a427f9cc93f62e6f28dd,
added,,8a39e88ee53cdd256414985be7ae5161,
added,,8be42982b55c2109526aa971ea63ffcd,
added,,f84d0fc5b1ca39df4fc60c8cf7344884,
added,,b9c7eb9546d21955774ab36518963cc4,
added,,b1bbb21951fa40199fae57aeb17fb65a,
added,,e301fddc050b7a20d88cbe01da9c9648,
added,,1c59c927a94e2d881350f7cfc19b55d7,
added,,dbb6354391650c0b69a3e9097da6e7b8,
added,,f5ab833d5354877d988a9f72cd1601f0,
added,,374f396ffded47b19b33d77f9ccd91dc,
added,,70460ea0c1616697de475539ccf8a85c,
added,,465760a0f554dfc4b724354e1e8b103b,
added,,35a2a9ebd3e14baaf9cdc8adc19a84b4,
added,,da267c45ce8a5b70d8713f0332146a9a,
added,,b1cb0964eb7e298a5afba6b3943d000d,
added,,cdc7b7ecb527251c569569dcea431de5,
added,,df290df8c7bbde360251e85560621446,
added,,21543064328b3e0c79cf24449d234464,
added,,70ac172d624c273f36538789e8d54750,
added,,067ab3c8a2f9e205657b447838b9fd52,
added,,ca806ce5f4941879cafb3669f6746e70,
added,,d9a4e0db83616178c30cea8a45218143,
added,,d8d3ea0123e3e454b529aba8204d874c,
added,,9c17ddba2dcb390a2651b4b991688e53,
added,,83f862d794db8642061c0db929d37ed8,
added,,ce84a968736e5860487a004b19c64a05,
added,,d9ddd0e5eeab81b5ba633f5d812ed3a7,
added,,dcb9e6ca2f244d2bfcd151a147085de9,
added,,57edd464b7047a9574809f6c0c41f83a,
added,,82cea1ce1994521614a49a41083a77d8,
added,,e4a48cad1469b8746703c40cb8481098,
added,,32ca0551f1fec62c3a6ee59b4ea30d55,
added,,c1732f4d292e72da8243aa82a8082613,
added,,9a7e3ea4f18c7079a8b23819234e3f84,
added,,7aa1f16fc26990bfd426fd117605432f,
added,,9e08593284524c544028b2b1f74efd30,
added,,174a7632ced31429f51a5920e5dd04e1,
added,,b3f81189c114a85b7864654010aa7f37,
added,,c1c7a827d937fe189a53e19c142668e1,
added,,2fb1b0d1d6817b5f7ad2879e9fa24d47,
added,,f2799254aaf600488b5034f87617e787,
added,,7e899ef558b460756a52659c5f9e8674,
added,,340cf605be2c0dcd86f9409f1fa86510,
added,,f1757c6257eabb946f149b3e6032a219,
added,,5ad667b3605efb2e4b98da5d609b9938,
added,,d7cd0717cc75698375b3b27308376607,
added,,093542c436fbb81f3c0983f454272507,
added,,f5c752025ab872f907ee1ea07a34127f,
added,,c0043c82f0b1213fcf78f9371c06ea8b,
added,,be2fb50444f59d135a0d70e02bb74cb0,
added,,788a8753513803fb149b804f91e2bc30,
added,,5c0bc82c5a7f161f83c949f66d6ef14c,
added,,c1d7dce61d66d7e24ecd2b08bfca7a66,
added,,cf5dff2372d984d02026bb649c9df858,
added,,51a833902db681c6c9aab8cf9c6077c6,
added,,ebdbeebc1ede55cedfca5ad55a6d6a0a,
added,,7384cae60fc0eabc9711ca31f21d32eb,
added,,afb229db4fa7896b8c76d6eaa442fce9,
added,,3ecfd5b58adb59b62f28f2a4067083b4,
added,,29da8b345749c95a4c4c80617f7ad518,
added,,e0530a1f21ff3dba200a83d10519919a,
added,,4b0e200241072ea48bbc7b9fd6398ba1,
added,,28c125fc967158d76b7823b6c2e7e71f,
added,,6de839fc8dc50b01989d1b261b0073b3,
added,,bd4f7d96e697bd3d0070b2674415e3e5,
added,,1bc77b820f5cfa9ec327e18cab944afd,
added,,9e3793f0111336c3251e45dc21f292d9,
added,,707e3f3964ec222ff041f100f1a2b096,
added,,aab296e4690bed46d4de6a493858dffb,
added,,0a4d38a7496a6510d8ef0fd1099652d9,
added,,4e8e4ea57641bbb7871756ddb564abea,
added,,0eb803da01f77182d0cc4287b4ed04e1,
added,,f8688ee9f7b83d60fe35ebb10a6c7253,
added,,b9f0f92083ad84b4fee2ebf74b459647,
added,,5b2ef38351dd9cdae56e8e45ec73e98f,
added,,da5793274b38bdb4ecb6a28d48b180e7,
added,,b59c405230e12114d439acba5babe369,
added,,31866ee06e8186811071dd2705b5b31c,
added,,4950a491a2bb8ffdf02a66adce9e0533,
added,,8cdf7712095c6c8a61e5c30e3b0ec2a8,
added,,138a41eb5c3877219ee67adea2241ca1,
added,,971dfb1ca3ee573e32d9801d85c9a858,
added,,6e6cf6c2a40a8261566ec12fb84fc31e,
added,,368168342d0477369109b0b95d798043,
added,,acfc16d265fdeb6be056efe5c6a8fbc2,
added,,15c50fe2eed0e86f1a873e2da6ef5977,
added,,173883dce56524457fa7458d2220ac7b,
added,,1f911db9bc24194c75e27a8011112ac7,
added,,0735cef60c60467adcf3fe3fa7343e0c,
added,,5b69f9dd79ddf27fed3add47760bbb22,
added,,5a3caa2632f467e454bf0e2eec6337fa,
added,,d99fe62ac55c69628b5fbb6d2cc48641,
added,,4975132c89c8df6b2e924d03e2d888e5,
added,,ab0d9a149d31eb88b4d4352081ba3f80,
added,,fcbab918a324007071c5aff3de5453f6,
added,,8757a9e57ee9e8ba55e0eda79b310403,
added,,b71866ea92aaf2389bf32f7a03e02d3a,
added,,5dcd6599bd586555ce764d36e9b91cf6,
added,,84991ecd34b89f42a3df22eb8b237766,
added,,0eb85091b6fc415cf68f70253d023234,
added,,c82eb6b96cbf643402a026aee0e16dad,
added,,2896c34a6089204d092a42c17aba1edd,
added,,283c8ccef5b730d19050f68047fd4c4d,
added,,479ee23e80b994047c9bbbf2f0983525,
added,,42709dab5047d2ccbdd73e4bb6430929,
added,,6232827597c6a756577b3c402d5ba89c,
added,,68f638d241221af17ae7ee0fc9152f37,
added,,d22faa28b0f659be226055601eaa2f2e,
added,,f43312bc8bae6c3cd2955adea84d90dc,
added,,37ef1cad8c37c38bd2dee998a5921720,
added,,4a29bb974f64ff692b782674ae896000,
added,,fab0de665b19b52125d79649f503d0b2,
added,,26c1f29928d111128b30bb606dc2a5fc,
added,,eaddac7d765688c568e1018a7172edaf,
added,,1657780306bd40889f0a9eac4daf0499,
added,,0c00e071ff57251b5c1cfceed096f030,
added,,84c4b7fb9cd39dcc75ea6a3515282252,
added,,e251febd8957a000bbc06fa452ef6847,
added,,27d31a83b7e2a5bafc6c225d481b68d0,
added,,4d34813c37b6322c8abad2bada9c4a76,
added,,7334a3ecb08d7be924c649df303d18c8,
added,,75cdc1576c6b944065c3d75a3a619137,
added,,7a67e1d586e77c726492485905043aaf,
added,,f84fbf5daf30057f489a5391b7bb8898,
added,,aabf77a851112e03fc8fde76eaaa8f87,
added,,8cbddf4ea41ac201a185088d3b63f780,
added,,d25eb4ebca1f6715ac3f0afe68a1a08b,
added,,a23fddacc4430de57afb8392702468a9,
added,,8b39cce9f67dc2126bd678295d22140d,
added,,5f275cf8e12d259e012bcc26a64e2155,
added,,3527a1e88ea70c9ca9dd79e6660b3752,
added,,d6c3465395c556b90d9917e76154d4ec,
added,,dde41b63769bcd56094f111341bc88c2,
added,,3ae4185b77123d7be29bfa7085f2b524,
added,,e5712efdad037056a89159dbe7ffcee7,
added,,321c8c95fd69e974825230408bd50e9c,
added,,4072e8f33b45f22092eca5aae2383805,
added,,56aa716d407186e5baeb107d293f8b64,
added,,45e4bd2b2bf24df4cef85f5b5dcb0420,
added,,e85a0f713adce9a57568c608402f2f18,
added,,53b86580dd271b73fd9b59d1ef60d1ce,
added,,d9d70ba735f178c2849dbce47a465247,
added,,aa988c994440719422c49443bd518f39,
added,,8653decee716a3efec3a4959c7e363fa,
added,,e72bd0f46d2f7cbd2eaec6eaf3285db1,
added,,b4d651114f4fade2f98d8e8b30fb5a94,
added,,0d9f9f73141bc660c139b7db9052ef3f,
added,,91495fe53233485a52d578d9b4c55512,
added,,980acb2695080dd7544194318042fea7,
added,,87f4ff6853cec467350f4fc908fd1b4b,
added,,14da82a47dc981d7d72dc0a14223e65b,
added,,65388889ba78bec1de95a07894166970,
added,,f802f864ee08716bf2928b74c07fa046,
added,,5de59e61be9e94878b6321e0165bd6bf,
added,,24a4ef6645e3ab65b8342abbc85a9abd,
added,,90ad97ef6609212baf8a3b22d4570f54,
added,,6102092077f4263e769d19845f23d8bb,
added,,18c057c693c648fdf92007b783abd654,
added,,1586e26c1e083fccd73db355effab6c9,
added,,2cebeb1da7269b7c44b3a8429453a299,
added,,f0b7c40364a3069042751bce75f733f2,
added,,a1634d3e0295ad02e8d146a0f971fdb9,
added,,5b1b48cc89a65af26cdc0801ed9ce98f,
added,,772a45c37777215dc516be56182e72a5,
added,,e5181a2d8bc846dbe4944456811b8ab5,
added,,a97b57a24fdbfab1f0439c17700058d6,
added,,0756fa72de3230a7a3f9c4ee1f9579b0,
added,,b295d5daadc5b195fcc8d5ef2b4ad083,
added,,7cea847a1944ddb0cd302801df9e52bc,
added,,abfdbcbd6ece0727be10485718daaf02,
added,,6f26772a7f10d144ebd3e9ff01badbb6,
added,,97a198fb2fa39474362566e24dc37cef,
added,,f4e0849f62b7200341527af9404d2c31,
added,,194ec5757706f36e39027fa6691b9a50,
added,,bf18caf3dc252ed51c77244643345448,
added,,816da7064879435982f349a541304831,
added,,9edc7d1be8fb5da3f234d7cc074d7962,
added,,2771d5a24b529b9e3eb1b335f8223263,
added,,814a669b3f362dddfdf2208ddde1af60,
added,,81434e75017d5418659a3dcb02e368f7,
added,,2e1548e4a825f0926ff7352f4ff53023,
added,,b6c02ac13728bdf58c0d5f80a74d61c5,
added,,f013bef29be5e82ad46234c56df53714,
added,,942a363f05e8919ad8be851b5bc7545d,
added,,7eb51df417a30cda3624b41906cfc61f,
added,,1a87d7c0c37432574527380a771c1d22,
added,,a54fe1b066a23bd570dbb8457bdddcf5,
added,,4cb50b4f00aeb644cbbd6288eb92a2eb,
added,,18dcc4c36dd7d509fb4c21d82603355a,
added,,b7e6fae165ef355244977ae1a737938d,
added,,c5e9e9f0e9ec0efa85d2fbfa586cf895,
added,,4ee69eed6b21fe59a2ec99682078789e,
added,,ead680ddc43340d57ef3f0f1ef4181dd,
added,,1fd4472ff2a9dd05c69cb6b6e0f7c0ce,
added,,277203d6606d548f81ae4aa94175a982,
added,,a23e4729c0b0bf51a570a3c9638d0717,
added,,47fce579c8809131353ecb5e761f8b09,
added,,805c3a5c9b41870d1b359b64fe50780d,
added,,e8433c6c691817ed04d856d49240f31c,
added,,72aa31a45d2b8902b065aee727c59124,
added,,f111f5032787142c12500c7ce1dde17e,
added,,4f9f17e6dfbbf9a287531a8c69373cc9,
added,,56dc5237fc4d9b693d7ed2fc6c8094a0,
added,,b9a96c0d85756ac4276d2553964c33d8,
added,,d50eb708e1a5f107bf74c7fe74d0edd2,
added,,24a07149a012f23cf237ba5c44c57951,
added,,8a077d3d576f5a901ba1916104014f79,
added,,df025756a4f87a40a4017484cba723c4,
added,,77f4edcda15885818e8a36b44ec40ece,
added,,9f5bf386804433a92d395c560d602368,
added,,41c9c12af5626a58004a76d71a5637a1,
added,,0c474025c47f93f0fb6ffba5d4c871b9,
added,,a9148b19b1c5a560ce6d656d4bc48d19,
added,,5d2ebdc2ee1af664308c8517270a5f7c,
added,,b1d16ff65fb575aaf8853077b2dd24f5,
added,,6af65725e23eb2d625aed08644449061,
added,,fcc88ba5822b884b1034f7abc3bf197d,
added,,03be27f13cc928dad784fbcc7b811cbe,
added,,46b1388d76ea3ad398f2559cd3e5fd1c,
added,,4447caf27d7bed9f6c149a45a5289587,
added,,82a2a7526a77ecb20a369e662d0bfd70,
added,,3f8603f60efe9fda6cc0dbdd437305e3,
added,,04bad04488c2b1fd7737e2829607dea4,
added,,620662b01f6439d1b42b3f30d1fbe0db,
added,,96c2c387f2b6f319f74ed85ff846bc1f,
added,,7d1242692122c8dc989b5f10aee576c7,
added,,eca0b4bb89016fd18fada95a1c7cd6b8,
added,,85cd66c7a88c52d9ec45f7771019f880,
added,,5e7414d867f4302128c8040afb0bc4f6,
added,,fe4dd5e3688b87ed313a158b8f1b1dca,
added,,fc914ada99c0dfb0e8ed40cfec469f3b,
added,,51254dc2df027f03923ce38db07d22f2,
added,,36f83086bd2e7358703f3a7e24069baa,
added,,e3f4325295a63d963eb150fb99dd774a,
added,,623244506f0f22318cabea3a396b5124,
added,,baea14ad9f1661ee15808766a666eb56,
added,,02a4d73fc96a01c619d17ef64aed24c7,
added,,973241f0c93a3a45f179c68655902c33,
added,,62aff168bc17fb832220e02395c4795a,
added,,a6f170180a3f4ed71ea9c91a57edfb81,
added,,329ebf4dbf726400cd830564b49da494,
added,,fdb8f2ce85938052baa4a92419747712,
added,,b9c9690cd3e0fb4a09293ef37b7fcebb,
added,,a207a7b673e251a2bd074b74b75fa3a3,
added,,2929563dc17fa5c5e4381d78a45c2f87,
added,,26972ab0e7021f5277c736c82325320c,
added,,90583781b41c1dc82d98a0dd7beb801f,
added,,59e457aa05ece334220fe92e756d8d93,
added,,7a4f2fce89d9f350078de3455590feae,
added,,8722be0729170a497eca009b40f22348,
added,,c34e908158e2bc88aa80559eb41e08eb,
added,,be6c9942241eb2f5645577cdcb5a2669,
added,,ed445d5823c4f0c9571ec287575818a1,
added,,62a8edee87fa10f7888aa33b7c00df01,
added,,da917c4c6e7d69b3fb4a7e01bc558e1f,
added,,8515df8f4fd8723f0c9723abe1f1c3e7,
added,,8ea4019daf5792ccef84e2b2900a1132,
added,,634fe3801bec811c27922dd81dd8110c,
added,,1d36d04532e54f3972b20199906192a9,
added,,9594f35d18684e36e411e45c63750205,
added,,4121142ee31dceb576d92698257c221f,
added,,738503cd1517325d618d3da154292b71,
added,,9aa2cd389ec77706cf3e68a09e5b2b9d,
added,,207d4b4dc3385657e70d80716a142ce0,
added,,f07af9574bdb55358b1961177e0fd1e7,
added,,0493cfc394a678562feaa2207f88420e,
added,,e254560b383b7e1a56767d96d8ef9663,
added,,d11335d7f5355076b50e3ec68ca6c733,
added,,498cc5b316b6fd54b1e8ef737ef11172,
added,,3f6f11d0ca6aa1b8c6149ef9880ed351,
added,,9a7046fb6b66b7b5a440a8189c15c058,
added,,b9391e990403b7cd03ded137b5b93ed7,
added,,59b820300128fcdda245b346fccc9adc,
added,,adf8fc9e24d490b7f9ddbb33b8da8aec,
added,,e0e1b940b7bfdda834634bead17b91b8,
added,,3e96508b6d4979b2c121db99d17a12ed,
added,,8e644b02d6a20311fd9289258120bf0a,
added,,07c447e7d1337e713734f17a16b70872,
added,,fa5e7eab0049b4501ba32b7bbef8f785,
added,,6d8f256d62f703203b496cc6c4ffa03a,
added,,7288b2678a822da3e1795e3a2ce2846a,
added,,c48374ac63ad9b3c704d19b0dfe31f8a,
added,,15d9cfcdc0382180923297ef31a2b396,
added,,91c58d45c27fbdf89ac61e5e387aaf05,
added,,05b8fea027a562665053cdfff0349baf,
added,,4280f369a600f486b914c34a479c93e3,
added,,a7fe16b40ee51ac525d6dd272da0f48c,
added,,bdc83530ee8717f5d30854c58b6cd023,
added,,acc971883669b270ea879ee32faae1c6,
added,,9acab5dcb402060245d43416e5a5b108,
added,,1ed82015086b173451f8f66223666140,
added,,195530b76db2c0bf0c79e3f587e41274,
added,,19b82211425672e52d79aca60b31c02a,
added,,93cd3491eeea42782b72dab6f89d7707,
added,,48a5d9644bbbea1435aede765ff706a0,
added,,4f4f30846302d179b025801f16f24bf7,
added,,63f4577349fcbc62ebd5cf8d499c69a4,
added,,3af51134b4d0fcd25132f893d1058d15,
added,,fa4ced53c27656c26d0ff27e7a6ffe26,
added,,db686eeab402b318adaab8d0d990518d,
added,,a391adb00b514d9ac00fde0bff994f44,
added,,14aeefae84b941316d99662877efe8a6,
added,,0c075496586176bf39dd851739afe12a,
added,,0408fc6fa29b143ff887bddd26b6a342,
added,,bc6fa34bb6228853deb05dc811e8914b,
added,,a62c0d638135e926cfeecb8adacaae80,
added,,7f5364bb1b36dfeed53e6daef5921ff2,
added,,0de1e06e038c7e62f8f6517b6f5ae411,
added,,76790963b25a0c25b7a837f56375e577,
added,,770bd29cedbc7608e163ff8a0bd4b5cd,
added,,598a3600668dcb63c63da8b6097e5533,
added,,0d6cdab5f3a5eb884b179950702a4e18,
added,,6d62341a28275e5f6ac2837dba11cbc7,
added,,a0f396d62165a5a1abe0aacf24922839,
added,,3ed533a276a13cc9cabc250d9df4aeba,
added,,5abf3a4f3915763354509431d2609e49,
added,,874d43109af1d9061c6442a1ac4e3a08,
added,,62be3cea66de417d76599908caa8360f,
added,,8d8f6b8460a83baa8faa91a934ca006e,
added,,cddbaa6e85b4a265819ebb6c9aca9830,
added,,423a9ab8210c2d63fed64c25cc36a264,
added,,09594a258d5c1f08985c35d00a072134,
added,,bb6473765552b0504bf76254cd554558,
added,,f1365a5b83979d2197b1c9a4d96edd8a,
added,,e9acec3e7590cb864abd8a8f05dfa3c1,
added,,ba1868ed08eac2f264d4bbbd31d6c995,
added,,31069aca38a8e1fe6fb1653d355a62d4,
added,,cc7449f26167a9ee3ef22bb8575974db,
added,,4e9425b741623f36bd5af402295b5439,
added,,357c4d2af63f6c235dc4694277209e32,
added,,7278bfb8b7561646e3abfe0e8b842193,
added,,7fecffd1dfe4ff2cdb8b60923b8e394e,
added,,0fc8b4cc5760d356484b15a5ec52a2a4,
added,,099cbc0ff4bc3ec276a5f571a0eae150,
added,,a1e29e901f6a5e08f3c377a7e6df981e,
added,,d3c94dcbadeb469752a5eb941fcc345c,
added,,8124c4cf9a8b4659b4e1a8614490a387,
added,,5436e4fd9ed168802b1e3512b7dbefc5,
added,,2f8c4fc846f2ce21e282431d099c36a1,
added,,8693f72058b186ea1dd107a31133b534,
added,,8633c0807b76fa2bb5db10d7917178d7,
added,,1822304e0a0acca83e56ff6e32249886,
added,,71c13078fdc6aeb81edf70006006908d,
added,,32e18925bac85b9000a75e654c853902,
added,,3a30d91cd3bf47e9d78e36c482127376,
added,,5d21a49202f1b46d9f1255129c2c3693,
added,,f16f1ff67c430009c57c8634ee7cff16,
added,,71545deaad7191d5f8230a094d18734e,
added,,074ddf80ffc8a85805da4124b5026f66,
added,,e5477f9b6a5994f12ef0ef9003252569,
added,,e0f86382a526b5d4b11933f5f9d4db83,
added,,7f2f6bc4db3d171a08eb3a5b4a3ac3d7,
added,,e22c3fb4e7ba0237c2a0111297e2c81d,
added,,5a9cc2d600576415778bdd35a1bcf076,
added,,316c4372650c50f187d13ad80cfc8197,
added,,516f81fea7c280b46fd99fe4619a9c7a,
added,,8403b60b0e83f9d8d432fc0deb745941,
added,,6b4fb8a449bee5fb28cdc8bddad34782,
added,,e58e1ac64e4a474d2adc2d8eaff629fc,
added,,c03235a3677591e96850ff7723b285f4,
added,,27ddfd13461cf9eeaca3f64de5ee624d,
added,,0c0fd9caab31730a24584eaf8b5ec3d6,
added,,9ec46b26cee38afab46773b5ba780134,
added,,e49b2e5a22a6877e6fbbda3587602f60,
added,,e351ac5a6b3cbf5198adfa9b913e3f6a,
added,,4330b06901972257f1387daf211ba188,
added,,a23f43a8e7d885f878bab2f7c80add36,
added,,eab1f27ac0a2938e607e0181453a87b4,
added,,ba38eefe8a9230b6206f47946ab8430c,
added,,632c46db7d2f5148e6abef098195a48c,
added,,b1d979072b684314bbfdbf9b31303801,
added,,f76bc984e58e1c79a6de757fad62cd66,
added,,fc31695baf6b927469af38321557b559,
added,,2fadaca638b84ed8a7cc02fddf61f234,
added,,500fbf27be101ad69f42980e14b05c89,
added,,c89e836ab260687f818a52d2e9745d9a,
added,,f9b064acf9f64f7e35d74833b92fd302,
added,,22f15f05c77e9193e1df9c55e815bada,
added,,c48b13984d0f076379ac9150efd0b55b,
added,,174e640247a1b32db684f55987ef972e,
added,,05ce18e618bbe87f05c72990fa1e3b0a,
added,,2d9f50adce79ceb1a94238ae7aaf517d,
added,,0a33ab89a85fc9fff684d5cc9b9fd923,
added,,bdf7312260b03dd37afbcb2a08b211de,
added,,946116b7fe11ab5ef45f904c8a1e1d4f,
added,,7620dbac37ae9d6e350b81039e34dbc9,
added,,20fc66afa53a5a2c270652e2b3d8ba96,
added,,822c638e0b3dcb99828b79b920cbfb53,
added,,f5ab76126569bfb0e08da8b417098bb6,
added,,c85bbff6caf489ae2b2a20e6a47eb5bb,
added,,a2f303f78f9a74aecfe289e72460be46,
added,,77c07e48e324ed2337a5f8f5369f40c6,
added,,aef4824dd6ede166b9ead9118119b3fa,
added,,dc0aced3ba0f9085b2fcb2626267eea7,
added,,45b797926747ebdef177b1d28f6af624,
added,,e707f8ccc5c2b75de1055f27946976b9,
added,,f9e11c1e7e3ca15b0a5147f0415a9f60,
added,,fae410dbf50948968017c48acf82cde4,
added,,113057a733b3db552dfe1a7b33360b38,
added,,a15b8ef1c8340bd0e4947f9d4fcd5520,
added,,c1e66ea86bf206657c57bb2419e9d7b0,
added,,7012c9fa21b7f4c96251f6d546861e7b,
added,,3cc0017027131688d551d783d81627bd,
added,,63ff9915ae2fce8e394df8d2f11ec3f0,
added,,d251b3bd34726ecaebebc0e833c87b83,
added,,c1eda52cc319ff1ea19aa6b79112b090,
added,,e064f5a2cd8bdfad06673309140938a8,
added,,097c0d5952b448401ca4db1f5f09f318,
added,,cf4a7f326a80618e8793c7b80688a496,
added,,3fe74ed426131de353bcdf43766a9e7e,
added,,4e7d1bb3f1d4ec994b357ae92f5ba51c,
added,,31338e93d038043229cb3bb0253bdc72,
added,,5282971e5c8653d22f0444081d4566d7,
added,,877a33bec5b1e86a239decf9278d6b6c,
added,,e5a9aba0d29b637d18dbf4aa7406e410,
added,,87254e7309fde339266264d400fad154,
added,,0fdce85b36d561d805f934678e08e0c3,
added,,337baa4a267b2d12231dfab8a68e980c,
added,,42a35f1a18a541e683da4e8f2273724b,
added,,30a7b8549b9c306c752e60e45d8d1178,
added,,a22eae8346f3a9698f54179656ca2711,
added,,58e898ea1eead97452930bb5759a2227,
added,,e6003c773c9081f892a62ab86519dcfe,
added,,048fa0f493b3018b79b52fc7b70b374b,
added,,99edefcf9b049f7283fc06dc07ccaba8,
added,,59a37696b93fc07eb88d345d94f238fb,
added,,3b725420f0327b24abca0adffd6df2ba,
added,,f84fbf5daf30057f489a5391b7bb8898,
added,,f8e687b69191f164f419de71c4a3eca1,
added,,223889488845100a26be64a0f7446afc,
added,,df464baa2d954bb53806f64d56eaba58,
added,,046b1eab33e92d82042b41b455591cf3,
added,,441653668509f682f53c23531c623724,
added,,875a9f9057e8dfbb1054577a20c2a90a,
added,,56d977d5ca8042547777c10edc9099b1,
added,,d8f4875563dcee7cf640fc71f10872b3,
added,,1ca879e5dc6950f8ba828f6f4bc50311,
added,,ff574c2200752537e4920f5646a89ed3,
added,,68c6dad4a8da41456c9f7409d1af993e,
added,,6ef7288ed98baa01f2f991bc667de5f5,
added,,197020719a755f28d8ce2f943cd7a596,
added,,2172b4e153f8d5b8d49794a8d68c652e,
added,,21de2f636c87738e49626da96f80d4fd,
added,,e674e11e86df48829b7fd5092150fc9c,
added,,564605d5e6573b459217d606232d0e2f,
added,,245144248b1add77f728d301f3694831,
added,,d819a33ee0d1a1e6409080ee4cb86463,
added,,3dc35fd8226bd5ba16b0259f37a81d27,
added,,5a2f53dc95d5325787c424e44e9a3015,
added,,102fb0fcb09e3e7948f400d1b50ccf5d,
added,,54b636953555e5d79a22fddf2af6c784,
added,,aa082c09e5c3506e2056ce3ee53214e0,
added,,f973cf97e08ef0a4b1f225d3f27325ed,
added,,fda18cfb78f081bdc1780529cac919ae,
added,,e1c942331b6cb50ef379c3a1d03b9ebc,
added,,0938e1040b391c14cea179114b48aa09,
added,,f1d2a0ae2ff9e40329861a6c9f3038f1,
added,,dc4df95623936ad9f4ee4eda6c75fcd1,
added,,26d18f41f1569dfce88b5ad2f9571517,
added,,82689012d2758e0d3985fafa2d7fdc9d,
added,,9aefede01437bc4d8f7f01bc30e1ea98,
added,,0acd4283e4447bbd5b9fec8a07d721bc,
added,,5d9c09df19a5c5db40390fa93d5b10a3,
added,,4ca6de6aba2db03937a312482110f980,
added,,3b24f026aee6ff1b3cf8d25f10ed6ef8,
added,,6ba51468638f6bb540e922adef0821e0,
added,,0d7977d747bbaf728c8363a54e042b1d,
added,,7b0debbffbd3b59b13fbcb5f3aa8e546,
added,,2acf8d119ac769d8741a95154b90ab15,
added,,f612284aecca5c71270b624b3efdd480,
added,,5fdea5608c3adfaef8196633132589e5,
added,,4e50cc0779cc2d8709ae34632fed5207,
added,,0e397ab833ac03e782ef8a3f1b47e0b5,
added,,e929e39f9ed5f99717da3b2492b388bd,
added,,9fd8f23563669e2195702078afa072b2,
added,,619d7c31b88a8239654998b4dae749fa,
added,,a2c8124c9f3ac5f3eb0c91303d28f00d,
added,,10e5a12465eb499a28221a25610612b8,
added,,b91cf0d67699dd9c27a225ab9039f4c6,
added,,9b0509228ecd96dc2b357cb97b9ea0e7,
added,,0cb381c13d673f8d7ee266811e7dcf86,
added,,f945de5626cd569b19e66e2d8dd69fd0,
added,,53da6a2f5e6bf57bfc9c198f280d25f9,
added,,fe6ec3f481775a3868ae223705d3b8e8,
added,,dc161bcecf5d049da6027ff4d6d8a5ad,
added,,07087a4cfda695de188d1367cbcae55a,
added,,bf02bc0a9aae6dc48e26acdac96a77c1,
added,,c1bde77036f9df3c23ba46a88d00d7f8,
added,,ea5213d8b6500c52ede40cde619b2654,
added,,9c17b7a9c6fb40e1fa42189b7c4923ec,
added,,2a323e7924987f7ccc14a9a071ba90cd,
added,,1f1bca78778107b0bdaf618de2726060,
added,,c3b52113dc9e5d6e4a52d4da3cc196bb,
added,,48f2ee8c322c5b87df83016e3ea7bb12,
added,,0cd7936fdabf6e8d35a0f70f785afa89,
added,,d6579f85f8e0dfacc4159650038d5fac,
added,,0ec5105498c3fc5aeaaf78962a7918b5,
added,,bd1880f86af5db8a689b19d0b362ec29,
added,,d33782e95862de13e0f7903c2a2448fc,
added,,2832e17dc50dbe1b476869e17d205f87,
added,,d013bee9949dd300304a4b02afb34394,
added,,e73511aa788258d18548b9f80aae6870,
added,,4324ecaaa8912cd1f7c0444a38ac1db5,
added,,15dee100f721887c0928ffe4d5f37c37,
added,,3ea223260430381409eb3ef558e02f25,
added,,c7cd54a0d3902c89ea369f8bfa398e15,
added,,5c486480370c30c486489a278fc80a38,
added,,4650a7390a903d32798d4493791a8a88,
added,,bb76f4bf2da7feaa9d8fe38d66024953,
added,,287b78b13c0e94a76dea530d754eaa90,
added,,a1082f82913a8f14f2cfd18da8e8b9af,
added,,ca29f1ce4665b93d762d7e1839a28b9c,
added,,d8241d8659f0c40adf1ac8591771d5ec,
added,,5e250f3c14e003d80dd90859b952471b,
added,,fb5a7b9ab6211559222731b37af5cedb,
added,,9c4d1fdeb7ba4b6b2000c37f54ea3b3e,
added,,e4af7274e19c5dd52f5ce44c8dd8f8ef,
added,,e066e6205b62907736bf47f621a29180,
added,,f6c39a3e6504cdf6ba8d07938d8f9cc9,
added,,6553d54144833ac8187709e1c78ae939,
added,,adb527598b5ba0b675c58d3a834a7352,
added,,7649fc846afd5f75a2e5a8a9b2642843,
added,,13886c25bfe59ea6a1b4d3292a06bd68,
added,,2d4a23926e45be1becc4c26bcd624275,
added,,8f8b5eb1c1a0a48ce306335002a73b8f,
added,,ba877b9bb6d975d41af4cc4a6439d524,
added,,b938f2a06ab25e015077be45f59754c5,
added,,9fd91d015ee6b4d98ba422a50984570a,
added,,84da269ccb2bab26c2b7230811b2b935,
added,,2b622abeb3f17bf68842d87f1c177149,
added,,bdb9dab9b45d8dd25ab4ca623b32ffb9,
added,,6d568a6060ffe72a38283425d331dcae,
added,,c1b82d2a0bde54f5b5a97ad78053c8b5,
added,,358f9d4321e427a5881ee83cbeaa237b,
added,,a2c2ef00eb1d05746b9b6b4efdede297,
added,,d9d5e411f24ed3644aa75ad301edd91d,
added,,670cf36a17c63c67912245c5c8d8cb62,
added,,2c57f6d0bfef2a641c126a9f17a0d52c,
added,,b40a8e17c3e3cfa5b49b0d9042d57319,
added,,b04fb29fdce5152dc39861aba6143521,
added,,47c2049b12019a8cc90d788be678f3f3,
added,,af251eb0dc27c34a90300e0903d15f39,
added,,7f14d2d78ca2da5ef50e8ad01f6346bb,
added,,4032830c2cbbba0c5bc391cdbcecfb56,
added,,ff2dbe6396621b6b470ae7258b98fe2b,
added,,937c35df1268f8da2013434071f8ce29,
added,,1a5180e11548703c15fc38c6a7c41b2e,
added,,284653cffa5e981dac4527e5447ad4c5,
added,,ec8a737907bf6481adb6f5c623c6094f,
added,,c9ede445c589fcc7500b37cc167cd7a7,
added,,5bdcb304604b56d18155ebb81d25def9,
added,,9c43f50434411d30bf91c5b4955bb03a,
added,,175529855a9bab8b100c56a0e8e26163,
added,,6dcf45cab8d3b054e4a5d170e829b15b,
added,,77bcb147db37bba0911afe951f1b7bee,
added,,5d7d4aa727658070ad2eb1d40e91fb8f,
added,,874a1da3c7846c677580eb37331989ae,
added,,79f9b75b33113f231c15c63bd3e54341,
added,,8210582b93bb0a7424bfa7c65a9b983d,
added,,ca4e2450913e5f2626a6dd399790badd,
added,,e29500b45eaafb552e8ac12c2bb7b4a1,
added,,6c1c2fd8b0648487b62af266820442c6,
added,,0ff6ffaeb394a25bdb5b5f0f557f71cf,
added,,c5a7a1ba74da269741dc0e86218129c5,
added,,3906f71e443adf3d1e024d6503d5c2cd,
added,,c6eb2da18303d0fa0e62af72fef91203,
added,,e648c4529fa2ea810869b5577169d70f,
added,,189aec2ac2e7286ab661bf5d28d0fb49,
added,,fbe125fd139b25f76cce3eabf2f047c9,
added,,447390fb54bc149e635caed25e984786,
added,,2b81974c087515eb6959a9fa6c7efd12,
added,,8cd732ceda0ff329fae8463aca7b30c3,
added,,cf9b022ace1c7c8d5d156cafab0dd756,
added,,7541261460aad4c8ea1980d6b7a1a303,
added,,42998cb344f838df8b617eccaf4466a3,
added,,d4b66ff2a12138242e4a85d311699b7e,
added,,0485f9eacc28bbc493811356435fa756,
added,,e9fc210841a06cf03f236a5464caa07d,
added,,afda686d939a45e501009f85f02bcc57,
added,,7e0148576d032179a5a51012e7f49d3d,
added,,473bbb49764d028a92658705e52bcb23,
added,,199a7967be0533c07ee8712b55c04c9f,
added,,60f20e995c43c2981522c99d145ed700,
added,,291e76cbdc7a34a8e735df9c591e40de,
added,,961a6d343469b516dffc3a3de9ba9a61,
added,,b4269ec30ddb9f5c06644f23ca58fb1e,
added,,93a87ef06c06a1485dffe81fbef647a2,
added,,fbb7a976083f64fa95aac47c280f191f,
added,,aabcb30a4a9c970b48f24be35fc7ac9b,
added,,c40a7ed06374a4b58c90055f498beb30,
added,,646e71134ebd0c7104e74f903edbcf6c,
added,,1592908c6541b451bd3cf9ee5a4d30f5,
added,,64fce148ad6f3170578337ae5f0fd4d6,
added,,bb6a52793f9a7960b4ddf091ac250c05,
added,,972317f537038d58cf69db1211c743ac,
added,,e473d611b70ee334d5f2377c48f7eb6d,
added,,4f0a21d832f6f169236165edacd97e38,
added,,5dec8237cd1d316158a290a8da796512,
added,,537f24871b41d5004675d5d31f58ed70,
added,,abe4244115449739b25de60dd7246adb,
added,,dfce20248e300e9f0eaef35ba478cd68,
added,,9399b39a34fd25e907e8f6abd9d4b20a,
added,,8b613e41c9f5b1f29f3415dd53e4b54b,
added,,a44f0419b13fec08e23965f3970c6981,
added,,04f5420fcd337c4129edcfdf03ab0716,
added,,761cf5934e3eadde3ca1ac720c62b37b,
added,,1f435c8bd91ba793d50add291233fa7c,
added,,ff2bba8f9a3496336977f88e990ea34b,
added,,116ae15b72e73f398f9b78a6b01306b0,
added,,2a3a9a014c6b1a29687c9fce8dc94e67,
added,,92a003abfe34232874ba96bd1dc43965,
added,,7437ba0d0b0a918cd89b8af13f249905,
added,,b4a6e9269bff1b6557cff6026ede644b,
added,,e5cb6fdcdc79d210eba46444db48fbd6,
added,,f40ad56782d243f862645009cc50760e,
added,,c5fd3af53c1cd92a0a1750abad909218,
added,,9af246a78ebf307cfc331fc7845a03da,
added,,431523a4ddf9afcbc0197f1ef0737fde,
added,,3bdc19d5a9b81b7cb99812a7b766a3f2,
added,,9779ede3323ae01d633c2b52e58a8aeb,
added,,67b5e2942a0c26a7c52a3ac3be7d6505,
added,,e824ad416c1739d6f9787d47fdd5152f,
added,,27e28101403dcd5ed13df78068032dfb,
added,,cc3a3394a6bb788518e902f088fc01ce,
added,,88cd5d530612131d5f9701ea7ae43502,
added,,e140f060a7f43a3bb56757d04d34d46c,
added,,c87327a2b605bb144169ed7bd66204d6,
added,,a3beb8afa29b9499a1845a26e5e31636,
added,,1f6599f0d203fc584731ab873f528a62,
added,,7ed913e85dcad897298d1aa7cb26461b,
added,,a7e62d58dd752dfda77a0684fae58310,
added,,94e1f15d82fb01e052c0e445ca279f91,
added,,4fb512ceb474dd5d1f731afce9884cc6,
added,,8dbbbfbb3ecf938b0dec13f4bb237716,
added,,6bcda534169ee776798cabe39cca8366,
added,,6fe80477399556fb9d18b6f85e592ca0,
added,,1af6dae71def041492aa778af9d8926e,
added,,06453f9696dc27a29b386e5db481b29b,
added,,2bf1d9464ca380e04f64efd74e71b5a4,
added,,c811e61b2bce746d100781de29c1be71,
added,,5eb8c648ef06f1a0be7475b5d2ccdee1,
added,,26c706012ca9746b51ff1b541c84ae0b,
added,,84e325dea0a4eeb0da864497a893b773,
added,,36ec80ae46534d8c61ed8d1fa40997be,
added,,c88f52a200c152438f7828a2b6f2c392,
added,,95b3cb268af3bf76b4aae2a5af864fcb,
added,,7f6b68c16527e104d90d3e62e54266b6,
added,,7c4013e8f345ed5f226382897e491c01,
added,,4e665232ff1aceb20cc651d6924e7824,
added,,f9d1621b6540653e2b079cce4d4d7db5,
added,,98fad85d4dd6a7357a5ff2be1ba5fe47,
added,,24eeed3ba5cf89f6d37242554440cdc4,
added,,ca231340a4d0e1c110c9db6cebee563e,
added,,51be32c63572b4dec0748eae28ed6191,
added,,3fa9cc56a86126c7ce206f9172e22e4a,
added,,a755980d319690e43033d9c9a6f7193f,
added,,9ac454170d928d84cb45ceeedd02cb47,
added,,ba5dda8c694d852a7261ab04bb86a03f,
added,,2eadb24999e9f3d8c51b62c0b56e74ba,
added,,99415ba6c5f609f92d78073b942b8a7b,
added,,d29039065787b5d4af94069eb76ff37c,
added,,78a053741a6735198f38c89196658899,
added,,bcc97c9b5ef59a7c29266d79fc41df58,
added,,e486fd347c37035815af5e8678f440df,
added,,248d323ae4f902723a6650d29baf2f17,
added,,f6aea8a772c0615ccbc5f663293b8a0e,
added,,4b33d8f5a9d1d9ee666f5b13195a157f,
added,,2011c286f760ff822fd2583664ad186c,
added,,cd75e1d2516069e71fd64a424f7fd9ec,
added,,6cf8baa5abb2563fe116926f9db0799a,
added,,9987736a8c7cddbcecd01282032a6f48,
added,,f103e1980ec9945527bef8c61cd01fca,
added,,714adf89a48f6971bbd08d0d0ba39e77,
added,,0043610f40ee38087921c3d4112f522c,
added,,c9f498d8ced6d6c03906b1762b0fa377,
added,,04ccc8bab401b4828eb660a78a076956,
added,,c70d515963df232bf492a4f322338318,
added,,fa1775d3c96fca180dbc1ba89c370a2c,
added,,7908acab83b52a13ba2255282258f5a3,
added,,27fa7fa8642c4cccad6ef8bd10164ad1,
added,,2aa6fa61eb91c3acaba649c95cba2e5f,
added,,80953853a8df82be3e3138d00bdc3514,
added,,4c74372f2b9e143aba06bee228ad5a90,
added,,a3763d4677f4a2ca55651013c7bac007,
added,,4f65ec0cae890c8f2873b1ccf5c76318,
added,,b6873da61c4b80fb96f7c11a8e8b24c4,
added,,374889278cf90bef9a1f7c09ecdd4ba8,
added,,d33fbf5b1160eaabda6bc206f61b49c2,
added,,78e464360d1b65c58a57317af19ff5d2,
added,,4f528f30ac9fc51d7608771657861bcb,
added,,e4be61c5122b2fbb52c51c459a9bdcdc,
added,,b8798860247cb6cb813ebce9c646f923,
added,,4919f23669bc9ee69de0d963c8e07187,
added,,50dda565f42c723b52ad7f4717d44809,
added,,c7268ec51e522b0add0e3206d29cba53,
added,,c24aff999e98183243b9c470eb18ec21,
added,,1218d8d004859a7ee6d31e5212965853,
added,,a9ec5e6b4773d04e0875cb45a911c21f,
added,,78d7a311e672b6a79317a51ab1a5f8fb,
added,,53620eacd22899ef65f4c2b4c534b45b,
added,,9586b6a449bcc0fb3d7979e9a21d27c5,
added,,c12cdcc5d4e3009c21242300a0de3036,
added,,c3ed30424a3d65b31acc348cdf562ac5,
added,,ed7f5ed691383e3f73581a379db9aed9,
added,,3689ea88da56c8933c9f4100fddc0f01,
added,,6fca7851331dd7a3c0ccf45556b743f5,
added,,0d251df33b5caf9cf31045cf52936169,
added,,82a05d3a7d1313a7a53fffad305b5f47,
added,,8e70233e541fcbcbce8dad7791459781,
added,,07f26e81358641b80de26a483547f9ab,
added,,994bc6e23995437a20fa45e1b9f3542e,
added,,facae333b96ea5ca7edeff925b07e1c6,
added,,03487f7a1c04b743ed4bf2878195d6b4,
added,,aaad3d8a143d250baa092c5a60d3fd7b,
added,,71a195db5380b980eb1e8d6d0ff6b474,
added,,1baadfb75a380f6aef464d88af26eff5,
added,,bdc4f6887cc387dc8c51e62f8eed45a0,
added,,0bb6ae50cef0c30189b92f6fb270cf30,
added,,cf831ef60d2a9d791b3f531061cb8d87,
added,,dd62ec2ec00640143202ea554f97cffa,
added,,29068d3e4314b8704153cdf594eba13a,
added,,e927f341d29b94c4542c0a614a523f86,
added,,dc08c6fd5d2d5c2c5bd95e62f91547da,
added,,8043332e26d89c6d4d866fe4757ca62f,
added,,168cdf7bb991fc1a7f7b6b0a85afb455,
added,,f015d9e866cc6129d9734d6b52459b2a,
added,,9f8e7417088cc6effad1669086e8cffb,
added,,7aa33f05689d2231b518f148d90626ce,
added,,822d5e596cca0d3b2b8b402a757a0fdc,
added,,28786f703350043505830f5ed67521be,
added,,6286d1536e5971b9d650dc0bddb8fda8,
added,,28219baafdbcd453d4e0a409f12b731c,
added,,82c429fa0135654dcee2c8d4d5af17ca,
added,,6ea4bf5b2d9589e361504e892c9b9afd,
added,,eae5953da7077499058be3e5472841f3,
added,,2705aaa5cadda9578d3f701ae13b3305,
added,,a01c9fb05120d053a86528e26bb22258,
added,,092bd96a197c4bacd3f528b345acfe9a,
added,,bdf40793cce0206aa6ede2a64de8ad11,
added,,2f47f238bc3aae8836d360e5b9baf577,
added,,8e4d71968b75d708ca501c1a78064d58,
added,,bd219d1d69c5bd3039ada21ec7104351,
added,,dceb9cca7b96e8761bd5e7e920b4180e,
added,,8a9a561cace75366a9b83e515f68994a,
added,,b6b65f5f552cf949c1ae20d50f55c182,
added,,8aba2c5a86066a27583dd96e6ade5e21,
added,,7bb540b68ad28f1a609d5815f400f6bb,
added,,56e92f2134fed500021c461853dd48af,
added,,0fed3720a74b8f9f4273b0bed6b1984b,
added,,07a7014cb611a3fb86540005f30be5e9,
added,,e812723b0ac3364d7d35bd2911ef5937,
added,,74769dc5e9739d1a6477bd20c6894aaa,
added,,4a969737d3ea464441d1c890ebb38e05,
added,,555c7507b3e1e393436721fbf8bbf1de,
added,,2c965534543f476a21129301311abbc1,
added,,9d853053dd1cfb49e225e579e3bcd5a2,
added,,48946e74c1e9bbd0dc64c44d3be4d7e0,
added,,b641c491baca789a53969429edf79df1,
added,,3575513db590293746a3e48f8d94cf9c,
added,,9e334b368792dd5ffa76b9f0119b2e49,
added,,d3c10b56be6565c565148bfb00f7988a,
added,,cac37edaf18fd35f433861880a688ac6,
added,,4f09f5fd2b7d8bc341f2172e1a4512c5,
added,,464f075a6cd4626202f0e26ee648e8fe,
added,,b20c430823e8ef77dff8269434ecc935,
added,,745fe1ccb469655865ba03c9da29be0e,
added,,cc41a535e14243d36d6d278ecaa97a75,
added,,09bdb99e97dd4120baa897c6bd0153bf,
added,,ec9d40a6c1cda3983b03880f42668976,
added,,ca9031c512a6dca7f9a0e4a4e5ffed03,
added,,8481768235f7b689ef6dff446fbcbdf9,
added,,b859974b71c336b2b43a8cb211ec6597,
added,,23b49b146f57f459b40be9a544dcd688,
added,,438dc4363feec8987b0d2ad7b46e759d,
added,,6cdacef750a71c1324bd344eb0aed834,
added,,e3cdbfd1142aecfa2e24bec436d518ec,
added,,60a577c64f485373c05cea70674dd783,
added,,7fec889a7636a55ad95e3e141ea00b2b,
added,,13187da4d4445f907e2352a11611e155,
added,,a6c0e33cba5a9a15344b4fa9c65b6f3a,
added,,991810e0eb812e806b006152ac20eb5a,
added,,8b0fbadda12f6f854c149b424d8a770d,
added,,07f2bf57168ac014ac797a757d1e43f4,
added,,33775d0611bf555710128d38ec1021bc,
added,,d9dbc8c36d98adc196ecbf3046d7e6b9,
added,,4d132242925e01dde73937d3f61f4a4c,
added,,d8475e755d2f7c5ddbda4f687fe58e51,
added,,7249e647d4334daf5dd74e901bae90b8,
added,,3f231a436c906be0806e7d9c59d2a34d,
added,,1cde56e51ed23d3f107ccf319d9136d8,
added,,11e5f35217777f1d6488d5ab79c61951,
added,,0aad1267aebe2c58d8e2e383278e6bb6,
added,,16c3187a7eb4b6720c02cf6f0ce21451,
added,,2444215c20c69ce21f28820269dcb059,
added,,1fc8d2e8308a9a6a92ee29ff6577ffc8,
added,,9898f6e3850fe6e0b016c6f934f1da6d,
added,,bcd8ac5c37e26474f311982487458745,
added,,dd65dc326d3689b2aca9e1cbfcdd01b5,
added,,517690b865ad298f55bee8cfbd04da8a,
added,,bd9ed5b27476d8a9d7ceab78b753b7f5,
added,,4f729aed06679e55d873c7a9bae6e942,
added,,abc6b782616f500f81831ebc08ae80dc,
added,,1d790104b4fe56a1553dc2eab694c9e5,
added,,a0f89777277658355119d976ce3f672d,
added,,98819653de89c4467cda648699961e5a,
added,,6c9a66d4e93b4cb060b4f9ee846b4632,
added,,2ddd1c558304da343704f96f8095ff95,
added,,b61c6f143f556520fd0efcf2e649ae2b,
added,,8db25a3083c70fbcf26d4300f991b52e,
added,,e16a919da2786a34989fee56da64ac4b,
added,,12ff568c3a0cbef629ccf7d71d3d9759,
added,,1e50c7bb545549f133e31413b605b793,
added,,351f17a84154b382cf8d1ee70e66b0c0,
added,,0454f726a71e5838942af948a39ba8ee,
added,,2078b059d3dfcefbf66b04143443dafe,
added,,84738d39cda4d33c137ee1fa6a57e6ac,
added,,46f1f548b88f80d9ff89cd516206b876,
added,,5733b5bcf5154027c8c01be74f6deecb,
added,,37052f1bdfc61e6dfcb581e7aab4e952,
added,,c2dd91e8e58a17c43db69b215c918683,
added,,cc9e1a13af8fbe536c23c88e0b2b86a6,
added,,5d8769e5c91d2882624cf39e917843c3,
added,,cf6913a484ac9a900b98e095d37e72af,
added,,3947dc94459874476ec9eebd12f4badc,
added,,e9297212abf5820de613fd567d5fd76b,
added,,a85498e68151f8efe9efdac0d03ee7b4,
added,,cb62d3aedc88683f14948a39519a0221,
added,,beabcf3efb977bb5c6eefa232183d6e7,
added,,d85a61696999bd00d0a573ca71454267,
added,,dfa64870e1fa8aff109ce1f802aaf524,
added,,71403dd4e543e0ae3c8291ec4cc79a5f,
added,,320435499ade7bbaf4f7d05dc1f7cad9,
added,,55e75b121c5138019808e987a5d1450b,
added,,cda94fa55f9d59628660df515d1bfdba,
added,,4d47d32abf575e9ead9b74e10658b74d,
added,,cbbfbd6c6e810051032452d3f7a914e8,
added,,00c152cd14113738ca3a5e85dd0f231b,
added,,ab394515f33e4621052f48093d1e6f63,
added,,6be2350720100ef23f56d7c89da34b73,
added,,fb9d33b08dba510dc24c5a0fc819d9fa,
added,,6e48fa79f8cc2fe522cc1940347c2633,
added,,f68405e0cd966c4c6e802a86b9167c21,
added,,b971d91352e19164ec3b5d9dfa4bb561,
added,,758b0e736fc9fb604a9357947d53da3a,
added,,4b2f4df99007825deac95d80cc187de7,
added,,507bb22218b39ce21c6b1756e94b7192,
added,,cbbf6d86e129013720f752f4e2a2811d,
added,,f6219995e55666c4d560970b3d9c942e,
added,,31672da9d29a3d9e5e0c108cc138459e,
added,,809c5b782795c1ba3da4de1a6ed1ddc8,
added,,32696721a4f3a1fe9936561edcbe36bf,
added,,f95a0fd2566b47b686b3ca11e86aa6c5,
added,,455665e9335165377f45d5927e0fcc7a,
added,,ae8aca75db0530791a045414df134b38,
added,,6eda4b9e8dd4cac4cbf43a5aca0f3716,
added,,7e3770beda18bb321ce1eea5eae20439,
added,,c3fa8c5e28ba7aefbb4c20ba46a04635,
added,,8264199c95e6c5ce1479f7a150e69805,
added,,50761985fa8ada985ab43eb8941aed9f,
added,,a2e9fc31217e49f707cbb568c17a3806,
added,,04e15b3e9cec92c149814d5755f76ef9,
added,,f435c98a868f0421719107750e7fbf1e,
added,,6b48437f49b780e36dca4af6f896290f,
added,,0a1f9e98ac9752bdcc2e716299037b5e,
added,,eedd3e2a605da9d7a09688a690eb28e6,
added,,282730581777e4c1f918500cbd2219b6,
added,,bc85c757689d2eb633fc29e13ab44035,
added,,a5f931bcfc39f3c64df40f7a9ee5a462,
added,,c503f6cab5635f53f5195e06532711b5,
added,,69b033ab66e8ce350ab1eb596e4f860f,
added,,0e951aa286880ddc352f492e88c06ec4,
added,,317391a92f92b7c0aaf5613f5215ab79,
added,,9565264195767003aa4250357c954dc4,
added,,b02cc6f9eec0f7276539139f9878572d,
added,,5124587ebd70f5c11463cae28a03cd78,
added,,83cbc78506aae12abec7ad8b4889de85,
added,,b178da1497acc9f2b94f071da2ff06cb,
added,,0b2d3f617b32e102ca6010ee2bf4efe7,
added,,1364d4905ed4edd266d083525b2d788d,
added,,88b0ba29966dbc215ee8c65ba0a3ac2a,
added,,556b67b6d8e4e9029ffbbd885c76b00c,
added,,09f01a8cecfc0bae37be5e94510fe674,
added,,2415d71814f4138b6a03a4174270b7de,
added,,b4d40bc220fdecc7b4e934048a12d4db,
added,,cfa3703513fa0ad212813cd51cc1234e,
added,,f0297117f5a90503cd4b1f91b398616e,
added,,2a5f576087eaa1872b6202905b77242d,
added,,9469aec30c700c99f2784aee7185504d,
added,,429418c7e2ead92ea5dade18c36ca798,
added,,e81cc00ebd055d897d6f6bae42980a50,
added,,6b0c6c9a2754bcfe260ac297895a6040,
added,,6e086ac3c1018541befc4eec664f36e9,
added,,9d23497334525d17331c710a1f48af8f,
added,,740014c7ceb50dda9d78211e243c536b,
added,,94a2c4058cfb7bade975a4b283deb549,
added,,8ed928ec1e2157e4e5fec956a5be0a48,
added,,a476c368ad590ba6ac892d9e417181fc,
added,,b55d800a30a4a8348b8910da2a66acb6,
added,,5e250992229e69895fc309ea2a90f8f2,
added,,1bac9d54dd351b7638d633a8649dc1f7,
added,,052e8e4958789163a565ce3852ff319d,
added,,64de1d1e7bef3c7e5e4b7749915617cb,
added,,42f8e7568c24beaf25feab4cce22086c,
added,,82b33b916bbc88d6435305023bf39a40,
added,,cb3974bc55220de9b56c361354a854b7,
added,,803ff1dc87f4fee87e4c1ba0cce4efbb,
added,,045ac9e03c12c7b207aeb9bbf9085915,
added,,40731266230a8e76889a0c7973ee3936,
added,,0916553add9b99a4d45626f19d50502a,
added,,3b37cda63d7fa772ca7c2bdf3cd0289f,
added,,1878b0e598012f6a2e773358c8ff857c,
added,,de01ca1537fa5e4b9fd347ca5c69eedb,
added,,f738164872c44d3a7555f1965509fea0,
added,,eebb2e6369c9cfaa7ca0ca6b4c25e94f,
added,,672ee33c3a9f489277326754642412d4,
added,,4c7fc433c01a9735402d7c0766102c76,
added,,c84beae668215a4ed2ed17a0f0de0b10,
added,,4e9bbf089bf49972f3e405825237e8fe,
added,,2967d11e40b7f14ad05b13c3d346625e,
added,,6b2a67543c0c8f090757a0fbf1e5c815,
added,,ee643753a31390b2284929d29c856be4,
added,,004e0b689dc98f489b2a529b24fb6ed9,
added,,28ec19dccf6bd037eee109a592846254,
added,,51d92ba3566d1015803b29a38a9b1e1a,
added,,feba123a635735475a81402d5a74e353,
added,,3a236374485b3abff31578bc5334dcaf,
added,,d4420ff44c6fe8b879be39bef20963c0,
added,,a377a351775abd43422369b222462da6,
added,,d71bad0aba761750818d1a165a3dfb72,
added,,de009fa94a76526575601549a84ac200,
added,,617cc6278a33a921f13ca3410c6886df,
added,,25cd58d7ac8efc1bc1a59a4274c6b5ae,
added,,b5d85cadadf4bf626f7080f7530b15c9,
added,,db8a834cc73f63385c2fc96116a5a049,
added,,6766afac6f2973197856e3962f22dc5a,
added,,bc2373d938bec70f8644e3cc7fd6900c,
added,,d97edb32c7a5501017c734a1de42690a,
added,,0bfab03c2c1914aadd738bfb6c54e1fa,
added,,d9701a782af5d5eb28ac22f467d4cc07,
added,,f4e945fdc6a4b1b845b31f882b38b3d2,
added,,a8d96e14df9509d671f04f5b6a7e2575,
added,,036e213fb0bfc95a02ef77670fe3a9bc,
added,,e2f9bd2323d8ed586311660e65afef49,
added,,eb98c1496900065f6896832c83136661,
added,,5985271b39a428325e7a7362aa025a57,
added,,eceddc5634ac60523d3bca5f5b78d43c,
added,,26467df8415e005aaf95bf1ca10dc95c,
added,,d4c154cc4d23f6b6d333533bd32a7070,
added,,dc6ea7f41deccb8106a33590144e5b09,
added,,3449a33da5f021ba9fc8b9d3d4021a92,
added,,fc3cf8bcf8aee2a55d6ef9143ab737a0,
added,,9c0c301d90a6984f08f572065f5fd6ec,
added,,c82f40b1c230afef66e56f474b14c4b6,
added,,960d477bf5a5b8f336cf99ddd3677f09,
added,,3efd570302e40c32a323b2f4e65edfe4,
added,,bc9f0407aeb14715dc650109e270349a,
added,,ccef1ed59e7605358408040d2d51ba12,
added,,128ac9f029fed49525faaf23568f2610,
added,,5580af04036f7eedb6b8481fa6204f60,
added,,5a6d2d1d13189f853c067edd37a06b1a,
added,,48db1132fc1194baea3866a8f67c7db8,
added,,dc7004685b180cad12a4c70827763812,
added,,a8cf86d17ef5d3dc2962f7ede32ec072,
added,,05510b6ded20ade3c91010dee23a96c5,
added,,7b53e2b58e7cc74306dc19e1731780a0,
added,,3ef9d30adc4be972f391fa4f1139120d,
added,,76b52429e380fbac2b1bd6466f9f0099,
added,,23771cac4e7472952f7f229ba01f8d3b,
added,,4c91810a37c56cbc9b3ac5b7ad4b6895,
added,,420c76b13d184c7626fd6472374c56b0,
added,,0fb10fdc50609f1b8d15d3cdd8d1c032,
added,,6367378f2019a2f06a7ad9f290cd804a,
added,,5f068e9e4794e59eb483b299c31ae027,
added,,2234187952a4c0c968cd033fe2b73200,
added,,c32da7c6f4ba6cb8d3782da8aa0badea,
added,,1962c6462a96ddd13c888a047fa42ec7,
added,,12790695a924a2986093552eeac30f3a,
added,,5be16546e1a613aa5fbe300efbcd0111,
added,,97c8b856ab0666386e85bd19df440411,
added,,1212e7d3e891a32c2fdd46b6feedb794,
added,,5ad570a4fd75cf2742b3590746f3b94e,
added,,60d0e14e9737c2b080294305175a185a,
added,,d9c26e7dfc5cbd8a1dbf3b1abe517b4f,
added,,c51e2b47fdc661115989cf0f8593faa7,
added,,90cda9837d5a9f62424fd6b46da0f0c1,
added,,73bbc3264e0b717af5756aba995ed7fc,
added,,0664c2e5547151b14a408393939f7633,
added,,242572fef77ce154e2ba2f8fdf229ffc,
added,,5f7f20ef5f820514ac1cd1fc79f95ed2,
added,,0dcfe9f16b827538afa3ca70b01835cd,
added,,63b01258f94608888d618a4f17bf0bff,
added,,385bf6dac0bb29554b411419bba467e7,
added,,d5873632404d11a4d836b795bed84b39,
added,,f7ab11ffc818d274a9d3019b9bef85bc,
added,,57400b07faa9f1a210982ba2fd574991,
added,,75db2d4e6ed4ace80ad9b9151e2fe29e,
added,,81b2c6ea0c3872e0ada435fc1e858526,
added,,302ac1ad61f59aaf99380877bddf9030,
added,,37cc414480378cf0db502df9cad8e2c5,
added,,d38b586a0c94ac274d7838f71df6d4fb,
added,,320df119d5998ff1f7f634477daab598,
added,,6b911e921ea30b57838ee7549d91a865,
added,,96be313dffacc02b0ae608b028127864,
added,,b82252b6bce5f434122b43064026c0c0,
added,,acfe7ca04fc67ff3768463cc0435276f,
added,,f70139142ae3729365ffa55f1c992a87,
added,,7457608b87ab218defe41769d1a2f272,
