group_id,method_id,group_size
1,2ae341f11aeb5140b966b1603b4aa016,4
1,5835f227f9232e0f778c5aa48a0b144f,4
1,8e7e2b36d01118cfd960fc06aef93840,4
1,f41991b1c62d04564cc9f42720e84c4b,4
2,14d505f527bcefcaf760d1e4c598f0b4,2
2,3f6f11d0ca6aa1b8c6149ef9880ed351,2
3,0ef47f82f52f4f2c943dd366f1b337ef,4
3,29052d981acf30ddf711d4af46da8009,4
3,7ba97139efffd6926bbbba6cc02c09eb,4
3,92d5aa1e5aaf986fbe7ec2e701448032,4
4,1f911db9bc24194c75e27a8011112ac7,3
4,26d18f41f1569dfce88b5ad2f9571517,3
4,78e464360d1b65c58a57317af19ff5d2,3
5,1e0bd2a75ac7ccdb0a0e01bf2e5fb1cc,2
5,5d7effdd14cf1ae4df372d2ad03bcbfc,2
6,14f8738eb45b995f6ed97996477567cf,2
6,4034d5e92c01c1706933ca7f38f204f2,2
7,a30f8e1373cd54960c77595d01ba4a15,2
7,aaadd7b97fce0fe9e8d74291f20d0541,2
8,887265d7e9e5f7e582f80372b4015a91,2
8,acfe7ca04fc67ff3768463cc0435276f,2
9,041bed2bc0908241b55c29cdc40d2cb7,2
9,9027388ccd9d86042416b847a7bf07b5,2
10,38a44501cedaae513ee32e9ce4d93012,2
10,3ff9a3f8c5a01596f96dc9f35834d7c4,2
11,088a22b67477e69c97cdc09ff46d1b7c,5
11,47c2049b12019a8cc90d788be678f3f3,5
11,5733b5bcf5154027c8c01be74f6deecb,5
11,84738d39cda4d33c137ee1fa6a57e6ac,5
11,da7b0101abc10a108bad2ed142b660d4,5
12,2234187952a4c0c968cd033fe2b73200,4
12,601b86651df7633a8a8da1d147fdc708,4
12,634fe3801bec811c27922dd81dd8110c,4
12,7334a3ecb08d7be924c649df303d18c8,4
13,23b49b146f57f459b40be9a544dcd688,3
13,2fb1b0d1d6817b5f7ad2879e9fa24d47,3
13,f43312bc8bae6c3cd2955adea84d90dc,3
14,346e04ee7e959b11db48b94b3c735ef6,2
14,b6a5dd8e82979c0b5e5bc397ca163a58,2
15,2b622abeb3f17bf68842d87f1c177149,2
15,745fe1ccb469655865ba03c9da29be0e,2
16,868c078a9155da8ad2eeb1d0cacfc396,3
16,ca2f62e39c5b08a00ff0378a10658f54,3
16,d291a16f5cfbd7c5838d64c4763dbb27,3
17,670cf36a17c63c67912245c5c8d8cb62,2
17,8481768235f7b689ef6dff446fbcbdf9,2
18,04fd1f84cb639b434cc4a9ed387cd5b9,8
18,0f1f08c9698c3104a1a28ac53ce9c9c0,8
18,4a236a9641f12dfc6abf38aa373f3f55,8
18,4e74ff4fae6c563e56854bef59eb203b,8
18,8240bd93c87fbbb7a53f2ee9e900d2db,8
18,a25a44cf6a8794d2ead5b2a2ea62d5b9,8
18,b9fd2148fb635a952ff7c8afb0b292c8,8
18,eb11cc36e14d7e09ce34475968afeda9,8
19,7b79e7e0873a9de8bc9e0729f5ee0ba9,4
19,d817738dfba215105280cbcfcddf4a15,4
19,e41e9915292406750ddf620c2ac56fe6,4
19,f6f6eb7964673ed7dba232558f78123c,4
20,9c17ddba2dcb390a2651b4b991688e53,2
20,e49b2e5a22a6877e6fbbda3587602f60,2
21,1d210796addca37849785c7c768c68f0,2
21,41c9c12af5626a58004a76d71a5637a1,2
22,5f7f20ef5f820514ac1cd1fc79f95ed2,2
22,a10b013be06622b6c5f2b82129b27932,2
23,374889278cf90bef9a1f7c09ecdd4ba8,3
23,63b01258f94608888d618a4f17bf0bff,3
23,7457608b87ab218defe41769d1a2f272,3
24,6e543087e35edba4c054439483c16547,2
24,d3148bb29b165596da58df01c55ac132,2
25,496d6c1dd655e6719e41337fa9f23dc2,2
25,67251fff7eb341e3b79caa1398206573,2
26,27ddb1cfaf17a93cb6a0db925082c8af,2
26,ff2dbe6396621b6b470ae7258b98fe2b,2
27,04beda0a9dcbbd08da86b7115c0514ab,6
27,137b3bc55e30eda68e092fd25aa859f5,6
27,3770709f47e14b264d0a3ae184a68e62,6
27,399919f301ba57a86a455cfc9be1a3bd,6
27,7c550c9f98f4933931cfeadca9326c7e,6
27,d5727ed204ce0ba4115c1ed5e79a6917,6
28,619d7c31b88a8239654998b4dae749fa,3
28,bcc97c9b5ef59a7c29266d79fc41df58,3
28,e29500b45eaafb552e8ac12c2bb7b4a1,3
29,0ce2bb09fae08e8aaa8b24e1d27d526b,2
29,a1be820e6ec3536753775d1b25be358a,2
30,84c2fdd1f9f0a277a848a46a006e7e7e,4
30,a83edae834fde2e1ef6e1e17e9dbc461,4
30,bc5bdbf3ab63827d94d71468b9c20f97,4
30,be8287330d3aaaddec7075c246e53406,4
31,59084cb2dee1f45d672fe68599af8918,3
31,a67004da14e412f39bdf954b028e320b,3
31,e6ae0e4b9c4c834cf04bedf2365b50d0,3
32,4aa536148844673e51bef639b6b8e3be,2
32,d08966bcc4b587491e13359f8b2144da,2
33,0179abf0599a146eb3659ba7eed47b5b,3
33,b868638a58e7e7f8eabacdcc84c698f0,3
33,df0ee2309b9c9efcab02bc3e72af4eac,3
34,0b3130cd6493b78e5148f377f1897368,5
34,708fe94b6b6493400dee33f748437bb0,5
34,89fe6b7adf74e441b2d0c1fdfdb8fbbb,5
34,db811b15f10e6892a0035b909077c5b3,5
34,df7bf9250d56d79c53aff88f94b44669,5
35,4c96c8c12b524739c91d5912f534659a,2
35,c1585c2a530dd1d495b70491b021aa99,2
36,1b1bf7aa40dd9e35a34a2c8b506e16d8,7
36,23c67fc06cc602b65c86aae7fdbd08a6,7
36,45fc34cbccbecf2837d9f804ec7895d8,7
36,47e9bbf07883be6932d602f9cc63a226,7
36,8912e554cd71c23e84b777fbe99c14d7,7
36,ae73946d11cef36c24cab516701cb9d4,7
36,b5e98366227505b4c1271c592ce78a81,7
37,53bf0ef1ee574b041cf7ae73fc5b4541,2
37,6b14d6e3acdf23fe8d33df271c63e347,2
38,7edd2daba2eb8518f7fab33b3683d5d1,2
38,fa61aa42dc1cd17d89206356fab5faae,2
39,13886c25bfe59ea6a1b4d3292a06bd68,2
39,6b911e921ea30b57838ee7549d91a865,2
40,2c344b595a53930fd5308dc4f318bf9a,2
40,38d92e58e3952b093c485170fdabc1b6,2
41,b0e0e8cea2b088c9c690f1e6baa9f39f,2
41,b82c8bcf4ff669c9aa0dfd52c1ff9f57,2
42,33ff9f6ba82eb7ef7295af7448efa2f6,4
42,6309a380fc245ef01a192453190c77ba,4
42,a124c60c77a5c0ad390cef47ac81916c,4
42,c5800c711f151eaf304d865f0c531ad1,4
43,3b3af0440a08de88aa240a6a0566a1d4,2
43,7437e8a5d1fd79b35611342c559f13bb,2
44,150775d14368ecd5432c184183db94fc,4
44,1ba0e91356d64aabcd84e980c0a2360b,4
44,61c27a310960524fc6351d9ef58a1f14,4
44,7d2b7842cce79877b54a7a7c42c48240,4
45,9b2eff3d1215b662bc18042554cf6fbd,2
45,eb9530492a31675973ba73431cec0434,2
46,0c77a9768a8595723670e24df9be9fc9,3
46,39aec442b1cfee5174e4ca1b26e97bc4,3
46,9027afeb330a8b019a67655ecd1a174f,3
47,99b7308e889cdb33d75e9fdde86a59d0,1
48,0a7c33d88f1e46c380d6aad92f8611be,21
48,0cd5df121f6d011cb50426e50060c131,21
48,198d13dd687020bf80608d45b27a9ab2,21
48,25914b6f523aca3704e041f85eadf176,21
48,272b9d90dc5369923795780c0332a3d7,21
48,342253f9781c646ff42d3feed232f91c,21
48,3720185abb826f230910afb76f3a4e22,21
48,3e28bd405ae884490c8ab9e443ea959f,21
48,57b3d85b2cf7e27f3c4e8d6328d8f2d7,21
48,76911d83cd172f57d13c89bc517c1acc,21
48,77ad2ba254628a332e078b826a69d889,21
48,86f7bea846706d60457c90da2713d259,21
48,8953d7dcf6c659b2c71569f78c5a5094,21
48,978992bc0a50fbdbcb0e903a2cd91116,21
48,99853041868ce7d05e7763b76a6db0e7,21
48,9b953b60ae72dee0c9d66a3585b61788,21
48,9d40ff03647392a8f2cffa93bed728c0,21
48,b98d4d20ffefce08ddb756b76d1b6688,21
48,bdf17f46977f63ceb24afa2f69b45f35,21
48,c6d4ad537f124b5c5e4b7022143ada63,21
48,cf7bbf72a2d31fdcccbf2cc1b17e3467,21
49,2b189269722aa0f8cc46e41481787e2a,3
49,a9ab6cf2a0bac47918d6ec4665623b88,3
49,b826f6656737752c9f8de3780dc8037f,3
50,a28848ef2671762daff93cbb0a5baa36,2
50,f461f9afd9f67b293b8e75486aa04ece,2
51,106dbc6f2d318c966ebecc05629ff420,4
51,8681701eb6a47863e49f4d4486d5d8e0,4
51,a2e879758441d951bbf9bd6279bd978e,4
51,b34a50f2d6fc5a3df4ff844b5ab5a3eb,4
52,5e41ef0940746b41ed1a26721bae7490,2
52,fce7ab48c794e6bd14c1c48c345a2762,2
53,0a7894164cb1cafeee0993421ae5cadd,4
53,7892edfe41d2a7157f8a55e1dab9a33b,4
53,b84c279949a95bd38a202a356ee8c1c2,4
53,e87f1e280cf93a70d5184e1d9665500d,4
54,187f281b30f097d24ba0beb48c148162,2
54,c72c41c123fc6e0c696ddbce4ba5320e,2
55,5e0adb30b08b8e002bb7039cb04cf203,2
55,82c7cecba80f16aac673424671ec25ec,2
56,39754ebe730aa53aed4249c0004f2c8d,11
56,416016c79fa466f020dd3fbbad26695f,11
56,4e2dbbbebaf3d82e3b84480fdc619d41,11
56,515ff76c5e405bf6e20537066b946b84,11
56,5f507395cf199f6fbf22360879a7fb1e,11
56,92d59473f9b1d2036e7a53b8a5d516a3,11
56,9a9fa655787f803b66942c03cf32c2c7,11
56,e5c8dd371a8df4c2fb26404f277fbab6,11
56,ef02a8ee33892941c072967369e8a785,11
56,efd4990a52fb035f7967053d739cb2ab,11
56,f188dcf0bba45ba8c39408d6f849cb88,11
57,50e05f9d41f8f3b6f12a16f7459654eb,2
57,6c0b63c6625425834e4d13f4d28ecfdb,2
58,788b9ba22b86c4f3af1bb9e5d3ec8dfe,2
58,e15e88e46b8c42f5c84e402ee5384cf1,2
59,214855cc3c4a2c67d2d148fdc55142ad,6
59,53e3ab2549cfe23df70f5b8bb4a45b21,6
59,7218fcca83177b809c560f4fcd535f04,6
59,761e877d6dcd774724cbe64188fc5e6a,6
59,94514c96bfa6d43b5cdbdd19d272b82f,6
59,bb09742eda0a346d7fbf1bda593c5be1,6
60,6c19f2c4b9bd85ce318b39f1a1d29de8,2
60,ae675966d50dd55ad40b9ed3fef26309,2
61,66f4840ee032632ec8b2ab13a7a0c61d,2
61,6c4bdcdde717f7435a99acdccb95b06c,2
62,293f1984f5d7a5a441a11f64d09e0a5e,2
62,91e643826578bd8f652dcb9ca455c3c1,2
63,0498856f5109282f06e1c57897638225,2
63,8a928a58cf681c5162dfdfad970ea48f,2
64,83e51b0aad67f832edd430fa5f2d575e,2
64,a6fb2c0c696f62de0bc8216bc9e39e4f,2
65,05ad564086f021bb349f1f501bdfb130,2
65,92110ff063d8a1921aa0139a0edfac80,2
66,290db62d37f85449425e138421adad07,2
66,c07765560e11126c9e94052db88747e3,2
67,6fdd40dcc61e5631b432456b8ae0a520,2
67,99742389a3401efb0a936fa51cc2986f,2
68,38852332efb333a0b9dcac27116c3129,2
68,cebfb92536d426f85d780a13919fe9fe,2
69,90aeeedc0dc05810892c88c56df6a160,2
69,f87ff74342a1fefc805bb9c810beefce,2
70,2ea92f8da94d695fb59a249fade954fb,2
70,416664e48aa68d643e531c59108b5b84,2
71,5287691246d2f149a37c7d3a20c92866,2
71,eb7b6101f7a533e1288be1750453f1f7,2
72,96577dea7f2f450b72531bef5e60b494,2
72,c537c5ad5facc693537ba9d3afe4db74,2
73,347574f953513ded28917317c12f4bd3,2
73,7e77e7d3df29a7c1ea7f88dbc49e59d8,2
74,68eea492c30dc2ae8c47af506351e6c6,2
74,f916f280d322ebe8761a8155f6c6db38,2
75,87cba7e6df2a8b95c8dc8d985d873a98,2
75,feb6f28854d27fac9e62ee82ac868bf8,2
76,2388b7aa79be7eaf10405a5cd3682ac1,2
76,9a4fa7ce2410fb82767a1912eb52ec98,2
77,1ea97ef3dbbbe4ba5244770921637928,2
77,9e0fee4e2323861d8b96d7dada8983ed,2
78,62609624268466f7a32fc0f0b3897a6e,2
78,6b31606ef955cbb99217f9efc3c82aec,2
79,786a6c4e11c80079bee51da47612f43d,2
79,df2840df40bf1a1d858114ac0c3bc95c,2
80,4d9d18d3deaa1255460cb54cc89650b8,2
80,a665146130cea70c85dd4c50379ff654,2
81,2f59ddf0a0d402b780ac84d9ff4ab510,2
81,eae4ec072532a8f5ddb8529b8d39ce52,2
82,84c3893e3f9865d9b9e178c8cd9b19d9,2
82,e5b98777907464de0a02c724f20e4409,2
83,1d60e5abf46e7ffaa596ab0c6695d2c1,2
83,ed4a6a7b4cb55564a5aa5b118b16caf4,2
84,0bfce300886845fe4bfe061b44f42f6c,3
84,22b160acaabe4dd388663c027debc6d5,3
84,3bc03204fe183c920f80531bfb449898,3
85,0d872e4572ec9c285d5e59b3e00ca63e,2
85,e38725cfa26807ca7bbf2e515e4fad3f,2
86,28ad89db33b0410c2d082ac245c537b5,2
86,45dce0d8cdae38c6c807896739d0e279,2
87,4582f90ba0d8131a12bc917ef2074369,2
87,915a86f4c7911d652bc6edce020dfe0a,2
88,18c959016a10ed5813ffc4eb473b1ab1,3
88,4871ce25ecd656bff6da51ba38072ffe,3
88,4f7711d1d324e78ab9d627feb93f7a26,3
89,b2e91914ed4d55ef13710decce71e925,3
89,b84ed48518b0b44767f27f76f9a67f1e,3
89,ee6e719da149e9eb0f1b95cb7077d480,3
90,63b72bd75d37c4a2e733b73240f0d51c,2
90,a80cc2b6b270501d69176c993d76d0cd,2
91,0cb6adf9af8548fc8886cceb61d67267,2
91,627bdfc7af74631daa0f5e006b68b897,2
92,689e749f827eb86580ef364f0e9dacda,2
92,a7413ae067c8973642a0aef1397e0b1a,2
93,ad213de09727c851f74b7aa2aab32070,2
93,fb944851fe84d1013a59de6bdab5129f,2
94,665fb130323825398b27edb8fe7e2f29,2
94,83f862d794db8642061c0db929d37ed8,2
95,4257e0ebfb979be6893d294892ba292d,2
95,db8a834cc73f63385c2fc96116a5a049,2
96,f6567ead598bf12c0ba982886484deb4,2
96,f94c02c57caf5e8e481a2b17e5a93195,2
97,b0f3bf9eeec2af4c2edafc4c434951ab,2
97,f535c29394cd23e565bd4a4a11fc8c26,2
98,56eb109b45cae693b2fb5aecf81418e7,2
98,8cc167d656fb624a53c073e3a531595c,2
99,37ef1cad8c37c38bd2dee998a5921720,3
99,7b0ee32b86c8f0ff733cc05f030d8d74,3
99,f9e46ac4c11932fd20860552c4176fe5,3
100,7b3cc70ed78835fe76cb65f79e884cb4,2
100,91eefe450cb6a02b9777556ef95294b0,2
101,047fc0471a30f910c14fef576f4876b3,3
101,0571def1d15cc26efafaafeabf0b2f5d,3
101,48f9b4a5f406e36067b2360c9e281738,3
102,1fc8afd6237792085d1746f1928e02fa,4
102,5a5b3f15f131821ced41513f60aed417,4
102,5ede2d2dbd10127a8050480d09cfec9e,4
102,fad2fbaf843e67bbacc25cd8c6d98643,4
103,5f0f2651eb674316031552b516162a2e,2
103,fecbf39328154fc77e11fa37c91f536c,2
104,24ddb9dd14c2ee784b762927c41cfb5e,4
104,469590749ad1ec773d274062765b60ac,4
104,9e803f1a0e311e64bcb71f1ba28dc25c,4
104,f25c705672be34ca864e386ea6808c6c,4
105,7b413570d7d737a64e8afd85135f7d32,2
105,e63be134ae902c0e87dfdd4d099a9857,2
106,7b7d09a371f21d54a7dada1ca9ea79be,2
106,d0b1633a5887583879cbc749835c9835,2
107,5c978f81f686a1a979fd9252adba20a9,2
107,a768818fed5963e33fe1905e1f02caf5,2
108,145b70f6f35c7924e08fdaffae18da0b,3
108,7d63c5cb9188dc5f1918c4c494cfbb91,3
108,ffefb11c7832fff0065b8c24323bb595,3
109,0a5cfe304a84c0d05e8a37e6b235bb82,7
109,15743d834ffb032a3995a22cb09d66f5,7
109,220cfd5dabc73a0bb7a53f9565bf6f76,7
109,9a35b2eeefeac919371cc27ecf9db350,7
109,aaddc9b545263e0946afbebf34518107,7
109,ce40971fa17199cf467ec302192286a9,7
109,fdafaaee32e664de1ad957021012ea43,7
110,594900f48115d9cb7351ad5047a21ad7,4
110,6e7b6b4ae753ee445521fc7015b0425b,4
110,e72940de757a53a057cdf009f5ae470a,4
110,eed0cad5af1054b611d7989694594f01,4
111,14ffbba644dda0830b8016fb049c2ed0,2
111,424e92bfc50136b9e95db0ff6cf64734,2
112,9f71967c2d438970f33d964cf1acdcb2,2
112,e1f6cb922b926be746d1d137b6c8921c,2
113,2638349b85bd3b24b5a4941e4e1fb41c,2
113,db071c469be3381c1f08a500ccf98129,2
114,a0f9144be391fd25d7b288fd28435e17,2
114,ff46d444456efcf046cabc6b55754d77,2
115,4d8092b4af5b77732f58ff9f5a7806ce,2
115,bad8c3378f2e46b0f9458d98321ae0cd,2
116,62acad11bbf73d7e9c6d47f3b3b928be,2
116,86fe0e867c56c2b432ff0925f7418d55,2
117,7b5dc0aee3f5b612bdd091a9527745e9,2
117,8f8e94cd6dfd784ee0f3250efcb94606,2
118,824b314b42eb97362840e18512a30c45,3
118,a343bd051d8723d0d18381da61623fe7,3
118,df367a97aea5d2d6d5030b7078215c6d,3
119,25abbb15fe3177c910fa0d989d071efb,2
119,9c15e10ee561d4eb0f8f0e162f6433c2,2
120,10295ba5497838b3922e53ada0d4b203,5
120,3aa18a8aae96611524303a8bc9669876,5
120,435c19e32cd0f4fe85575c30bd818ed7,5
120,5b8e84b1b3eb8e69a25633e98329df0d,5
120,91b90c4da19aed016c3fd71aa5dce652,5
121,b66e47c665e8fa99677481534b2323d2,2
121,c3fac8c8d13342855ba5ad4235c53afd,2
122,116df0eee7bea21c268aefb8d6345644,4
122,2f2b8d5ef23f904d7e0b5b8e8501d323,4
122,329d3cb9537081ddc6982e654747dc15,4
122,818e765c51c10a3b47b000d3e0c4f7c1,4
123,1a1d1b5397684633f644d17de59ecda8,2
123,67258c7e11e9f5d12f7ec4277fbf2339,2
124,32c7e5b5b9227b1f827a6d8062f076d0,2
124,6d0978f4afc672576d29f018da31502f,2
125,6c86f62d67c74a9fe2a64149b1ca3068,2
125,eb7eebf25d573663cf7e52b6de0ac352,2
126,760a8289b7a3ce9b9316f8d5cecde796,3
126,d161794cbf3ca72830ac227e4c8a56c6,3
126,ed44727f1e534c0c41a2b39d3a0ffebd,3
127,63697e9a4dea3e77e211f92005dcfc99,2
127,e2b2e9171753b1ad84d1907e52a0fd17,2
128,4d05dc266a414e0c314ec984456afe3b,2
128,598581617625bbb25f9935c2aa52dddb,2
129,73e30b7bacb381b2415acc769bddf019,2
129,aebc4d737a4171afeeb3d84ae89f2e27,2
130,32be6a7cfaf9c5314025d8d8bf5cd688,2
130,850bc2a331bd1813d2e8aefb1052802e,2
131,3125bf1b9c9f0cf2f825bd679f3131d4,2
131,d564e4267f823fd78180709ab4bb5ed8,2
132,59a008c3811588b1926c7a8ee58a1aa8,2
132,85024d8687cf2079792598bcb3d54e25,2
133,5894498334b1dd4aab2118c8211d88da,5
133,a4fa5217ec55113fd4b3168d9c22caec,5
133,a9819e74d788ae265663dfd26bfb1e2a,5
133,ad8b20761d7cf506b3b786cfce3f9e3e,5
133,b6fca750209a86c64e46a800c11f11d5,5
134,33aa70ae8c0a54f8d7cd8dc201b7fd36,2
134,f6909d7de3aec8ce696409393b231d34,2
135,951535a84002436c70cbb2fd11df5d0a,2
135,eef7b999498621501c1a48da174383f4,2
136,3324ccfcb20ffe5440691c5ac409626b,2
136,3a01c4fe7ac87a1150107ac31fd82386,2
137,88f8397338279fa9c4de9482dcaf4fef,3
137,bbda9c9218cd11ffe0d97d5d54873dd9,3
137,fee8bfc86fc2c7089c7843cb6df45ef3,3
138,8e602ef601b8216592013f348f743988,2
138,bd84feba0f04d683639b8c0509cdfedd,2
139,6e4637e882ea6aa0feb4e6f0dfbff07a,2
139,e0cdb2fae3154b9aa946e95b40f64167,2
140,6daa1d6b506ad98042fc5221f98ababb,2
140,858692df30c2f332004c4583173ab73b,2
141,15282e52ba28a5269756aa702843458a,10
141,2dde6ac1855f5e63b5255c991c6914f8,10
141,459853a4b4446279b61e47069f3c7a82,10
141,6442326f829a3d8e6f20b1f0e06d2025,10
141,77d7cf3ccbd29d0ddddd7489db57f85d,10
141,7d698253b771b64a1132b444f23c064f,10
141,a86d75eaacc1373a72a6f4f03ee84fba,10
141,c4016bc6acc2cd5b2e4082496e805b91,10
141,f8040845658da92d41f01e8c1fca0c83,10
141,fe840baf4aa1da09b26fb9fb3f8df047,10
142,4ceba666c1ab0af9666be41829ef0487,3
142,778fdcd1737ecc3a60edbd6d13a519f0,3
142,9a0ebc2d99a7d2fc9387b726cc72f83b,3
143,0a4de07b0fb507b1b33fd9852aa6e0a4,3
143,582414b9faec3519aaa365b28136a42d,3
143,b4feaa3b28245d5caa7121f12e9e16a6,3
144,771c409d22156ba7d667a946116048f8,2
144,cf33e30608c44522b9a63a09f82f5d5c,2
145,37322370e2322400311e028a9aec91e0,2
145,a9c498bb10ba1f47c4cc761736972af5,2
146,00624f0a9e3e7b328d8791b1e1d9055f,3
146,01a03d134420e799dc597b7f256dd0cc,3
146,8f58fb09614f57eefdb373c0c911d237,3
147,3c63eb405b9e496e99e2875acd37e581,2
147,ca82e7e84600171421ce007f1889368b,2
148,544193736a4d03612b564cd0d82526c2,3
148,b10d4960e37cff551a41f0938609e27a,3
148,b1a604c7329db2a78eedb26599ff2693,3
149,26325467b7e01d1002e4889c9922c668,2
149,c392f021d705296e2099d48bae0a38aa,2
150,c18842541cd6c651babee2df7174064a,2
150,d9bd69e848df1bf299718cb793fbf5e0,2
151,13fde0d37df70bf4b662241890413fec,2
151,4e43c08c90cb0f46884bb08528a862b4,2
152,6334b3b14a8c8dfc577877e0482c01fd,2
152,71385f4ffe74338a14b7824504341d24,2
153,179a19396994718ab16bf9888728479a,3
153,76a089d36558aea26f24707dbcef1cf0,3
153,780451f7a00659107f2f58b19170ed44,3
154,185099c55478a38c9525bdf33abaac1a,3
154,489dc6f0d6d3fc115ef9c5638b09e9c7,3
154,d8833902225cb43709e51c5dc2dbf396,3
155,5112fea27d0857feaad46e36e27818be,3
155,c3fa8c5e28ba7aefbb4c20ba46a04635,3
155,e13eefacb3c5eab0c0b27311cf552aa6,3
156,07937652aedb36ef3f6e558ba44402dc,5
156,1d54f33a545972480944fb5f125659f3,5
156,7f6b68c16527e104d90d3e62e54266b6,5
156,97cc9c4d2e77c234673f4e714ef56b50,5
156,ee042f30d44f86b65290cf9e8b5a75f1,5
157,c4c22fa5b30bf34c410c4c80f08b52c7,2
157,ec07a3ecc278b377b6a64a89545f7711,2
158,0ff5874d2b83bfeeb63d80b1a0bf3d76,4
158,53b633a440f7f3121ad651f56557b8a9,4
158,7281be3c7df0333371b9d342bba9e0f8,4
158,ba1868ed08eac2f264d4bbbd31d6c995,4
159,09856b8d0765e997dd958d97bf7a4a14,11
159,112c8a6ad2a620f93656f3ff239b3131,11
159,1b01f5d4dce2967b2d444aebbff7462b,11
159,1e7f3f51b8fed8eefd7df374acbf09d6,11
159,1f537ba165a96dd161e065c9d26d4131,11
159,603990ae118957fce43a360bccb67e64,11
159,646fcf26285f5b35f1b4bd5455b84e02,11
159,78a8a0495388a1f149a6ec381355c2b1,11
159,96385f9b5348b79c469cedb6d1aa4b78,11
159,b0fef8bf7b01e4e89a6a8c82de36c67c,11
159,ed06254bb1daf2193cada281a5b7a772,11
160,907518bf280fb5c25b3413b78a396890,2
160,ef72454a7894f5e510b0346bf4537067,2
161,548aef42165bd934f9fe0eae69124bb5,2
161,6c30f5673f50d21bf3de49629c7da58c,2
162,9c8e081a1907d0d4e9a180e20639040f,2
162,baa308060e81c915c82fe14f1e5c438d,2
163,09b77a2d62f3c936ae69dab04960fa35,17
163,1136e1e47b7fda4e87f2d9a012706bfb,17
163,11458ab4951de46cbef8f19096694904,17
163,232dc42fe77eb1e964203ba5faf78584,17
163,2c31afd8d7defaee1aa4f76b83f57bd3,17
163,46388eedeebfeee25015da4072051ed3,17
163,4e4c664eb32664f3cf3db503963aef14,17
163,81921e3ffedd4915377df45ab2ed2c6e,17
163,8fe745471e9cf576a32512815d3cc123,17
163,9a56640e9c0b95673496d15cd371911a,17
163,9f8ff7c03d93e3ca383675f29af8e854,17
163,cad4bf8a2825fae0409c8d9a6e89bae3,17
163,cbb2c52e20327e97902b4b521d0d7b95,17
163,cdae4de5633360f63c3fcffc0ed9a36e,17
163,d415ed35ea7862a46059999ff0986d84,17
163,f9cde1e22da68068f1f2fbff1a318855,17
163,fabbdc16aad24c82dd7775038e843612,17
164,211990c71b138da0d9914709e629f628,3
164,a3c98212ccea4daed81556505fe6c37d,3
164,ebb732e3afce606d674d8fe8af7d7ad2,3
165,3e85d3de1f407ba55555cff5ecdccb0c,6
165,46feb378e44ca1cac5ee8ff87e319d93,6
165,654d109bb4220653a9e8cd489da9f150,6
165,ae79480cb6c10def9615f37660a5d502,6
165,dd5026828d0f8b61c3a41f11a8491bf8,6
165,ef6c2e1883a717bb4e834dee82ef6cd3,6
166,9b30ef8570fd5c355218d5f5f0597a2e,3
166,dcd62e9a7fdef495e15ba0e1f0bfbe2e,3
166,f161e48b5d1182346993ef8ee7f25531,3
167,2d27970a9c8b7c25cac7b3983bb57764,8
167,55f486d9ad7a3b6228c79107b2308d09,8
167,604fc285e62c27658baa531935c8437a,8
167,773c61ce06bd38626a072074abf4392c,8
167,96d41fbaa2bf791f7ada85c0ec57d885,8
167,b1d16ff65fb575aaf8853077b2dd24f5,8
167,ba89d8292675d31e4e525616bace3cad,8
167,e252c65d1ecbdee2ba61a4809ae8976f,8
168,01b59848bfd3a53bf98711da9c9f064f,4
168,03be27f13cc928dad784fbcc7b811cbe,4
168,53ebbf4c888fce159205b36dcae7e398,4
168,5436e4fd9ed168802b1e3512b7dbefc5,4
169,1f894c5d29f7559a96b8a1551a7f4e9c,3
169,3251b89f394d6173a3944e2d8810ee51,3
169,feace88a211c535084f2c9a91ceb624c,3
170,8cd0e8315511449ae90989f36d3daa94,2
170,c94559bd602d3a6e11172bf194625b0c,2
171,0eafdbf671739c5f7cc7cc69152aff27,4
171,6b421c0bbc4091578d1d5c958d6cff86,4
171,c39da3df2cda91a0df8aedf599487696,4
171,d574e0691fdbde2bcc389ad4779692a1,4
172,5cbe544365c09612fc218392bf2de916,2
172,ec5f4c8fe7710184cdb4c366e898fbbd,2
173,00c152cd14113738ca3a5e85dd0f231b,4
173,19ca154e05c10792102a5396ed30f687,4
173,3150ff5be773ba370e0111a4b9cd6e02,4
173,a4249969e3da578e4b59e15a5cee9244,4
174,457db2ebdd3554d22d750699f5a18622,2
174,e5bbcc5daf6ac9f771e0c8320ae126f1,2
175,0d33cbce4f51be3c2421be9784b74f14,5
175,2de3a1ad9b0f57782f913bcd19e6361a,5
175,6df9b0c9c7a9ee4d220497f77504c5b5,5
175,9b7adf7ba9198f1d36d11bd622531823,5
175,a17d82fc424eece8e59cdd5e2131f569,5
176,1d56f9d5213063cf96ab29397e7cf1d7,2
176,546aea5ff23462c0653157898467030a,2
177,2d8928287532b97586b2588f34f9b1d7,4
177,62024dec4d9889446aac0b45c1e84447,4
177,bcecd545e47670babb7f951a1b2c42ac,4
177,e40376cd908e9f8993946ff180fc7ec8,4
178,42a1cb902d7afa377df1dcbf49d568ba,4
178,62931cc15879d72150118c612d40a1c7,4
178,7fa62257c8bf1ff50d6c632ccefbc630,4
178,9674876bf79b007f75573a6c7de66751,4
179,4071cb60564fbd785b8d50328c44c3ec,3
179,5e3cf6c45659dff4beb6e48b0e590ced,3
179,f8455f73ec23ed7a77045406472976de,3
180,2d21ce9942f635e3eb448c95cc62fe20,2
180,aafb5c6f39459c78c49042feda4c89bc,2
181,3aafa749c1d5b226a11da90105f8280c,2
181,eab1f27ac0a2938e607e0181453a87b4,2
182,1c646be94d502bf34d60063789ab15f6,2
182,a44f0419b13fec08e23965f3970c6981,2
183,94e042cfe4818099bdd5af92acc22c46,2
183,c6b799f7aeeb98864a11af71784cfcd8,2
184,68e31b9c244acad821c92e7a77cf59d9,2
184,93f45c4a44387acf67d72b8896a2b093,2
185,5c486480370c30c486489a278fc80a38,3
185,a82b2f28b37116a8abd4e592f7b563ba,3
185,e0648f0d15ea4e08ec4f5d7db439e115,3
186,53a15d285b3047655529ba14fc61bbdf,2
186,a3b673d62993ccd7a70ab81ac04e1825,2
187,7634c45cba407d755e4a59e2650213b2,3
187,8f8653dd5d48983edcd683fb5d2a607f,3
187,f5ab833d5354877d988a9f72cd1601f0,3
188,1a724af95964db647843be1c86e3b426,2
188,bee30b31d2dd713c51fef44a9f3dd4de,2
189,01f6c9c1a3a3ea76a3399c8f9e94ee21,1
190,48b62ea294e1d10a5babc009a2b9addf,1
191,7c4013e8f345ed5f226382897e491c01,2
191,9123297949755b4cd4dc707d602fd8b6,2
192,39d658481aec07080fe980f46003ee9a,2
192,9003d9d4a142675ad2a489cc67d86933,2
193,3eaa0450ce4e84ba354c5bf7397d2282,2
193,9c92207e43ec443bfebdbb5c716e1e85,2
194,4895cb06c90de5aea79e6a70ddcda0ea,2
194,da82a4d40d5bb026ceda6189eb658136,2
195,416ca17d0cd89e9c87cdb0f874ea1d36,2
195,bf1f6682ef95e2b97a55ffbb11fd7ef6,2
196,24669443307627ab3f5e3693f8c4a7ac,4
196,8b12d8de0c017a817c046a493c5c8ae3,4
196,ca98605a05f5eabe7748a22be0057898,4
196,fa7543f56b7bd7042005c1848d682215,4
197,4abac3cb169242c1dbe2f0d4d48cc0b7,2
197,db1d3556b14728b7057126d10fe66c9b,2
198,65a7678ecc4cb9110f8506491ee2e4a3,4
198,9f0c675074301998bdec52a11adbcd14,4
198,a134c1d68941c8bd26e01cbed6b7e472,4
198,dd178c4e3be64aabdd03ca7c72524513,4
199,01b736183f8036b0f2c9e14e347dc085,16
199,04493f4fc1c2f5c92f2c66286f8f3031,16
199,2b584cdeaef025014ae6b2c4a4bf8c5f,16
199,2bb6352c5dbc364fb598d5efa614fb74,16
199,2fde0b1938c6ac95e3a3fcaee239b99b,16
199,44c6485ebe7a91c63fc7d7d3996527a6,16
199,57b6d055ac2a8578666c4e15a139290f,16
199,5fcfa78c270b0406bb7abb81ae950260,16
199,6e727465f7fc4e12526c61e3aec9b973,16
199,6ea259cb3b13bab3b2cc3a7c69213f28,16
199,8921c4a7faaffd8c66287ae122964b1b,16
199,b3849777818d4bb63ba6b94dd4101d9c,16
199,ddc0a9ba3c1a74f9e9622ca3b80f1147,16
199,ed788d399c1755f732441847d28d86a3,16
199,f2b852c3ba1e9ada260fc4a61f7967eb,16
199,ff8293f62edac35d2b8be8ddd884d9ca,16
200,2ddd1c558304da343704f96f8095ff95,2
200,ccef1ed59e7605358408040d2d51ba12,2
201,a083967c224a9014b032ae8fd8d90ca2,2
201,ca7077ca2e9d563e3006213e15ab5e42,2
202,bf0e6382df587bf0637600c21f4bbdb6,2
202,d007557aa69ed207f922172227eb8518,2
203,3381f8076d962ca44fcce0e353c6d6c5,5
203,8d69d167ec6e3373e33f34adef859dff,5
203,d2dddad5eff9b9600052d1ca37d25fc3,5
203,da9d1616fa811e0dd60cb5555f05fa2e,5
203,feb76765b322ba49c62c61f0ae6f23d9,5
204,00c36bcb01167a983ad267ae41ccf01a,3
204,97fbd734bb40b24cba3eb7f867e2e4fc,3
204,a9a7dc6becf17b7220317c22523789e7,3
205,508d3b5fe16d783bb87eb8e5476c25fc,2
205,cec9a85413102d95ab7010e81b863f41,2
206,b37d2312f1d9472e21bb414cdabda0dc,2
206,bf785c7c6be79ef5e26d347e0d1c422f,2
207,6088f6636c5824fb5573e3d2b6d2fb55,6
207,7ce1041db5da836b3af7c27deb95c686,6
207,7f413671602da5141c85847d74ae6d03,6
207,9768107fe07ea6ff189320c7cf6e1223,6
207,9a11dbce1a84ec4a3a710b84c416f07b,6
207,fbf619dd9e760d6612f7e9bae3fc212b,6
208,5d94caf7e01bf9d348e0f9674daccc9f,4
208,904500ba4df3a4eecc1eb06d65d8d50e,4
208,91f7c1bc4708e4b6c89930eb83ebcf50,4
208,99c9e19372b63f308c4d8b0eef740628,4
209,11fe9eaba54eecfdee044dc42b2b16c7,2
209,81c43f35ac07400f28b19e4cd0741f0e,2
210,55836597e4105c0c8aabd0b2d199648f,4
210,609fac0b992849a42d6f1a0946973b83,4
210,7bab79b5f39b2983551fd4acda8b254f,4
210,dd34be107a65042e6ddb1f4d73b77d01,4
211,77eea64b506fc49927dd96e80a43746c,2
211,ba221516b9c06b8452c565533d21e7da,2
212,0366783649072171a5d84845cdd694bb,2
212,f9b7929a7d99f703c1260473f7704ead,2
213,0451c0c2ad2198e6bf2f33a6e2e86c94,2
213,56354c61bbb7b7172a8a9c717e56f256,2
214,39785c745dc74b05c44a6e436cd2bcc8,2
214,e3afc131bfd7e6763ce48f025925b5b0,2
215,4907675dfec6f893fdea6bb31f97a16b,2
215,eb735339d1834d17b20a0e936bed543d,2
216,26467df8415e005aaf95bf1ca10dc95c,5
216,38bf5188423d60e1329bfda30429c8cf,5
216,59333771f70535082019538556b45182,5
216,a64c89b46af6ff1b4193f9ba0fae012b,5
216,f029aa7e4a09237f47c1e5b52225f787,5
217,624757c8201b0d79270d96aa6d15d089,3
217,98819653de89c4467cda648699961e5a,3
217,de009fa94a76526575601549a84ac200,3
218,b5284f2d72e1efd0326299f591480d23,2
218,bc0904d9617fe868439d26bdeaab2383,2
219,213825af0a506bb6e8727c1224b034c3,8
219,26e9bd730740906fbfbdbbbba3b4ed54,8
219,3490ba9f894c0071095a966cc3ef76ea,8
219,7cb47f4ac64e87885237022f2285d541,8
219,a0d388a1c554c14804dca39c83812591,8
219,ee8f2d305a7d95257e64005adc9afa83,8
219,f174b8202fe6afb1ea167afdafd8a69e,8
219,fe54389df1a3b70a88487c710e99e061,8
220,39c510844a58a07b000ab817558f2c29,2
220,3a1910fa17ae088ed91889e124e642d6,2
221,0664cfc9a1452374fb26c957e60e71af,2
221,df86bb964d6da82315c973e9793f2381,2
222,4e25023a60a3cab034e2baef80979d67,2
222,db3af1fdb11fc5adff69c88728621be3,2
223,1d2b4143a931190bc4afa057423113ac,3
223,5df7ce5d90f56f389ce6d0af487ab541,3
223,c9a32337281cce06dc9261e4d3f2edd2,3
224,112219f2cae3698248f88a53aebbcd62,2
224,9d24cb180b1b464979c3c100193b8593,2
225,0190fb8e8e97c2bc76edebd035a4140d,2
225,5e5728640c62887bff7433add07de619,2
226,3247dcf9190be181ed8dc338688aa9cb,2
226,a1b19762553a3fe6043108587b23284f,2
227,7e3b0e0d5248755b32bcb92644c35b90,3
227,a614ceb3dd28e24a384f70846b3d217f,3
227,b1d08916b45fc20c296cdf196a9310b2,3
228,23ecce00412ac9874a9ef761139cab9f,2
228,3641ffa430f353f4ea3aabe532f5dcf6,2
229,4484840478a7acc08a9ab46ebae45465,2
229,c4d116a7667ee858d13c71e8fce1b87c,2
230,19de83936a4f82f6c27f935041bf7926,2
230,ce856bd96d53f5079887feafd1aaac81,2
231,6e1ff9617dbe8c33fcd5ac2207f89929,2
231,e5c1caecedbc3847c11fdb950f77b349,2
232,37171d3706834b8bdc41bd4135a0488f,3
232,4bbf887b454639226b2e50d488336f8d,3
232,64af433846a9a5001c67dc8b3c481bca,3
233,36b8228bc41a6e131f4257b591ed1b60,2
233,42d09b06d5cb47c30c2aa9f39f2561ea,2
234,87438043f68c9dfc04887c01fc25c95d,5
234,89782c5de74406a9fd173c51ee500927,5
234,a99b3b9643b5fe3ded9d97f70a5761af,5
234,b834aa93adba57b1ab51fd33f11b05d8,5
234,e219bd9401362dd4a73149198ebca89d,5
235,1411ce99ffd4ac0bd4b62c8b4505c4b6,2
235,62da2fbc866d08a0426dfa6e2851ed85,2
236,2d853afef374d42e20f0d16995582070,2
236,8f5ea8fe2087e4b791a41a77768e09b6,2
237,01e92ac49ae5ab2b3605c895452603b7,3
237,216eeb867b5292bf76a18a67e7edaf26,3
237,9648fa1a5c8be33fd3c37c7933d7cb9b,3
238,89aafadf3ca17f2c7b762c3f6fad1ac0,3
238,a418562e3225a1958577cf4f8cc3e0f2,3
238,cc76332d7a13f45ea9fd63f588ff84b2,3
239,4f24f4454c5e9286bf45242a7791c082,2
239,9841fcbd005a69d79dfd7015e4b5019f,2
240,57ee22f7b33dd6d4b236beb11b46fb0e,2
240,78e0f74701c05a4b3b688ece3c70f908,2
241,6aa2274f8d618e07653ed2e6ab86ebf8,2
241,a324d71f4dbf3ec3eed53844022d0803,2
242,72414962e35ac029f2d64e238bbdfafc,2
242,ac7f958c6fdb73b3779ac5478ceded96,2
243,cbb0cf275590e15feeb6c9542d8fd272,2
243,d4087b85be4f48bd03e633902839dfaf,2
244,18634e5d54f99b5d44e842a1f20749b9,2
244,4d698021f76b8c8c17cdd867590b7cdf,2
245,0ec5105498c3fc5aeaaf78962a7918b5,3
245,3ed787332691d54a0a2164a06136c75d,3
245,afb229db4fa7896b8c76d6eaa442fce9,3
246,20c3bcd9be28507fc81a7c97e1099ef3,6
246,4774ce688f987d9b28f45d44a0fe8a5a,6
246,6378a760d991fab419e00ad3b1d3675a,6
246,a9acf9924453886d217a156086499d49,6
246,c4b6032200386e488dfc04d4842dbc2b,6
246,ecee434d6ac77a8a9fe7dd4b314afdc2,6
247,38b619438afd5332224f8710cf82f5e9,2
247,e436930e69e37fb51a2f881f44f56030,2
248,0bd5883bf24e86f0af4da200f7c29d2f,4
248,5157e4a6c9f9f4173907327dd7509af3,4
248,52c1ce43bde19cfd19379af8ad1acd3d,4
248,cfea7ab751cca6d2f9b498450ce990ca,4
249,037ab70b4d7e151d3a67e2e7abf2dcfe,2
249,568d4e34201101374494ded903e7eada,2
250,9180c2cfccb38276e3f65430ea98c122,2
250,f111d7c588ee26beaa71aead8a195831,2
251,3cae36288b34f55859af9217b0cf0ac1,2
251,b2afe83f053d4c5ba8c4270acf9e1465,2
252,02bcfdd6e39495d42c1c49d2d2d81d63,2
252,2aa27b9f9462cea49e9a980e97128d29,2
253,4d2220c6d866d3c2fd070eb16f999d3f,2
253,fe7bc78d08fdd35d4406d0c62af130d8,2
254,35466c441d6977ef27c06f9b2f847c93,2
254,8a012d07355b7855317ac32a613d9276,2
255,65a7f638936d150ce186e5f74115666e,2
255,eba8100ac2fc5bc7a15c506711475e32,2
256,3f37e003ba494c278e5653a173d96c74,2
256,94225d646382b58c5d0768f04ac12988,2
257,88db45bd386a52cd5d27af96cf80be89,3
257,acec82555636921c3b6580db0dc5ea10,3
257,e3768bb26df6a131acbde45ded8bddea,3
258,2297ca4d77d92abc8ccc5d672bc73efe,4
258,28bc65a53bb528c028d9d7ade6d5f0b0,4
258,dcdf908fcd5f475ee7e757062dceb4cf,4
258,f784b83555b828ab3b00438319bb0618,4
259,44cc27aaf0fdd1374a9157e99d0b4879,2
259,aad9f397dd04cbf22b73ef45d701959e,2
260,3fa147e575ff06ecd05f7f3a5f338395,2
260,f6e1edb0f2bb03fd0989cdcb73dca2c1,2
261,a1fa0c09110001f6cf3a35d0ad5bec42,2
261,e44fad1a970dce3a6e6411de5dd25fa7,2
262,07d79f8399d55e6080d9d735ca8b88b4,4
262,3b086b878894e06dd7ab21b9ef5ce192,4
262,bfd89edc4365b7ba583dad3700940a41,4
262,f6fe14f532c272cb940e36fc2308f955,4
263,b980605e951c594a1abc95602769be0e,2
263,d91f4457f56d4644a18ca6849e1d7c71,2
264,6320542b3c82b470956a5db5ac18cfc1,3
264,d2abad2e76a84cba309cbff10591e992,3
264,fa81a46372456635b54fcfffc8e980eb,3
265,078eb280422614936d8ec8656da2c328,2
265,b4aaab57f3c42a2af51b7d88223bc2b5,2
266,109164ad149e139ea7c05cb66b3da487,2
266,6ea7e7f99e61a3fa4217e4f697c004eb,2
267,926a63aa082f3ee8ce213809d777df89,2
267,e2740bd6872fb559a90fa3f2432067df,2
268,248ab9a648741027201715bcf0b11d9b,3
268,4b4f6180593c9d6c27b734bc0c4e9d69,3
268,8e4d71968b75d708ca501c1a78064d58,3
269,ae62be5f3c5bc7e7f4f7ca28e916be57,2
269,e9dd271743e172c9c87554e0b93e2c68,2
270,03d7508a6fc6e4b3516e13a32b649116,9
270,095295195b85f810a54a049e7cad5b98,9
270,1930623a0d31bdbec61f13af0c7b726d,9
270,3be8cf3c0b43d9eb62caf00bcc23844c,9
270,913e318da94b59a8d6046e4af2b110b2,9
270,a9a0b988438e6b4099ef935faaea0d4e,9
270,b3bec09724ec1f151a9f50b081928b1f,9
270,dac83ab1cffc0e0f18a438e507be0f44,9
270,de0ef0c0133a44d4a5cdf85513be4d19,9
271,1e8f87a2c96d8c0f40922e8c28482bdb,3
271,259f068f12dae42e6e581dc4c932328b,3
271,cdc114295f07b0e3be73c7a2a3a6f660,3
272,0bbe83ebe625b09a2e37dca7ac876572,3
272,478239a24adebce0825573a67c67e8b6,3
272,f666808ae558503ab32e3e1f72c46a13,3
273,4ce2eaf1504c27b00ebd74b76ad61919,3
273,8def962212e44b5ab40ee11e68d7a59e,3
273,98aec8ce8e7a53adc38cd7bbf0936cd2,3
274,34b4e1a10a963213ddf107c0b42d9be1,2
274,7ae266324a845fd4619ac5ec818cf461,2
275,3bac35fab5ae5753dca4a32cab9d17e0,3
275,6cd1e4f7afae963bbc82366318490395,3
275,88e519f7a815686995354a9d83a398ba,3
276,a8d8ecfc1ad55d02b0e2acecc15bf00f,2
276,bb6b09aa1a5feb4e60567eab012ce525,2
277,4100b59b67e3601215c23a91de6bf741,2
277,9160c92717744f1081deef77229849d4,2
278,8176b425db6667db34030e25e0a5e55a,2
278,c0a1573be8e221951a373b6767e0b0e9,2
279,382c0548ef7ea2c366c4cdffa2b6e01c,2
279,c08945dd0910ec6a91d56fdb51cd4b3e,2
280,9b9139bc6bd059b231cf851ed8a86027,2
280,dcedae7c71629ef5a4fb44af092b2018,2
281,1ad57a9b563d0c44e0eebf06828d8289,2
281,cbbb5c357edd5f87400dc9d1914dce67,2
282,ab0d9a149d31eb88b4d4352081ba3f80,2
282,dc30168cab9db6f0f6df788df789ce23,2
283,545039dfa8f704283fa86aae5400eeb4,2
283,b04ede1f6562f8da4cf7a188a492011f,2
284,dd7f56070598b893888535c89587ec4f,2
284,f22103ef507b537a56ef3c7cc31505dd,2
285,008a12c92f408ab9f641854e2bc39c23,5
285,15a06fca50dc57a66a548775ebb0e32b,5
285,78804a68ae8681473d12bf98a904903e,5
285,ba1def4763b957e5016048669b2b0f71,5
285,e212b97c6517959c8da300396f4b610f,5
286,7401d1d1f7b3f631de2ef9c7d4e193d9,2
286,844c9bde4c73025c7abafc6bd25bc457,2
287,2564e38678a38e7422f8a16287efe285,2
287,e6fd2ef8183188b21ee42dc9f8795fca,2
288,11c1a4fa707497d4e9dfd18418d79320,3
288,1fdc7da36b4b8c3bcc2199e458a34ce8,3
288,8c7dda1b55563bbe1e4a903689150996,3
289,2de520d31e5c1a686cd661c81207e39c,2
289,35b2707b973d266fd6056f04a0a7fe8e,2
290,13ee5ea7e62db5f46089b6892e3f2208,21
290,166b44da28ad874a9226849a2e396898,21
290,1dffe98bd8ec345e7ae79f93d0984a3c,21
290,2558749442c92083530014f1a3705830,21
290,25c05e8349de6ac1d5f01ccb06d7d3d7,21
290,291208ae76866c183339043c574d20a1,21
290,3b24f026aee6ff1b3cf8d25f10ed6ef8,21
290,438dc4363feec8987b0d2ad7b46e759d,21
290,4ca81beeebe3277908537993497660af,21
290,546fa4515ea12e151cee94015062c683,21
290,5a7f2d09ac545ff5e846ab277a21e6c4,21
290,5fdea5608c3adfaef8196633132589e5,21
290,61f28d43da0b58c0288b31765ae7de42,21
290,8b39cce9f67dc2126bd678295d22140d,21
290,8c8b28bdca7e59da36845dd4ce4c617d,21
290,aab4fb00d91806e63e04114d9b56e2e8,21
290,b479d6b5d304e52f6671439f4c44927b,21
290,c052c20e8486fc51e81125d448b09fd7,21
290,ef29e51573dc1ff682487041f9456a94,21
290,f34fa25e842d247e904a7b8826ceddf8,21
290,fdcde22a7b2734cf7f22d8270d6c0f55,21
291,45485b94cee9f269f9f238a1ab41814f,2
291,9a4ed4dbf16b6495b8d3f4ea8d2e11ad,2
292,c2deda5029f827533339f9b101a51613,2
292,d4628a9c0c22eee62ef2ba78f2b17c8f,2
293,2161fbfc8d335e8c549896df94c65cbf,3
293,a8e7d15c40dbffce08f347cd29b2934f,3
293,ec9144e4eee3df6b7eb6d190602013ec,3
294,2e135c538e211142d4b943c3b49f87ab,2
294,93f080c83cb42d211b8b2498126e2ced,2
295,879ecd9bc7414258c696809605f4e16d,2
295,bc22071ea4ea4b27e4d4c5e85a356879,2
296,28f1ca9396081d7ee741236fa17cf22a,6
296,6c43b8f9781ab9145f6b15a11737471d,6
296,6ec0ff3fa0ab1fd9c2996e0effc7254a,6
296,8177ae289fe421df93cefad66dc19599,6
296,e2b925632a76d6b002a0ac8dbe3dc30b,6
296,e6633d2cd20b0e6fc9aa75ff6f01e4d9,6
297,7380368f48afd9311b4b6440e15b9695,3
297,ab4efef787c4b76938fb778b99137dd5,3
297,d00021045eb0b0946a9159752d4f3de2,3
298,b52baecd36aa3ffa7d232f9a747b0dfd,2
298,ed9a4db57fea43356e33f55ed7fc0601,2
299,e0c71ae349fb10e7b9b377aaf78b3740,2
299,ea049302a5481da7c56efa223c636987,2
300,255cce4e0f5b922e8352f4a37bdb4d7c,3
300,aa0a81ab3425d3cbc53b41b7fa6d6482,3
300,b78e05e80fbdaada08da68bf7673b409,3
301,0309af813b896833f52901103ffc25a6,2
301,6416dbe97520f6f69d12e2bcdb57b957,2
302,1e41beb10365e42c987479375ae5798c,2
302,334be766612c68a98e2d4d0de2bc589b,2
303,3d5e37842b659719edafc64a8b5d1a25,6
303,7d7c4bf0b6c7444200b8a692dfe7c6d9,6
303,a18ba66b1b2508c1c577cecd5c1fed0d,6
303,a5001d531c150995ba658628204c3da8,6
303,f98f93fb1ce1983a3ba7868c3892f5c0,6
303,fc33085d910d6d46328a6d7d3958c7b7,6
304,08f7368f75498ed627c50b55bad89656,6
304,3a9e274de0c90785f3e341a7268ecce3,6
304,46b576bb99487bfd5f031b4ba9670cf0,6
304,91309440171d34fb08f4149516cd2722,6
304,e98726bce5b6e1d4d5bebee751a5b430,6
304,f99aa256bed11425510cacc00f048555,6
305,22179a092ac888a91903418c66f2681f,2
305,5980c61ba8fb19eba5cb8a06d97ee298,2
306,04236c83e4404a00cd31a766f1510a66,2
306,1807cad5e881595e2c97785e8301dcb4,2
307,0ec8a10111908851ea5f5f3ef9394ef7,7
307,2a6d5d19e552600b1f4aaa7f79af5ecd,7
307,2c8c6514de0e6a85a1362cd75251d6ad,7
307,64740f7e826b099f6a724767bf74ad7e,7
307,8ec3789e3afbda341cb47d7c184eb546,7
307,e6cfb2bf74a09e1026b9de12a9f0ddf3,7
307,f4e44e57038551b0adf6e38bffcbbf98,7
308,81893498183e0a18bab2e887aab92575,3
308,8977d475d556da7de88055bca39acb78,3
308,b247018cddaf35cacf2355abc0ef4350,3
309,20b071145c3b1309fd84d5db23cf3719,6
309,2ac341ad38237563405b643c9333fa7b,6
309,2d166b226a6441ab6d1d663afb8d687e,6
309,32b134fe1d2ba2286eb647ab331d7344,6
309,455a5824b2ea45028a0a0c4720178a50,6
309,ab859376bb3b92d82a7df5307aa7aee0,6
310,7b0ac512b5e838acd10b80804cfadedf,3
310,8001450b5cd4ed8c60e68b8fe5ae59bc,3
310,d9aa75ebb723e1fe785905e11a443f43,3
311,9949ca6cc53e672654a19e388ebff6cd,2
311,f3e7a4b2947caa1eb74ccba990ae8fd9,2
312,2d4c5822038a839f4e0769d629482d8e,6
312,6c726899100be567c125df67390a3ca1,6
312,99006a4c695b5d014e563a97fc811c13,6
312,d8587552a39aba241c195dcfe4235011,6
312,da5f627156c46b6b9412f394df491833,6
312,fbdc84517f2fbbb3983928f78a333c51,6
313,490a426c77893e3d123892cf6b0c0c4b,2
313,682ca11d5dff90f02541780f8a3b8161,2
314,46af1f7c5bcd4db1d73107c959a3ebab,2
314,4c27e6255700ada7b52402cb3bf67b4b,2
315,4cc2ba227ef2ae1c814cb140d53351ab,3
315,86a03430711a142e9d9aba2433f9ed4a,3
315,8c9a06396e1c2b63b65f90ddaa313406,3
316,177c4e411eab353aed5ef852b9f3ee8e,4
316,5fa1fca4b6a451ee45eea3d46b032596,4
316,c035a33aa5d33e438f6924c70ddbd3fd,4
316,d58044e17f5dca2d6ee89f8be7b96923,4
317,2380fe7d698b28e0a4cba442912fd493,2
317,5567ce6e0c12f87adf3fadc8abf8dc40,2
318,2c59c468c9db5f4235f6aacd8f710f8b,3
318,329ebf4dbf726400cd830564b49da494,3
318,bb98e71a7185c0cba7c18a371b724944,3
319,9de71449ed22ad205dd58051a19f11f8,2
319,e71e9bdb8cc625f674d29b25806ecfcf,2
320,0b64c335ac157b7aaabd6479923b2783,2
320,c80abc913ad7e0a0133b18233e0bba11,2
321,52f5c12893ba8ee647e3e3a0aa59d554,4
321,9a4bf6f049fec67323a8814ef5dad677,4
321,a730488a44a45520a46bd3f1cf61e0cb,4
321,af64dd66679d8f3e7d7ff2abe4ce83ac,4
322,019444dc887004808d8dcb2db026539e,2
322,8a3d4b053efbd27f79382e683f663dc1,2
323,0c8c7a07847ad9da507076050326e8c4,2
323,3cba1587ad412a6ed4455f1498b88778,2
324,ac0a0c35e4925524278ffbdc3d808066,2
324,ac45ff2da9363c3eeee276b8aa69a81b,2
325,6438bba4b9389931e97be643c67c37ec,2
325,8633e42cd25abb698be79fa5d6e5d314,2
326,746526bdf90f16f7d8f779e296cc9f25,2
326,e037b42b41d67561e36f2312b54e268f,2
327,29884c8dc780ce080bea2118cae8b086,2
327,574050a39696e14dca96d3f2d12f967f,2
328,77919216f61dd6019fe68310adce1a12,2
328,a7dba4e52ce61bac3301e3fb2a5a82da,2
329,4280f369a600f486b914c34a479c93e3,2
329,447014162c1bd85fbd2ec557d3d911d4,2
330,285de3edbaab86bf43142966fabc14b3,2
330,fd49c75594fa5bf7eda86a1b8e14a685,2
331,16bc287d9adbc8ce3174cc940e584a82,2
331,2c84068c03dd9201a4eb2d5a04d379fc,2
332,09d0be8d910c07fdaaccee428c2a49e7,2
332,b6d80c9c11a4235eb376d11da79d98c7,2
333,20914b0f3795d8757eebcb31829ab40b,2
333,35c71f518e59bd79a92e1f249deb96f9,2
334,297c617e357fc72d0ef8d8140e182adf,2
334,cb031db97c9356368021826d3fbbb444,2
335,13df21b629cc59bf36a34b46dfa79841,6
335,1fb628fd05757252bd5ecf949f26d2d7,6
335,4839e96e5323e3e5deb5c695a05ae2f4,6
335,4d023561f270a99fc2fa6fa339a01edd,6
335,60d80a8d0da0aa9cba14ce7f2c6d39bc,6
335,640d4c841046e50953791a7eae68c743,6
336,11d56693c0907f27a7d37bfb8b25e477,2
336,c23edf91f3567eae99105f1e12cb064d,2
337,0586e466a2590b2d876dc5b94da3e6e6,7
337,4b89a81ff084f56f97c54fbd9df797a6,7
337,5967ed53419948c4dc714880e09123b5,7
337,7df1e1e368aa842ed34a906f3044b792,7
337,9505478cae2a854cc0f985e24b9b12f4,7
337,b2a7338d9cce0e7b1f270fe6a3bcdd25,7
337,e2d83492668d2cc63f6520f879b8cd05,7
338,1a256afa07293a492e349d4ddd8da780,4
338,519952fb528a2fb46d95b259fbc788d8,4
338,5bedd7f7c5ec78665901912696bd302d,4
338,8aa82311095d6d8b8eb77344e0f0e9b9,4
339,8db25a3083c70fbcf26d4300f991b52e,2
339,eb98c1496900065f6896832c83136661,2
340,c3d0b7f7a1a64fd5382189a53515c8a9,2
340,fb2936a1b177c091249eedc2b761e723,2
341,25cd58d7ac8efc1bc1a59a4274c6b5ae,11
341,54b636953555e5d79a22fddf2af6c784,11
341,652106f792025da3cb9a68fc3e73c044,11
341,6898e0bfa9b8f485c3dff1f1f0c33b66,11
341,7725e217881054504753209bc83f1f9c,11
341,809c5b782795c1ba3da4de1a6ed1ddc8,11
341,9edc7d1be8fb5da3f234d7cc074d7962,11
341,aa5671239444dd9e1e1fdcba1612cf63,11
341,b20ccc21b199a427f9cc93f62e6f28dd,11
341,c7b3fbb055a222ec237e8f03c85ffe3b,11
341,dc1fa6908933f9ea77c5c97acb0df95e,11
342,8049400b684cf5c988bb6f61bb1d2914,3
342,8722be0729170a497eca009b40f22348,3
342,9784f036fa0dadf2a0204be68622a29a,3
343,094b0aa6eab38343ebaa3f7d113113a4,4
343,31040a65b97aa4388ea00666a036aa87,4
343,74166a96f9c1636fbb72c43112aae5b4,4
343,8a9ecb8cd10c3a5b44189c5ef2ec31ac,4
344,874c86be3685308fb1139f674b3e8c3c,2
344,bb97673cf41e74cf0c4e182307e11cb0,2
345,7c42377e00c533856a7428c34df274ed,2
345,973241f0c93a3a45f179c68655902c33,2
346,3453a2fa7a88f8814c02975d1e3ceae2,2
346,d5f966548c45af15c057da86c2c7b482,2
347,48a367e2319362127fa9a7bbfcc8aae7,2
347,49f86d43a17a57fd392c3a1682a8669d,2
348,2b2a72d848a6fa9eb2bb6648cd71fedf,3
348,5d7397b4e1f830c29f70e27a13bbb724,3
348,988cdebe2d5355df7087610acb3edd7f,3
349,118d2013c7c0fac4cca2d0a38c6cbfe3,4
349,735bad2d5caa6f2a28098c75f1f36666,4
349,7c3f1f4a528e3c6332b3c2f627595709,4
349,cbc34221287df23e611e2b891b636ed7,4
350,4195d56016da836ea5de57c6e1872a10,4
350,75dfec0d2f994252ad9f965488b4dff1,4
350,999548f9880da7421eeca3bf7c12f640,4
350,bc823fd15a22cc07ed7b42f895961e2a,4
351,06f55126a7f333b332fe9cb98f26ea95,3
351,a0105277e8f3aa14380104617287182d,3
351,db44caabc0ecefa3bd3d4b169622627a,3
352,1d49b8d65f0528dcd3c9d70f5c02f1e2,2
352,91e5039f21a05e19ef0abc45dacffc23,2
353,229c81bab1183c210e0ffa2d89b69592,2
353,9681d5336965a40c1321787788af095b,2
354,8e2353710dca9f849293984febc49add,2
354,f4bcf6cf4739a3509fc42e136ba2dc04,2
355,93f6292b9578a40d6de41878c61ade80,2
355,97690dfef36ef0a1a5ba643c13636099,2
356,50eea1824437adeaeb7571f82ea7f8e3,2
356,916d40c1666ea63f8f04e841960e9896,2
357,235cc7f7d5be58da3043d6c72f55f0a9,2
357,6eb2f12ada0cbde1b08c0ae3213b6e2f,2
358,1ec142dae826d4582f5de3bb12226b9c,2
358,20b19d9fe4e2eb500f985a8e550736c9,2
359,595490260bb9e353370619ef51ebb66a,2
359,f929ad307971e5c36acf461146551b38,2
360,3b4ca9b6b702b6aa84be4723fa7bc9a8,2
360,b3c545c2158cb67f870ad20963805ab7,2
361,0008ebc5cefeec12daa8a8925e884aa8,2
361,7aba11f8179f9c723f8c66c62453aac2,2
362,215aa7f86414f906316d18ac4a6c5675,2
362,d3cda0c2066e9b980696e27f9cace570,2
363,5552355625eb4d8dc3b899b2e01d0e97,2
363,c94629dc5ed80038994c89abb5fc3400,2
364,c9704cb315c9106d87f8a3e8cc99e345,2
364,f78173ca68cf5a0fdd0e9c0ad4648ad7,2
365,260b796ba0051819396a38029a0efc05,3
365,a3f4816df4ac272803d9b5fa01f4ccbb,3
365,f873615496004c253dda686305edfc1c,3
366,772a9cdb8189baa689c40386310a3fac,2
366,d13ff06016855ed89f6811399092f2af,2
367,2a323e7924987f7ccc14a9a071ba90cd,3
367,5fd3470c7cf09ce1b89923a1583a4abb,3
367,7d1242692122c8dc989b5f10aee576c7,3
368,3310f92314838767d14a0b555f6f2d18,2
368,f7e795bd55a50120e64e29e022aae967,2
369,1cc7188a5d2f4583812c0d1ce926a0b9,2
369,9f6e8af8007f92aa4edf9433dfbfcf91,2
370,a1f148583416034c03b3cbb4955ae67c,2
370,ccc06d826ab74b8c15ba2e88805c45db,2
371,5ef0105b62f4de93fdcc1b97e290e8e4,2
371,deea85c3a9c0e094cc17c41663b0ce03,2
372,08b6cf1e361e997bb4d1d2721147ca49,5
372,384731956511330b290a0018fce9da0f,5
372,5f6f18af2f3173e03bf03e134f0b7795,5
372,defa54dec9f5c15bf9d3e587bba4e08f,5
372,ee53ecd4b2731c91a4d48ba8014e1053,5
373,55eb1a4beb65fffbfe43879a19cf6602,4
373,7a8b978f707aa5b9ec8e5391b45e5f16,4
373,9ca8f021b43962fed3a67a98ce3fc39e,4
373,af3878ab3dbb3d2db3fe8fdf8f1f7e0c,4
374,0fe3a322fb95df1b1d686d55c54e6981,3
374,47e20049f0e427707a6abf59c1742386,3
374,7f5165758ea3d2d468f759966513acd0,3
375,457cfc39344a60e8a357a8e3ae40d1c4,2
375,cdb53fc4b3364ba6d11e636f2c1872db,2
376,1bc88c6b2a1b97992bda03f7db67820a,2
376,97866ac98cf1ed38a56e2ff1c10d26ca,2
377,1d93b0891d0b0fa6071528c18ab440d7,4
377,2e54d04b0161b55732c483b288ce27b5,4
377,8b9281d081018bf0fc444bbfa9b1eeb1,4
377,ac8721b39a49785e4622401cec79fc55,4
378,5fb3b854b84151703deee03f3e14304a,2
378,82cc250371a080c4e4a9e30c9f4d104f,2
379,37052f1bdfc61e6dfcb581e7aab4e952,6
379,429418c7e2ead92ea5dade18c36ca798,6
379,5a2f53dc95d5325787c424e44e9a3015,6
379,90583781b41c1dc82d98a0dd7beb801f,6
379,c7cd54a0d3902c89ea369f8bfa398e15,6
379,f945de5626cd569b19e66e2d8dd69fd0,6
380,6f2a5bdb42a65abc9008c0366d2042f6,3
380,87f9279c2f1f24fc66528c0e72452da0,3
380,8c726add7ca2a8f03a00e62003e560ba,3
381,08c8000c01ff2a6ffb75bf1020dcd835,2
381,c3c89aa21cadf512e0f87aa43613c7bb,2
382,38dfd41f825c72d128af6e80cfb15a6e,2
382,a724c74e517e97684f7f3197caee8869,2
383,1f43defe875bee2973627ed6592ef0a1,15
383,3308e4454f3fced95d7ac4fec0e91c4c,15
383,4d0b3212d74acc5b803570f8b24bb478,15
383,5ab32d6fb65fc27959e9960acc6602d7,15
383,6677ba7409dd4a78c5d09c6f3160c102,15
383,9974b69b5380d24decbb1d8456392803,15
383,a24f5af5d11dac731756d69d3a657554,15
383,a721349b263f6f8e06055ffe7c171649,15
383,b4d51f32089f4cc8a669a1019ffc8ec3,15
383,c66522e869e4ffd1fdbba0b4ba75d955,15
383,c79a561df18924c4a66fff06cd405416,15
383,d69ace36e297e2402a36d3661eff5a22,15
383,e95d29eb5e6ae79ddb19ad02af9f3fb7,15
383,f790162df0db5188a92bc9b2d742b551,15
383,f897af7ddc109d5994fe0eca2f19eb46,15
384,0c686dfb2f6ee7799b3d9343b71862f8,3
384,0fab8ac44a061513483adc60a04535f6,3
384,53c069c6a66e5ec2908ae34ddf68dcbc,3
385,36893c3c377682361a6da839dc188d73,2
385,7c960dfc11bec52093bd8142b60b4d48,2
386,1d6da87ed37d3272f4a521f5463aada3,4
386,1f6a17187ab37bf0ab4c3146d7a1769e,4
386,3ef9d30adc4be972f391fa4f1139120d,4
386,b557e9decbde49a93011e82827b40671,4
387,0a8e9448fd8f8ce5b5521957fdc8589c,2
387,8de99722af4b6caabf1b920ff5653c55,2
388,b491e24c283c52b1c87780054f4aa04b,2
388,fd072e92a163eeb4c0fb73e9192a1cec,2
389,c649de8c7926e8a766591aacdc4b611f,2
389,dc09beab7dfdbfa8ba8bd02cf562b497,2
390,277203d6606d548f81ae4aa94175a982,2
390,9da6fd9a75caa44ce19f78add5e8c564,2
391,a03faaa981fa17d44754aa795288ae0f,2
391,fbd54cc43646efadd40630f7a78423f0,2
392,aa91b8b7c116c25d5a8cb4116dc1fd26,3
392,ef5711c639dc8e051165ac5a335478f6,3
392,f0456d36179d4f44b394395b195d4578,3
393,2cd2a3617e5c6dfecdb8dec902962db4,2
393,7d1b359102faa9204af226d63c90e59a,2
394,19e70fa112857359bbe11520e6690635,2
394,aa082c09e5c3506e2056ce3ee53214e0,2
395,492904b44e1d1b7c773a26a547ae2971,2
395,49ee9d3c121604c58a0a72d04ffacd9a,2
396,07a7014cb611a3fb86540005f30be5e9,2
396,142b63214415c3c60a0ff805a0b7cf14,2
397,5015f3203e2986c9e9e1b518db8f03e3,2
397,50ee33a03ddd20dc308f72f4410b1c5a,2
398,29bd6ec543baed36c240fd37084abfd7,2
398,8ee07d8ee00c7aa070ba9e2304a1616c,2
399,913b7ec1947677e97665418184e8417d,2
399,d13d1d675099af7db4d34bbafa0728d3,2
400,59c3435a8419c18468272bb738f1c7e1,3
400,77d628a00b996eacee8edf5d803851a0,3
400,93119ec2b5204a7478f4161c2bf5554a,3
401,121908813f59c6e55d2ab2da84929ec9,3
401,3173d3fa466c911fdeedb78edb9450d6,3
401,918449c6fe6d39a251e10df6f4d0de6f,3
402,080d1e63a5c52a3e171676decc6f8665,2
402,a9935fc8c809107f91042c68726b532d,2
403,59fc7a90dcaa908069680bee6afaeb1b,2
403,d5601e31fa37533f4aee158ed1d156c2,2
404,0fed3720a74b8f9f4273b0bed6b1984b,3
404,ddf145d8c4987051504e51f4186466f3,3
404,e927f341d29b94c4542c0a614a523f86,3
405,508b9c72f97888875d328489fc4814db,2
405,63b7329788bd4fcafe022fba7bffb7b9,2
406,8da3723a38bb7226cfdc146f87a4dd26,2
406,c4b3c5bdff7353b9412adbc1fe6cb706,2
407,a337b26c5202c486afc9ef9c8920517e,3
407,c9f498d8ced6d6c03906b1762b0fa377,3
407,e351ac5a6b3cbf5198adfa9b913e3f6a,3
408,138a41eb5c3877219ee67adea2241ca1,2
408,fa70d1ca0368785c0e2ea3df0c8c610a,2
409,10dbda4e50f6ee205ea7ee11154ee814,5
409,2a95dc6be72ba57537daae7d43e64f25,5
409,2b72444756cc745f0e4eeb31f8906814,5
409,2d5c35145feab74b724cf266b77183b7,5
409,da267c45ce8a5b70d8713f0332146a9a,5
410,023ecff50e698d19f0ce1cdc63680041,4
410,2ba7f16ee9bf0fab1dc10144ad1d658b,4
410,dd7b0130ad350a99cc7fbeb5b6492646,4
410,fdfddfd2345aa56d55095a16ec5e4688,4
411,609a74a4bf255ef9fbdecb0afeda684a,2
411,7896a738e2186b094ee465a15783532f,2
412,ab74090e01a6fa8059e3217049f1e081,2
412,f3cce4d8bb15937782283b21b60696c1,2
413,9226efbcd50c83fd7753e3b3489cf987,4
413,99fc8f567b7a786285a28753cebf33b4,4
413,9ee5945bbdbebe8f609886878b65225d,4
413,b2defe37f0fbea093bf98874fcd42b51,4
414,a755980d319690e43033d9c9a6f7193f,2
414,dd4ccb4aff8369623f3b7c0cbb5a6c1f,2
415,44c17475d46c276e5ec4e0ac16e36a53,2
415,92a003abfe34232874ba96bd1dc43965,2
416,9477b30735d672ba648f57f538c05875,2
416,b66a45041aa50b9586d262ddc028ff5e,2
417,03d0647e52185ea31d3482efa6417cdf,2
417,c9236aca2823a2eefa4fd9f5025e2844,2
418,9b887de85369324330bc8bd9d0e7c0d7,2
418,d96d889683006e815b945f9ebd312b4b,2
419,ea0d1f55508af5e5ebea21edd6d4ff94,2
419,fb1b252d7ffb21ee0fcb5a315a94ae28,2
420,4d132242925e01dde73937d3f61f4a4c,2
420,cb50f036b99c39cac7b192a129a14f09,2
421,c7e47929e449d70e2e33a2894a82f941,2
421,dc251996f8e1951002c68ba1210fae17,2
422,2134809c65e910d6abb4f80249d1ea51,2
422,d823071fe7aaed0bfd140b993f06a986,2
423,745ab374328631097a5a25f32e803af8,2
423,bc9f0407aeb14715dc650109e270349a,2
424,768ff0db5abb94d7614f7e224d94a850,2
424,7ec0814a292c745d663cfafb035ce5c8,2
425,488015645aaf78fc29a620dd9fd5e9fa,2
425,518a600ed8fcdd772a6509bba7da988f,2
426,0720f2938ed92e64c9f66a4a601259fc,2
426,fc4aefa35135a3d68ce9b54e0dbc0373,2
427,6b5fb84481b88a46cdaf7c9b9564ff93,2
427,7396f9f71ce79b66ec96bbe0d6495ba9,2
428,8d4f7df5fca3afd864066dae4e4705bf,2
428,b4da3d168520ca97328dcea5f8a62035,2
429,b6f01cd4d787cf7b871904565f232b9d,2
429,b6fea0a8b147e73110dc725ed37651fe,2
430,6896d12e25877d2eeb1d7825c71539cc,2
430,9469aec30c700c99f2784aee7185504d,2
431,31f6e6a3cfa3eaacf5f1a0eb9c875dd3,4
431,5cac5c44acf61aa91dcdc3512440eda5,4
431,9586b6a449bcc0fb3d7979e9a21d27c5,4
431,dceb9cca7b96e8761bd5e7e920b4180e,4
432,076dd2370fa12277079763135f6932ad,2
432,e1dc57df61dc39babae787673f757890,2
433,2e66b2bca8a6a11d051d789bf3e074d5,5
433,32f8fead74e56afd65e1a9a2074b04d0,5
433,85f8e66a5781d1c060a9277baac2c01c,5
433,95f2a4113af3c6d76fd6b2e943fb2d1f,5
433,ee66f47d60a16db544fd7dd4e982b55d,5
434,aa808b5da06328a23ed32fc56f3ab479,2
434,c774b9a6bc994e621476b0ad765860de,2
435,509fa90ce4b6ea118ffb4e6859c7d176,2
435,f612284aecca5c71270b624b3efdd480,2
436,04bad04488c2b1fd7737e2829607dea4,2
436,6b4fb8a449bee5fb28cdc8bddad34782,2
437,bb6a52793f9a7960b4ddf091ac250c05,2
437,eca0b4bb89016fd18fada95a1c7cd6b8,2
438,61bae61929cd7b3dee2a2d0269817464,3
438,7cab2669bf20377f65e6f0b393d86e7d,3
438,c91f7fad00e1ebe7011b4f089651f404,3
439,3f794e9c03819143a1a796b23e3713d2,4
439,9d2db67c9e99927bff188343ab13a4b8,4
439,b3b047e45e4c5caba26b91440bbed4b1,4
439,c83a2f6130b8c009b045bfda5c99f5f5,4
440,3c28c3b5c45e072dd97c5c7b34e93ac2,3
440,60da33bef35380b5dcc077bfa5a36719,3
440,abba862807038ae52accc670bf32321c,3
441,d61c0411803296c232ae468b67a20364,2
441,e616af2e99592d074221d0cff5402f03,2
442,008390c65cb1ba68bbe7bd866e87e54d,10
442,076ca32e3fdd62e5d60c2639d4b1af58,10
442,51d70085ad914112f24dc3453a454710,10
442,66009a3acaa448ef91e8332bb09ebb11,10
442,77bbe570990358bdaab559e984e77abd,10
442,7fd1ce667b3e25be2d88caf90a47f011,10
442,8a6e662e98b40b0b26a5f750b310c281,10
442,c405c112dbc3a3282ea57d0c4042424f,10
442,f1ec78315d5491bef2c58a9a1d38da4e,10
442,fe9722c2c86652df1f7ba613fbf9db7b,10
443,4fd6f05dacf0c8d4e3a9e8c553232b0a,2
443,e2e7d0407b89b8c1f35df2cc9c3471f4,2
444,0c9931a6c4ce1f96ec3cd1c6f596d8d3,2
444,1c3c45a8509673613d14e6e9914a9099,2
445,135524546b389d23f4419b18c7aa8ecf,2
445,e59c4b42045671a4097628f2bd9f5951,2
446,4fc6b26084617cfd873665789efc6b7a,2
446,6fa5234f190a6b181ec3d0770791e843,2
447,78a053741a6735198f38c89196658899,2
447,a93797cd4d85b3afa07b930d8fb1739a,2
448,1255a31e05163f91d8c955a71f96add1,2
448,a78ede7938b40ab936e2e5a30b4676ec,2
449,048fa0f493b3018b79b52fc7b70b374b,3
449,0eb803da01f77182d0cc4287b4ed04e1,3
449,1ca879e5dc6950f8ba828f6f4bc50311,3
450,3ee6afb6bb2563d616ab7960da0a4a5a,2
450,61bed0c6b849348384696068cb526b63,2
451,6465d88b128d68b9f0b457a9ab4cc5b7,2
451,8d229acca6880f2c66243bf0fb4366dc,2
452,4fd0d03f78a0527b72c1a04070ccb8ad,2
452,d645dd000262474635dca6112b7755a1,2
453,0da45b284385dad9e7cdcbcf21f9e953,2
453,94153b12fe39fcd8398376d151b0fb6e,2
454,0e397ab833ac03e782ef8a3f1b47e0b5,2
454,6553d54144833ac8187709e1c78ae939,2
455,4bd1d796fb7a65719e324e888d8fd5af,2
455,5a1abac12a482b9934db55965bd116b8,2
456,1460f2f76bf21a146c6d57f03dfced6d,2
456,c77b00c5de036d52291bda6df878933b,2
457,26c706012ca9746b51ff1b541c84ae0b,2
457,ff975321376e0b3b99637680ec3b1ea0,2
458,02b7cbf421e27150f5f0a40470b127ce,2
458,798350f8aa46bf13e1763c05530aa00e,2
459,6e086ac3c1018541befc4eec664f36e9,3
459,772a45c37777215dc516be56182e72a5,3
459,f16f1ff67c430009c57c8634ee7cff16,3
460,55c22e9ab0dbd2d9c9c0e5f98772a586,2
460,f044966bb5d387f00e95ff0839bd5568,2
461,e0e1b940b7bfdda834634bead17b91b8,2
461,eebb2e6369c9cfaa7ca0ca6b4c25e94f,2
462,6b8966dc949eacfd8781ad74adba7b8b,2
462,9c0e65500c41ecdf24fdc9bcdecfadac,2
463,14dbb84721ed3b21baad713564d74bab,2
463,400d91efb7378ff40651bc31f9512024,2
464,8dcebbaa6b6047e3d8b5abb63d1e61a0,2
464,cda30abe0547d8da0d1ff2d1040186eb,2
465,b61c0558944c32f52f292d26f4abcc3e,2
465,e845dfb455a9ce0a46876cb58b721452,2
